X,A,epsilon,v3_A,sign,r_upper,observed_count,observed_weight,predicted_weight,singular_series
1000000,10,-1,0,1,100000,1307,16437.80113343035,16946.234341831387,1.760432921244614
1000000,10,1,0,1,99999,1351,16987.948590411295,16946.081432504285,1.760432921244614
1000000,20,-1,0,1,50000,726,9131.129194146182,9088.960563469245,1.760432921244614
1000000,20,1,0,1,49999,702,8809.887443174133,9088.797858236103,1.760432921244614
1000000,30,-1,1,-1,33333,1031,12968.132894430479,12657.182460821039,3.520865842489228
1000000,30,1,1,-1,33333,992,12447.88225806957,12657.182460821039,3.520865842489228
1000000,40,-1,0,1,25000,391,4891.973796321865,4901.118519364531,1.760432921244614
1000000,40,1,0,1,24999,380,4774.108528098863,4900.944677108394,1.760432921244614
1000000,50,-1,0,1,20000,330,4151.303127124612,4022.553056561512,1.760432921244614
1000000,50,1,0,1,19999,300,3744.409302027465,4022.3752972261295,1.760432921244614
1000000,60,-1,1,-1,16666,530,6657.1088993298235,6849.098734533833,3.520865842489228
1000000,60,1,1,-1,16666,560,7006.869722957337,6849.098734533833,3.520865842489228
1000000,80,-1,0,1,12500,204,2538.4077334823214,2659.277383981612,1.760432921244614
1000000,80,1,0,1,12499,216,2701.21898195287,2659.0907678384747,1.760432921244614
1000000,90,-1,2,-1,11111,374,4678.418034167726,4796.937789099194,3.520865842489228
1000000,90,1,2,-1,11111,367,4594.3395511719655,4796.937789099194,3.520865842489228
1000000,100,-1,0,1,10000,183,2306.9876813303435,2187.3425303412405,1.760432921244614
1000000,100,1,0,1,9999,171,2139.9440375461454,2187.151392727713,1.760432921244614
1000000,120,-1,1,-1,8333,294,3684.572581503511,3731.238004992963,3.520865842489228
1000000,120,1,1,-1,8333,305,3812.643117391777,3731.238004992963,3.520865842489228
1000000,150,-1,1,-1,6666,234,2911.9501285177666,3073.2510760055948,3.520865842489228
1000000,150,1,1,-1,6666,244,3051.394665960014,3073.2510760055948,3.520865842489228
1000000,160,-1,0,1,6250,103,1292.6115503228739,1453.1476435723846,1.760432921244614
1000000,160,1,0,1,6249,109,1366.8005685123455,1452.9462269579806,1.760432921244614
1000000,180,-1,2,-1,5555,212,2652.004644367002,2624.4612075019754,3.520865842489228
1000000,180,1,2,-1,5555,197,2470.0470350746136,2624.4612075019754,3.520865842489228
1000000,200,-1,0,1,5000,101,1271.8103888109638,1198.232069697593,1.760432921244614
1000000,200,1,0,1,4999,95,1197.3988929535194,1198.0253755963142,1.760432921244614
1000000,240,-1,1,-1,4166,158,1975.0717798016808,2048.0702384492024,3.520865842489228
1000000,240,1,1,-1,4166,158,1989.4326305626844,2048.0702384492024,3.520865842489228
1000000,250,-1,0,1,4000,74,935.6438259211594,988.8878704110105,1.760432921244614
1000000,250,1,0,1,3999,79,988.8316672508104,988.6756146937258,1.760432921244614
1000000,270,-1,3,-1,3703,153,1921.96046881845,1851.1153056941748,3.520865842489228
1000000,270,1,3,-1,3703,139,1758.6641630916076,1851.1153056941748,3.520865842489228
1000000,300,-1,1,-1,3333,119,1485.3359396763083,1691.5674036818662,3.520865842489228
1000000,300,1,1,-1,3333,123,1548.5181123383545,1691.5674036818662,3.520865842489228
1000000,320,-1,0,1,3125,71,895.9302572528569,800.4640113035534,1.760432921244614
1000000,320,1,0,1,3124,76,950.928988439989,800.2452432585734,1.760432921244614
1000000,360,-1,2,-1,2777,114,1442.0811159149785,1447.5628172256982,3.520865842489228
1000000,360,1,2,-1,2777,109,1373.7515308816508,1447.5628172256982,3.520865842489228
1000000,400,-1,0,1,2500,50,637.57864572386,661.8776623769132,1.760432921244614
1000000,400,1,0,1,2499,60,751.0402224248078,661.6526537398329,1.760432921244614
1000000,450,-1,2,-1,2222,80,998.7692437031119,1197.7205018720597,3.520865842489228
1000000,450,1,2,-1,2222,87,1109.262340621972,1197.7205018720597,3.520865842489228
1000000,480,-1,1,-1,2083,83,1042.1331424731475,1133.9480548956608,3.520865842489228
1000000,480,1,1,-1,2083,86,1060.4785965968297,1133.9480548956608,3.520865842489228
1000000,500,-1,0,1,2000,36,450.08292498246067,547.8021127569734,1.760432921244614
1000000,500,1,0,1,1999,42,521.044559405914,547.5704967291516,1.760432921244614
1000000,540,-1,3,-1,1851,78,971.1632030816005,1026.2355883823784,3.520865842489228
1000000,540,1,3,-1,1851,76,960.0977171809349,1026.2355883823784,3.520865842489228
1000000,600,-1,1,-1,1666,67,849.8445073279703,939.0578148472724,3.520865842489228
1000000,600,1,1,-1,1666,73,919.5328998395713,939.0578148472724,3.520865842489228
1000000,640,-1,0,1,1562,35,444.8790411551446,444.74163365298193,1.760432921244614
1000000,640,1,0,1,1562,38,479.1829558823662,444.74163365298193,1.760432921244614
1000000,720,-1,2,-1,1388,56,697.9360937281403,805.5114929131456,3.520865842489228
1000000,720,1,2,-1,1388,53,663.8999151425506,805.5114929131456,3.520865842489228
1000000,750,-1,1,-1,1333,60,757.2183909464246,778.6738421435476,3.520865842489228
1000000,750,1,1,-1,1333,64,807.2171593005787,778.6738421435476,3.520865842489228
1000000,800,-1,0,1,1250,29,357.8525856244567,368.93918135949895,1.760432921244614
1000000,800,1,0,1,1249,26,326.6401152015633,368.69229359030703,1.760432921244614
1000000,810,-1,4,-1,1234,62,778.0774821887817,729.9712681317181,3.520865842489228
1000000,810,1,4,-1,1234,66,836.1090720448766,729.9712681317181,3.520865842489228
1000000,900,-1,2,-1,1111,61,758.2876949591455,668.6851331511878,3.520865842489228
1000000,900,1,2,-1,1111,53,654.5644095961866,668.6851331511878,3.520865842489228
1000000,960,-1,1,-1,1041,49,606.0465034494471,633.3795295244287,3.520865842489228
1000000,960,1,1,-1,1041,44,560.9271045672491,633.3795295244287,3.520865842489228
1000000,1000,-1,0,1,1000,20,255.67016806752162,306.2714401407081,1.760432921244614
1000000,1000,1,0,1,999,19,232.13545295259877,306.01657291838643,1.760432921244614
1000000,1080,-1,3,-1,925,44,554.0519306742915,574.1010442693122,3.520865842489228
1000000,1080,1,3,-1,925,49,615.1516825386549,574.1010442693122,3.520865842489228
1000000,1200,-1,1,-1,833,45,568.8706663827552,526.3125484726999,3.520865842489228
1000000,1200,1,1,-1,833,36,450.80275005032433,526.3125484726999,3.520865842489228
1000000,1250,-1,0,1,800,19,237.97032076281357,254.49187170808713,1.760432921244614
1000000,1250,1,0,1,799,14,172.2331725311676,254.22849102426167,1.760432921244614
1000000,1280,-1,0,1,781,12,152.16241472097283,249.47912506977926,1.760432921244614
1000000,1280,1,0,1,781,17,212.66438435470238,249.47912506977926,1.760432921244614
1000000,1350,-1,3,-1,740,33,420.2625928889254,477.1977059687171,3.520865842489228
1000000,1350,1,3,-1,740,42,528.2759659769515,477.1977059687171,3.520865842489228
1000000,1440,-1,2,-1,694,40,502.7882971627091,452.56447824884634,3.520865842489228
1000000,1440,1,2,-1,694,25,303.70098243698396,452.56447824884634,3.520865842489228
1000000,1500,-1,1,-1,666,37,461.6331527929926,437.448833290812,3.520865842489228
1000000,1500,1,1,-1,666,33,411.6679207389879,437.448833290812,3.520865842489228
1000000,1600,-1,0,1,625,18,226.52473207660364,207.5683232238627,1.760432921244614
1000000,1600,1,0,1,624,14,182.63322670870716,207.29483460022567,1.760432921244614
1000000,1620,-1,4,-1,617,28,356.5165863160497,410.7569984270642,3.520865842489228
1000000,1620,1,4,-1,617,28,347.4716006390877,410.7569984270642,3.520865842489228
1000000,1800,-1,2,-1,555,23,291.47236295940957,376.5025280038436,3.520865842489228
1000000,1800,1,2,-1,555,28,352.4981904088551,376.5025280038436,3.520865842489228
1000000,1920,-1,1,-1,520,33,417.8371755495303,356.9007676351437,3.520865842489228
1000000,1920,1,1,-1,520,21,259.80646716122067,356.9007676351437,3.520865842489228
1000000,2000,-1,0,1,500,16,197.17531365839108,172.8028353938024,1.760432921244614
1000000,2000,1,0,1,499,10,129.25097198535533,172.51951641107013,1.760432921244614
1000000,2160,-1,3,-1,462,23,286.19051494809946,323.9406383189603,3.520865842489228
1000000,2160,1,3,-1,462,24,298.566809264312,323.9406383189603,3.520865842489228
1000000,2250,-1,2,-1,444,27,341.9831460384614,313.57804711421153,3.520865842489228
1000000,2250,1,2,-1,444,22,275.7367444480516,313.57804711421153,3.520865842489228
1000000,2400,-1,1,-1,416,23,293.1961315896427,297.31954495641526,3.520865842489228
1000000,2400,1,1,-1,416,22,281.3157453099089,297.31954495641526,3.520865842489228
1000000,2430,-1,5,-1,411,21,268.01886788377317,294.3974945523829,3.520865842489228
1000000,2430,1,5,-1,411,18,227.3949507677229,294.3974945523829,3.520865842489228
1000000,2500,-1,0,1,400,13,164.4710917660482,143.97401719076063,1.760432921244614
1000000,2500,1,0,1,399,11,142.02043941237864,143.68013234915276,1.760432921244614
1000000,2560,-1,0,1,390,13,165.5405024925799,141.02958325350622,1.760432921244614
1000000,2560,1,0,1,390,9,116.72507429175985,141.02958325350622,1.760432921244614
1000000,2700,-1,3,-1,370,16,200.96365186376283,270.204433153342,3.520865842489228
1000000,2700,1,3,-1,370,22,282.88379309839826,270.204433153342,3.520865842489228
1000000,2880,-1,2,-1,347,18,232.14276384067136,256.43631654019777,3.520865842489228
1000000,2880,1,2,-1,347,24,305.13136358596796,256.43631654019777,3.520865842489228
1000000,3000,-1,1,-1,333,20,255.24055562135075,247.9797400748313,3.520865842489228
1000000,3000,1,1,-1,333,25,319.6415112916142,247.9797400748313,3.520865842489228
1000000,3200,-1,0,1,312,7,90.2872273108813,117.58925470393896,1.760432921244614
1000000,3200,1,0,1,312,12,149.15121456419433,117.58925470393896,1.760432921244614
1000000,3240,-1,4,-1,308,15,187.98172847817153,232.7234743087218,3.520865842489228
1000000,3240,1,4,-1,308,22,280.89802333913485,232.7234743087218,3.520865842489228
1000000,3600,-1,2,-1,277,17,215.04603856995436,213.50014092357014,3.520865842489228
1000000,3600,1,2,-1,277,14,183.88847888734622,213.50014092357014,3.520865842489228
1000000,3750,-1,1,-1,266,14,177.045545769635,206.58892974676615,3.520865842489228
1000000,3750,1,1,-1,266,16,203.67418674926367,206.58892974676615,3.520865842489228
1000000,3840,-1,1,-1,260,17,214.38455194936907,202.7977016750335,3.520865842489228
1000000,3840,1,1,-1,260,13,163.88997943919716,202.7977016750335,3.520865842489228
1000000,4000,-1,0,1,250,8,107.40805141778027,98.22184866811251,1.760432921244614
1000000,4000,1,0,1,249,10,125.78446380318668,97.90289834360806,1.760432921244614
1000000,4050,-1,4,-1,246,16,202.09268117095408,193.8892975695204,3.520865842489228
1000000,4050,1,4,-1,246,15,191.74141360974852,193.8892975695204,3.520865842489228
1000000,4320,-1,3,-1,231,16,206.5547213926081,184.24158174209748,3.520865842489228
1000000,4320,1,3,-1,231,18,231.7354353919322,184.24158174209748,3.520865842489228
1000000,4500,-1,2,-1,222,9,114.21928218323437,178.39798791707278,3.520865842489228
1000000,4500,1,2,-1,222,12,155.46496263533174,178.39798791707278,3.520865842489228
1000000,4800,-1,1,-1,208,10,125.04608265597372,169.21949778653138,3.520865842489228
1000000,4800,1,1,-1,208,12,150.35777860979397,169.21949778653138,3.520865842489228
1000000,4860,-1,5,-1,205,18,225.96459608349562,167.23787936431603,3.520865842489228
1000000,4860,1,5,-1,205,9,114.5759037186319,167.23787936431603,3.520865842489228
1000000,5000,-1,0,1,200,5,63.84898425431981,81.96150159315496,1.760432921244614
1000000,5000,1,0,1,199,8,103.23001715865766,81.62908181366099,1.760432921244614
1000000,5120,-1,0,1,195,3,36.113996562898876,80.29622326583981,1.760432921244614
1000000,5120,1,0,1,195,4,49.75449698759024,80.29622326583981,1.760432921244614
1000000,5400,-1,3,-1,185,15,187.48588579761952,153.8820278333587,3.520865842489228
1000000,5400,1,3,-1,185,10,124.34163391740773,153.8820278333587,3.520865842489228
1000000,5760,-1,2,-1,173,11,139.1803862885806,145.73678744764717,3.520865842489228
1000000,5760,1,2,-1,173,14,179.89243658465983,145.73678744764717,3.520865842489228
1000000,6000,-1,1,-1,166,13,165.3929584677695,140.9350649923557,3.520865842489228
1000000,6000,1,1,-1,166,11,141.27614555356502,140.9350649923557,3.520865842489228
1000000,6250,-1,0,1,160,6,76.45811058989278,68.3938617875462,1.760432921244614
1000000,6250,1,0,1,159,7,90.68356538865474,68.0467761272357,1.760432921244614
1000000,6400,-1,0,1,156,8,101.99082619696098,67.00291831647206,1.760432921244614
1000000,6400,1,0,1,156,5,65.86424506523463,67.00291831647206,1.760432921244614
1000000,6480,-1,4,-1,154,11,145.13127641574965,132.6096138183187,3.520865842489228
1000000,6480,1,4,-1,154,11,137.29588529683568,132.6096138183187,3.520865842489228
1000000,6750,-1,3,-1,148,9,115.27969279284133,128.399048887289,3.520865842489228
1000000,6750,1,3,-1,148,10,127.20719052936698,128.399048887289,3.520865842489228
1000000,7200,-1,2,-1,138,11,142.60159025222515,121.30418893753625,3.520865842489228
1000000,7200,1,2,-1,138,11,138.43900378219212,121.30418893753625,3.520865842489228
1000000,7290,-1,6,-1,137,5,65.22991068243174,120.58909206622447,3.520865842489228
1000000,7290,1,6,-1,137,11,136.96775108210713,120.58909206622447,3.520865842489228
1000000,7500,-1,1,-1,133,11,140.07185925106535,117.7179764071519,3.520865842489228
1000000,7500,1,1,-1,133,10,126.34184857547052,117.7179764071519,3.520865842489228
1000000,7680,-1,1,-1,130,10,126.19872041856131,115.55305554402564,3.520865842489228
1000000,7680,1,1,-1,130,9,114.33662349691096,115.55305554402564,3.520865842489228
1000000,8000,-1,0,1,125,2,25.61306756726048,55.96090943614273,1.760432921244614
1000000,8000,1,0,1,124,3,37.17994163167698,55.596000076640145,1.760432921244614
1000000,8100,-1,4,-1,123,9,115.53975326767319,110.4609593779511,3.520865842489228
1000000,8100,1,4,-1,123,9,114.31931460822847,110.4609593779511,3.520865842489228
1000000,8640,-1,3,-1,115,4,51.55617151796022,104.56688656892636,3.520865842489228
1000000,8640,1,3,-1,115,4,52.96965845393987,104.56688656892636,3.520865842489228
1000000,9000,-1,2,-1,111,7,91.72209725481682,101.5877180971946,3.520865842489228
1000000,9000,1,2,-1,111,7,91.45591225844223,101.5877180971946,3.520865842489228
1000000,9600,-1,1,-1,104,7,91.36842695907461,96.31835654115271,3.520865842489228
1000000,9600,1,1,-1,104,6,77.51933369262632,96.31835654115271,3.520865842489228
1000000,9720,-1,5,-1,102,7,90.6894867242232,94.79900861962979,3.520865842489228
1000000,9720,1,5,-1,102,8,102.32777089301521,94.79900861962979,3.520865842489228
1000000,10000,-1,0,1,100,3,38.682173152068046,46.636602518537856,1.760432921244614
1000000,10000,1,0,1,99,2,24.57129929054709,46.253912322181314,1.760432921244614
1000000,10240,-1,0,1,97,4,51.36385050737461,45.48599302960093,1.760432921244614
1000000,10240,1,0,1,97,3,38.927037432758716,45.48599302960093,1.760432921244614
1000000,10800,-1,3,-1,92,5,65.022823766284,87.10156878744397,3.520865842489228
1000000,10800,1,3,-1,92,8,101.72300440912886,87.10156878744397,3.520865842489228
1000000,11250,-1,2,-1,88,3,36.99343636825233,83.97169517679292,3.520865842489228
1000000,11250,1,2,-1,88,8,104.33826821279848,83.97169517679292,3.520865842489228
1000000,11520,-1,2,-1,86,8,102.47092270857833,82.39490905182076,3.520865842489228
1000000,11520,1,2,-1,86,4,52.49247406390095,82.39490905182076,3.520865842489228
1000000,12000,-1,1,-1,83,6,77.33058911084835,80.01416294370294,3.520865842489228
1000000,12000,1,1,-1,83,4,51.36561104385946,80.01416294370294,3.520865842489228
1000000,12150,-1,5,-1,82,10,128.3662785184576,79.21628533707285,3.520865842489228
1000000,12150,1,5,-1,82,4,50.41669049976072,79.21628533707285,3.520865842489228
1000000,12500,-1,0,1,80,3,38.58718327664439,38.80692837834129,1.760432921244614
1000000,12500,1,0,1,79,3,38.34670631381965,38.404612441429535,1.760432921244614
1000000,12800,-1,0,1,78,4,50.7409750901148,38.00112926319605,1.760432921244614
1000000,12800,1,0,1,78,2,26.598268259613356,38.00112926319605,1.760432921244614
1000000,12960,-1,4,-1,77,4,52.250699164395215,75.19291390749812,3.520865842489228
1000000,12960,1,4,-1,77,5,64.27647408158722,75.19291390749812,3.520865842489228
1000000,13500,-1,3,-1,74,9,118.62573037197085,72.75015059916586,3.520865842489228
1000000,13500,1,3,-1,74,3,38.32741525693547,72.75015059916586,3.520865842489228
1000000,14400,-1,2,-1,69,4,51.470925774783296,68.6267756409512,3.520865842489228
1000000,14400,1,2,-1,69,6,77.43300469605475,68.6267756409512,3.520865842489228
1000000,14580,-1,6,-1,68,1,11.533306356412014,67.79379356698783,3.520865842489228
1000000,14580,1,6,-1,68,4,50.08905749595536,67.79379356698783,3.520865842489228
1000000,15000,-1,1,-1,66,7,90.74758497013539,66.11904012197883,3.520865842489228
1000000,15000,1,1,-1,66,3,38.351108059527746,66.11904012197883,3.520865842489228
1000000,15360,-1,1,-1,65,1,12.20446635613784,65.2771377512567,3.520865842489228
1000000,15360,1,1,-1,65,2,27.09948614223933,65.2771377512567,3.520865842489228
1000000,16000,-1,0,1,62,0,0.0,31.366243323473725,1.760432921244614
1000000,16000,1,0,1,62,1,12.245298166364206,31.366243323473725,1.760432921244614
1000000,16200,-1,4,-1,61,6,78.84025939541398,61.87770440481976,3.520865842489228
1000000,16200,1,4,-1,61,2,25.31778510677885,61.87770440481976,3.520865842489228
1000000,17280,-1,3,-1,57,3,40.38976194166001,58.423548551550226,3.520865842489228
1000000,17280,1,3,-1,57,3,39.963705907471464,58.423548551550226,3.520865842489228
1000000,18000,-1,2,-1,55,4,52.86778167325896,56.67416827105785,3.520865842489228
1000000,18000,1,2,-1,55,3,39.07179356561865,56.67416827105785,3.520865842489228
1000000,18750,-1,1,-1,53,4,50.382945753628704,54.90883576730669,3.520865842489228
1000000,18750,1,1,-1,53,5,63.22084942992787,54.90883576730669,3.520865842489228
1000000,19200,-1,1,-1,52,4,50.77266601754704,54.01990566227489,3.520865842489228
1000000,19200,1,1,-1,52,4,51.62515913641481,54.01990566227489,3.520865842489228
1000000,19440,-1,5,-1,51,3,39.908312570613546,53.126638144597905,3.520865842489228
1000000,19440,1,5,-1,51,2,26.305537145499812,53.126638144597905,3.520865842489228
1000000,20000,-1,0,1,50,3,38.03478760294569,26.114452176923223,1.760432921244614
1000000,20000,1,0,1,49,2,27.024421324734455,25.66328435095672,1.760432921244614
1000000,20250,-1,4,-1,49,4,53.39189946980687,51.32656870191344,3.520865842489228
1000000,20250,1,4,-1,49,2,25.6094779722404,51.32656870191344,3.520865842489228
1000000,20480,-1,0,1,48,1,12.492149680598311,25.20974418346622,1.760432921244614
1000000,20480,1,0,1,48,2,26.840053137801537,25.20974418346622,1.760432921244614
1000000,21600,-1,3,-1,46,1,13.741647632707187,48.59048279806886,3.520865842489228
1000000,21600,1,3,-1,46,3,37.66492002698153,48.59048279806886,3.520865842489228
1000000,21870,-1,7,-1,45,3,39.249004586247075,47.6682304571771,3.520865842489228
1000000,21870,1,7,-1,45,2,24.948594531668455,47.6682304571771,3.520865842489228
1000000,22500,-1,2,-1,44,4,53.91235662788361,46.740577795636526,3.520865842489228
1000000,22500,1,2,-1,44,3,39.358408375350976,46.740577795636526,3.520865842489228
1000000,23040,-1,2,-1,43,4,52.53954401693518,45.807336239830036,3.520865842489228
1000000,23040,1,2,-1,43,2,24.60084327518375,45.807336239830036,3.520865842489228
1000000,24000,-1,1,-1,41,2,26.483349398045576,43.923273245643415,3.520865842489228
1000000,24000,1,1,-1,41,2,26.918033284951594,43.923273245643415,3.520865842489228
1000000,24300,-1,5,-1,41,3,37.20343688170351,43.923273245643415,3.520865842489228
1000000,24300,1,5,-1,41,3,38.35208300024249,43.923273245643415,3.520865842489228
1000000,25000,-1,0,1,40,0,0.0,21.48600627823918,1.760432921244614
1000000,25000,1,0,1,39,1,12.691583538230217,21.00714102076465,1.760432921244614
1000000,25600,-1,0,1,39,0,0.0,21.00714102076465,1.760432921244614
1000000,25600,1,0,1,39,1,13.58433609503265,21.00714102076465,1.760432921244614
1000000,25920,-1,4,-1,38,4,51.56435550342415,41.04982369541151,3.520865842489228
1000000,25920,1,4,-1,38,3,38.28437717013439,41.04982369541151,3.520865842489228
1000000,27000,-1,3,-1,37,3,38.63661092846412,40.078361413365585,3.520865842489228
1000000,27000,1,3,-1,37,1,13.148033073468746,40.078361413365585,3.520865842489228
1000000,28800,-1,2,-1,34,2,25.047113207491424,37.118878057101846,3.520865842489228
1000000,28800,1,2,-1,34,2,26.069655487196968,37.118878057101846,3.520865842489228
1000000,29160,-1,6,-1,34,1,12.678445341320396,37.118878057101846,3.520865842489228
1000000,29160,1,6,-1,34,1,12.845505181546253,37.118878057101846,3.520865842489228
1000000,30000,-1,1,-1,33,2,25.580744357135018,36.11620719922985,3.520865842489228
1000000,30000,1,1,-1,33,2,26.127297976400264,36.11620719922985,3.520865842489228
1000000,30720,-1,1,-1,32,2,25.896442117262858,35.104806497935044,3.520865842489228
1000000,30720,1,1,-1,32,2,27.16813095823081,35.104806497935044,3.520865842489228
1000000,31250,-1,0,1,32,1,12.29568023278084,17.552403248967522,1.760432921244614
1000000,31250,1,0,1,31,0,0.0,17.042121182348605,1.760432921244614
1000000,32000,-1,0,1,31,3,39.06531238013784,17.042121182348605,1.760432921244614
1000000,32000,1,0,1,31,2,26.947494453425648,17.042121182348605,1.760432921244614
1000000,32400,-1,4,-1,30,4,52.1991851343914,33.05404325200862,3.520865842489228
1000000,32400,1,4,-1,30,2,26.740538121006324,33.05404325200862,3.520865842489228
1000000,33750,-1,3,-1,29,3,40.180887404052214,32.01369482148245,3.520865842489228
1000000,33750,1,3,-1,29,1,12.824633662698112,32.01369482148245,3.520865842489228
1000000,34560,-1,3,-1,28,3,39.26596728406474,30.96263429268615,3.520865842489228
1000000,34560,1,3,-1,28,2,25.98231420246053,30.96263429268615,3.520865842489228
1000000,36000,-1,2,-1,27,1,13.3244859275062,29.900243796731846,3.520865842489228
1000000,36000,1,2,-1,27,3,38.382586061875244,29.900243796731846,3.520865842489228
1000000,36450,-1,6,-1,27,3,38.99038224392277,29.900243796731846,3.520865842489228
1000000,36450,1,6,-1,27,1,13.63919214618447,29.900243796731846,3.520865842489228
1000000,37500,-1,1,-1,26,2,26.84184177500122,28.82584251230352,3.520865842489228
1000000,37500,1,1,-1,26,2,26.14560175783764,28.82584251230352,3.520865842489228
1000000,38400,-1,1,-1,26,0,0.0,28.82584251230352,3.520865842489228
1000000,38400,1,1,-1,26,1,13.500253088355354,28.82584251230352,3.520865842489228
1000000,38880,-1,5,-1,25,1,13.703728356234873,27.73867730080585,3.520865842489228
1000000,38880,1,5,-1,25,2,26.47880846099957,27.73867730080585,3.520865842489228
1000000,40000,-1,0,1,25,1,13.429846606562974,13.869338650402925,1.760432921244614
1000000,40000,1,0,1,24,1,12.54254845357358,13.318955738111388,1.760432921244614
1000000,40500,-1,4,-1,24,3,39.925505387926606,26.637911476222776,3.520865842489228
1000000,40500,1,4,-1,24,2,25.72897943937018,26.637911476222776,3.520865842489228
1000000,40960,-1,0,1,24,1,13.755844414160997,13.318955738111388,1.760432921244614
1000000,40960,1,0,1,24,2,26.131056420315495,13.318955738111388,1.760432921244614
1000000,43200,-1,3,-1,23,2,25.858045967469113,25.522611236244114,3.520865842489228
1000000,43200,1,3,-1,23,1,13.506810479943264,25.522611236244114,3.520865842489228
1000000,43740,-1,7,-1,22,2,26.77019618648788,24.39172913286001,3.520865842489228
1000000,43740,1,7,-1,22,1,13.08391564542411,24.39172913286001,3.520865842489228
1000000,45000,-1,2,-1,22,3,40.485850800756666,24.39172913286001,3.520865842489228
1000000,45000,1,2,-1,22,0,0.0,24.39172913286001,3.520865842489228
1000000,46080,-1,2,-1,21,3,39.93795983945195,23.2440837560945,3.520865842489228
1000000,46080,1,2,-1,21,2,27.253923332691386,23.2440837560945,3.520865842489228
1000000,48000,-1,1,-1,20,1,12.724863462750436,22.0783345185521,3.520865842489228
1000000,48000,1,1,-1,20,1,13.176853456625999,22.0783345185521,3.520865842489228
1000000,48600,-1,5,-1,20,1,13.73581670610014,22.0783345185521,3.520865842489228
1000000,48600,1,5,-1,20,3,39.55116121593435,22.0783345185521,3.520865842489228
1000000,50000,-1,0,1,20,0,0.0,11.03916725927605,1.760432921244614
1000000,50000,1,0,1,19,0,0.0,10.446475011134988,1.760432921244614
1000000,51200,-1,0,1,19,1,13.787932762232986,10.446475011134988,1.760432921244614
1000000,51200,1,0,1,19,0,0.0,10.446475011134988,1.760432921244614
1000000,51840,-1,4,-1,19,1,13.800355294922426,20.892950022269975,3.520865842489228
1000000,51840,1,4,-1,19,1,13.420868172342242,20.892950022269975,3.520865842489228
1000000,54000,-1,3,-1,18,1,12.84264682909558,19.686167902585908,3.520865842489228
1000000,54000,1,3,-1,18,0,0.0,19.686167902585908,3.520865842489228
1000000,56250,-1,2,-1,17,2,26.385978239442117,18.455943179964926,3.520865842489228
1000000,56250,1,2,-1,17,1,13.502512045048636,18.455943179964926,3.520865842489228
1000000,57600,-1,2,-1,17,1,13.359171541198279,18.455943179964926,3.520865842489228
1000000,57600,1,2,-1,17,2,27.32072075159622,18.455943179964926,3.520865842489228
1000000,58320,-1,6,-1,17,2,26.910242485842247,18.455943179964926,3.520865842489228
1000000,58320,1,6,-1,17,2,26.291210163551888,18.455943179964926,3.520865842489228
1000000,60000,-1,1,-1,16,2,26.34800120815428,17.19988085246877,3.520865842489228
1000000,60000,1,1,-1,16,2,26.348009000362072,17.19988085246877,3.520865842489228
1000000,60750,-1,5,-1,16,1,13.579470452440042,17.19988085246877,3.520865842489228
1000000,60750,1,5,-1,16,1,12.960434861813251,17.19988085246877,3.520865842489228
1000000,61440,-1,1,-1,16,1,13.423710160978677,17.19988085246877,3.520865842489228
1000000,61440,1,1,-1,16,2,26.395441962281954,17.19988085246877,3.520865842489228
1000000,62500,-1,0,1,16,1,13.440815653976351,8.599940426234385,1.760432921244614
1000000,62500,1,0,1,15,2,26.59670669444598,7.9575732322078,1.760432921244614
1000000,64000,-1,0,1,15,0,0.0,7.9575732322078,1.760432921244614
1000000,64000,1,0,1,15,0,0.0,7.9575732322078,1.760432921244614
1000000,64800,-1,4,-1,15,2,26.66897787952439,15.9151464644156,3.520865842489228
1000000,64800,1,4,-1,15,1,13.024973235978788,15.9151464644156,3.520865842489228
1000000,65610,-1,8,-1,15,1,13.48937728953824,15.9151464644156,3.520865842489228
1000000,65610,1,8,-1,15,1,13.037395728760298,15.9151464644156,3.520865842489228
1000000,67500,-1,3,-1,14,1,13.517776802856739,14.598345233466121,3.520865842489228
1000000,67500,1,3,-1,14,0,0.0,14.598345233466121,3.520865842489228
1000000,69120,-1,3,-1,14,1,13.089507485732172,14.598345233466121,3.520865842489228
1000000,69120,1,3,-1,14,2,27.250045865341725,14.598345233466121,3.520865842489228
1000000,72000,-1,2,-1,13,1,13.74936968708309,13.245355190804746,3.520865842489228
1000000,72000,1,2,-1,13,1,13.130333531178522,13.245355190804746,3.520865842489228
1000000,72900,-1,6,-1,13,1,13.142752107418554,13.245355190804746,3.520865842489228
1000000,72900,1,6,-1,13,0,0.0,13.245355190804746,3.520865842489228
1000000,75000,-1,1,-1,13,2,26.961343361148472,13.245355190804746,3.520865842489228
1000000,75000,1,1,-1,13,2,26.79429532377115,13.245355190804746,3.520865842489228
1000000,76800,-1,1,-1,13,2,27.008776483064533,13.245355190804746,3.520865842489228
1000000,76800,1,1,-1,13,0,0.0,13.245355190804746,3.520865842489228
1000000,77760,-1,5,-1,12,1,13.659276542833616,11.851091166642592,3.520865842489228
1000000,77760,1,5,-1,12,0,0.0,11.851091166642592,3.520865842489228
1000000,80000,-1,0,1,12,0,0.0,5.925545583321296,1.760432921244614
1000000,80000,1,0,1,12,1,13.68767832281738,5.925545583321296,1.760432921244614
1000000,81000,-1,4,-1,12,2,26.948211403157764,11.851091166642592,3.520865842489228
1000000,81000,1,4,-1,12,1,13.700100828786772,11.851091166642592,3.520865842489228
1000000,81920,-1,0,1,12,0,0.0,5.925545583321296,1.760432921244614
1000000,81920,1,0,1,12,0,0.0,5.925545583321296,1.760432921244614
1000000,86400,-1,3,-1,11,0,0.0,10.40916138285993,3.520865842489228
1000000,86400,1,3,-1,11,2,27.077294037063762,10.40916138285993,3.520865842489228
1000000,87480,-1,7,-1,11,0,0.0,10.40916138285993,3.520865842489228
1000000,87480,1,7,-1,11,0,0.0,10.40916138285993,3.520865842489228
1000000,90000,-1,2,-1,11,1,13.805459212009252,10.40916138285993,3.520865842489228
1000000,90000,1,2,-1,11,1,13.805461232211272,10.40916138285993,3.520865842489228
1000000,92160,-1,2,-1,10,0,0.0,8.911350862569487,3.520865842489228
1000000,92160,1,2,-1,10,0,0.0,8.911350862569487,3.520865842489228
1000000,93750,-1,1,-1,10,0,0.0,8.911350862569487,3.520865842489228
1000000,93750,1,1,-1,10,0,0.0,8.911350862569487,3.520865842489228
1000000,96000,-1,1,-1,10,1,13.418012131408942,8.911350862569487,3.520865842489228
1000000,96000,1,1,-1,10,0,0.0,8.911350862569487,3.520865842489228
1000000,97200,-1,5,-1,10,1,13.430434669779071,8.911350862569487,3.520865842489228
1000000,97200,1,5,-1,10,1,13.430437609226455,8.911350862569487,3.520865842489228
1000000,100000,-1,0,1,10,0,0.0,4.455675431284743,1.760432921244614
1000000,100000,1,0,1,9,1,13.45883704259595,3.6734063741928895,1.760432921244614
1000000,101250,-1,4,-1,9,0,0.0,7.346812748385779,3.520865842489228
1000000,101250,1,4,-1,9,1,13.471259544957848,7.346812748385779,3.520865842489228
1000000,102400,-1,0,1,9,0,0.0,3.6734063741928895,1.760432921244614
1000000,102400,1,0,1,9,0,0.0,3.6734063741928895,1.760432921244614
1000000,103680,-1,4,-1,9,0,0.0,7.346812748385779,3.520865842489228
1000000,103680,1,4,-1,9,0,0.0,7.346812748385779,3.520865842489228
1000000,108000,-1,3,-1,9,0,0.0,7.346812748385779,3.520865842489228
1000000,108000,1,3,-1,9,0,0.0,7.346812748385779,3.520865842489228
1000000,109350,-1,7,-1,9,0,0.0,7.346812748385779,3.520865842489228
1000000,109350,1,7,-1,9,0,0.0,7.346812748385779,3.520865842489228
1000000,112500,-1,2,-1,8,0,0.0,5.700739474673018,3.520865842489228
1000000,112500,1,2,-1,8,0,0.0,5.700739474673018,3.520865842489228
1000000,115200,-1,2,-1,8,0,0.0,5.700739474673018,3.520865842489228
1000000,115200,1,2,-1,8,0,0.0,5.700739474673018,3.520865842489228
1000000,116640,-1,6,-1,8,0,0.0,5.700739474673018,3.520865842489228
1000000,116640,1,6,-1,8,0,0.0,5.700739474673018,3.520865842489228
1000000,120000,-1,1,-1,8,1,13.641155980342598,5.700739474673018,3.520865842489228
1000000,120000,1,1,-1,8,0,0.0,5.700739474673018,3.520865842489228
1000000,121500,-1,5,-1,8,0,0.0,5.700739474673018,3.520865842489228
1000000,121500,1,5,-1,8,0,0.0,5.700739474673018,3.520865842489228
1000000,122880,-1,1,-1,8,0,0.0,5.700739474673018,3.520865842489228
1000000,122880,1,1,-1,8,0,0.0,5.700739474673018,3.520865842489228
1000000,125000,-1,0,1,8,0,0.0,2.850369737336509,1.760432921244614
1000000,125000,1,0,1,7,0,0.0,1.976021620774709,1.760432921244614
1000000,128000,-1,0,1,7,0,0.0,1.976021620774709,1.760432921244614
1000000,128000,1,0,1,7,0,0.0,1.976021620774709,1.760432921244614
1000000,129600,-1,4,-1,7,1,13.718117109662249,3.952043241549418,3.520865842489228
1000000,129600,1,4,-1,7,0,0.0,3.952043241549418,3.520865842489228
1000000,131220,-1,8,-1,7,1,13.730539643269372,3.952043241549418,3.520865842489228
1000000,131220,1,8,-1,7,0,0.0,3.952043241549418,3.520865842489228
1000000,135000,-1,3,-1,7,0,0.0,3.952043241549418,3.520865842489228
1000000,135000,1,3,-1,7,0,0.0,3.952043241549418,3.520865842489228
1000000,138240,-1,3,-1,7,0,0.0,3.952043241549418,3.520865842489228
1000000,138240,1,3,-1,7,0,0.0,3.952043241549418,3.520865842489228
3000000,10,-1,0,1,300000,3330,45658.12693816989,45917.47329243139,1.760432921244614
3000000,10,1,0,1,299999,3380,46300.70541907618,45917.33370333543,1.760432921244614
3000000,20,-1,0,1,150000,1804,24712.765572131484,24451.387889493784,1.760432921244614
3000000,20,1,0,1,149999,1777,24334.18331297934,24451.240182183592,1.760432921244614
3000000,30,-1,1,-1,100000,2530,34632.942514860864,33892.46868366277,3.520865842489228
3000000,30,1,1,-1,99999,2447,33477.70406777139,33892.16286500857,3.520865842489228
3000000,40,-1,0,1,75000,959,13090.47925466895,13077.275982902062,1.760432921244614
3000000,40,1,0,1,74999,943,12913.23313726129,13077.119154768798,1.760432921244614
3000000,50,-1,0,1,60000,792,10829.87650716331,10702.045566253688,1.760432921244614
3000000,50,1,0,1,59999,759,10376.5200496122,10701.885557320842,1.760432921244614
3000000,60,-1,1,-1,50000,1320,18075.553387746793,18177.92112693849,3.520865842489228
3000000,60,1,1,-1,49999,1336,18219.07886547697,18177.595716472206,3.520865842489228
3000000,80,-1,0,1,37500,504,6870.3471110929195,7028.9494641327565,1.760432921244614
3000000,80,1,0,1,37499,504,6855.470895146734,7028.782314582045,1.760432921244614
3000000,90,-1,2,-1,33333,924,12627.762887817405,12657.182460821039,3.520865842489228
3000000,90,1,2,-1,33333,864,11769.944008691722,12657.182460821039,3.520865842489228
3000000,100,-1,0,1,30000,424,5791.119619832589,5762.362652856229,1.760432921244614
3000000,100,1,0,1,29999,431,5897.707860051744,5762.191885191915,1.760432921244614
3000000,120,-1,1,-1,25000,709,9681.406986023512,9802.237038729061,3.520865842489228
3000000,120,1,1,-1,24999,710,9661.955476251034,9801.889354216788,3.520865842489228
3000000,150,-1,1,-1,20000,581,7922.466936937421,8045.106113123024,3.520865842489228
3000000,150,1,1,-1,19999,593,8093.44947677739,8044.750594452259,3.520865842489228
3000000,160,-1,0,1,18750,282,3873.4384131209335,3799.635119428365,1.760432921244614
3000000,160,1,0,1,18749,254,3459.4331377826584,3799.456194048526,1.760432921244614
3000000,180,-1,2,-1,16666,506,6898.536773096033,6849.098734533833,3.520865842489228
3000000,180,1,2,-1,16666,478,6535.375951270465,6849.098734533833,3.520865842489228
3000000,200,-1,0,1,15000,237,3238.6095065990644,3121.23031087335,1.760432921244614
3000000,200,1,0,1,14999,219,2988.085718273612,3121.047233228153,1.760432921244614
3000000,240,-1,1,-1,12500,380,5182.955205946402,5318.554767963224,3.520865842489228
3000000,240,1,1,-1,12499,380,5199.675345724394,5318.181535676949,3.520865842489228
3000000,250,-1,0,1,12000,187,2565.7587585610486,2565.768615720126,1.760432921244614
3000000,250,1,0,1,11999,183,2490.5173537098663,2565.5811884769996,1.760432921244614
3000000,270,-1,3,-1,11111,332,4508.8195083774735,4796.937789099194,3.520865842489228
3000000,270,1,3,-1,11111,344,4718.91104989632,4796.937789099194,3.520865842489228
3000000,300,-1,1,-1,10000,308,4219.123989753327,4374.685060682481,3.520865842489228
3000000,300,1,1,-1,9999,312,4278.632396066326,4374.302785455426,3.520865842489228
3000000,320,-1,0,1,9375,151,2051.00743866261,2067.4661980826945,1.760432921244614
3000000,320,1,0,1,9374,150,2017.7898580267372,2067.273711604605,1.760432921244614
3000000,360,-1,2,-1,8333,253,3452.360170869501,3731.238004992963,3.520865842489228
3000000,360,1,2,-1,8333,279,3830.289299910827,3731.238004992963,3.520865842489228
3000000,400,-1,0,1,7500,118,1619.3156876510145,1702.2480375640332,1.760432921244614
3000000,400,1,0,1,7499,123,1662.2532833682096,1702.050736937231,1.760432921244614
3000000,450,-1,2,-1,6666,213,2915.7944753354313,3073.2510760055948,3.520865842489228
3000000,450,1,2,-1,6666,218,3007.5325597132446,3073.2510760055948,3.520865842489228
3000000,480,-1,1,-1,6250,207,2834.947876992308,2906.295287144769,3.520865842489228
3000000,480,1,1,-1,6249,229,3125.86183158945,2905.892453915961,3.520865842489228
3000000,500,-1,0,1,6000,85,1158.0639632417574,1402.6767980401473,1.760432921244614
3000000,500,1,0,1,5999,116,1591.6619093329189,1402.474436203117,1.760432921244614
3000000,540,-1,3,-1,5555,184,2505.498956637277,2624.4612075019754,3.520865842489228
3000000,540,1,3,-1,5555,183,2507.1320958591245,2624.4612075019754,3.520865842489228
3000000,600,-1,1,-1,5000,163,2237.2401737859404,2396.464139395186,3.520865842489228
3000000,600,1,1,-1,4999,176,2407.4921488223686,2396.0507511926285,3.520865842489228
3000000,640,-1,0,1,4687,73,994.7995902511992,1133.293476975556,1.760432921244614
3000000,640,1,0,1,4687,94,1288.7175873309689,1133.293476975556,1.760432921244614
3000000,720,-1,2,-1,4166,141,1926.7605279648142,2048.0702384492024,3.520865842489228
3000000,720,1,2,-1,4166,142,1949.539230939299,2048.0702384492024,3.520865842489228
3000000,750,-1,1,-1,4000,134,1826.7202031015463,1977.775740822021,3.520865842489228
3000000,750,1,1,-1,3999,140,1904.241748306677,1977.3512293874517,3.520865842489228
3000000,800,-1,0,1,3750,65,878.6282803104094,935.6194513363911,1.760432921244614
3000000,800,1,0,1,3749,58,788.1893282563911,935.4055307983157,1.760432921244614
3000000,810,-1,4,-1,3703,135,1830.5009245391554,1851.1153056941748,3.520865842489228
3000000,810,1,4,-1,3703,138,1877.6459841760848,1851.1153056941748,3.520865842489228
3000000,900,-1,2,-1,3333,121,1627.5756517577706,1691.5674036818662,3.520865842489228
3000000,900,1,2,-1,3333,119,1609.4471358779854,1691.5674036818662,3.520865842489228
3000000,960,-1,1,-1,3125,100,1338.824120025629,1600.9280226071069,3.520865842489228
3000000,960,1,1,-1,3124,111,1529.747545711082,1600.4904865171468,3.520865842489228
3000000,1000,-1,0,1,3000,54,749.1303232700732,773.0494288921296,1.760432921244614
3000000,1000,1,0,1,2999,61,836.2162685269061,772.8295452110509,1.760432921244614
3000000,1080,-1,3,-1,2777,101,1378.0600389634817,1447.5628172256982,3.520865842489228
3000000,1080,1,3,-1,2777,107,1454.7052438945948,1447.5628172256982,3.520865842489228
3000000,1200,-1,1,-1,2500,103,1406.4395810791898,1323.7553247538265,3.520865842489228
3000000,1200,1,1,-1,2499,91,1244.5244515965148,1323.3053074796658,3.520865842489228
3000000,1250,-1,0,1,2400,45,614.0849095960938,639.3188727118037,1.760432921244614
3000000,1250,1,0,1,2399,43,591.288951087227,639.0926836611951,1.760432921244614
3000000,1280,-1,0,1,2343,34,470.132922430696,626.4065733400756,1.760432921244614
3000000,1280,1,0,1,2343,40,546.2330951350773,626.4065733400756,1.760432921244614
3000000,1350,-1,3,-1,2222,79,1086.5051361755977,1197.7205018720597,3.520865842489228
3000000,1350,1,3,-1,2222,92,1249.0624326260154,1197.7205018720597,3.520865842489228
3000000,1440,-1,2,-1,2083,89,1212.0317530581788,1133.9480548956608,3.520865842489228
3000000,1440,1,2,-1,2083,71,966.9164937369248,1133.9480548956608,3.520865842489228
3000000,1500,-1,1,-1,2000,76,1025.5495166521168,1095.6042255139469,3.520865842489228
3000000,1500,1,1,-1,1999,76,1031.5983937067278,1095.1409934583032,3.520865842489228
3000000,1600,-1,0,1,1875,41,557.5541959130128,518.7287844916355,1.760432921244614
3000000,1600,1,0,1,1874,38,529.7714647000345,518.4951844106414,1.760432921244614
3000000,1620,-1,4,-1,1851,67,917.8580453501289,1026.2355883823784,3.520865842489228
3000000,1620,1,4,-1,1851,75,1026.1314647193503,1026.2355883823784,3.520865842489228
3000000,1800,-1,2,-1,1666,70,969.3103384511355,939.0578148472724,3.520865842489228
3000000,1800,1,2,-1,1666,65,886.0779858260481,939.0578148472724,3.520865842489228
3000000,1920,-1,1,-1,1562,71,965.9961616857069,889.4832673059639,3.520865842489228
3000000,1920,1,1,-1,1562,59,806.907529209099,889.4832673059639,3.520865842489228
3000000,2000,-1,0,1,1500,34,456.4560948744078,429.8584932261374,1.760432921244614
3000000,2000,1,0,1,1499,25,346.1941268432756,429.61776300189604,1.760432921244614
3000000,2160,-1,3,-1,1388,53,718.0521226713507,805.5114929131456,3.520865842489228
3000000,2160,1,3,-1,1388,62,847.1810234310434,805.5114929131456,3.520865842489228
3000000,2250,-1,2,-1,1333,57,776.9476205652693,778.6738421435476,3.520865842489228
3000000,2250,1,2,-1,1333,52,708.6137050607269,778.6738421435476,3.520865842489228
3000000,2400,-1,1,-1,1250,50,683.0158893082524,737.8783627189979,3.520865842489228
3000000,2400,1,1,-1,1249,46,626.9654655143269,737.3845871806141,3.520865842489228
3000000,2430,-1,5,-1,1234,54,747.1847485059582,729.9712681317181,3.520865842489228
3000000,2430,1,5,-1,1234,51,704.5146560092102,729.9712681317181,3.520865842489228
3000000,2500,-1,0,1,1200,25,336.45572220471877,356.5602601285395,1.760432921244614
3000000,2500,1,0,1,1199,25,343.41833918893633,356.3119502081719,1.760432921244614
3000000,2560,-1,0,1,1171,28,382.6197560096365,349.3472955751122,1.760432921244614
3000000,2560,1,0,1,1171,28,389.98370841927095,349.3472955751122,1.760432921244614
3000000,2700,-1,3,-1,1111,55,761.8939093775535,668.6851331511878,3.520865842489228
3000000,2700,1,3,-1,1111,41,556.6400829561884,668.6851331511878,3.520865842489228
3000000,2880,-1,2,-1,1041,45,621.2594035983128,633.3795295244287,3.520865842489228
3000000,2880,1,2,-1,1041,48,651.4276415504023,633.3795295244287,3.520865842489228
3000000,3000,-1,1,-1,1000,44,599.4370768037944,612.5428802814162,3.520865842489228
3000000,3000,1,1,-1,999,49,666.5862201352544,612.0331458367729,3.520865842489228
3000000,3200,-1,0,1,937,17,235.42067634766914,290.14069496863453,1.760432921244614
3000000,3200,1,0,1,937,25,336.9473925274288,290.14069496863453,1.760432921244614
3000000,3240,-1,4,-1,925,39,535.4773719779457,574.1010442693122,3.520865842489228
3000000,3240,1,4,-1,925,45,611.9031404102835,574.1010442693122,3.520865842489228
3000000,3600,-1,2,-1,833,36,490.63597623629016,526.3125484726999,3.520865842489228
3000000,3600,1,2,-1,833,36,500.85801862798877,526.3125484726999,3.520865842489228
3000000,3750,-1,1,-1,800,40,551.2492606959574,508.98374341617426,3.520865842489228
3000000,3750,1,1,-1,799,34,464.2033319751572,508.45698204852334,3.520865842489228
3000000,3840,-1,1,-1,781,46,634.8334371883991,498.9582501395585,3.520865842489228
3000000,3840,1,1,-1,781,28,380.29444251188613,498.9582501395585,3.520865842489228
3000000,4000,-1,0,1,750,16,221.59988847917373,241.2607813796354,1.760432921244614
3000000,4000,1,0,1,749,20,269.0333962540905,240.99483110215118,1.760432921244614
3000000,4050,-1,4,-1,740,35,477.20547980352126,477.1977059687171,3.520865842489228
3000000,4050,1,4,-1,740,35,481.58913106367424,477.1977059687171,3.520865842489228
3000000,4320,-1,3,-1,694,32,436.6968647757501,452.56447824884634,3.520865842489228
3000000,4320,1,3,-1,694,42,578.1427854565801,452.56447824884634,3.520865842489228
3000000,4500,-1,2,-1,666,34,474.7517494982847,437.448833290812,3.520865842489228
3000000,4500,1,2,-1,666,31,429.80878232806043,437.448833290812,3.520865842489228
3000000,4800,-1,1,-1,625,33,460.5664247760654,415.1366464477254,3.520865842489228
3000000,4800,1,1,-1,624,26,352.84142462570475,414.58966920045134,3.520865842489228
3000000,4860,-1,5,-1,617,38,512.7415085722287,410.7569984270642,3.520865842489228
3000000,4860,1,5,-1,617,24,331.0610892220755,410.7569984270642,3.520865842489228
3000000,5000,-1,0,1,600,12,164.39090755507576,200.71033929110007,1.760432921244614
3000000,5000,1,0,1,599,14,190.451657778074,200.43510374583013,1.760432921244614
3000000,5120,-1,0,1,585,10,136.96687548197417,196.57418834780108,1.760432921244614
3000000,5120,1,0,1,585,15,209.4500341479862,196.57418834780108,1.760432921244614
3000000,5400,-1,3,-1,555,24,317.2578801153419,376.5025280038436,3.520865842489228
3000000,5400,1,3,-1,555,23,312.92883102649796,376.5025280038436,3.520865842489228
3000000,5760,-1,2,-1,520,24,325.56766242926415,356.9007676351437,3.520865842489228
3000000,5760,1,2,-1,520,24,324.36003600562776,356.9007676351437,3.520865842489228
3000000,6000,-1,1,-1,500,25,338.6830874424469,345.6056707876048,3.520865842489228
3000000,6000,1,1,-1,499,23,313.9890654548302,345.03903282214026,3.520865842489228
3000000,6250,-1,0,1,480,12,163.15265215700737,167.11880630088604,1.760432921244614
3000000,6250,1,0,1,479,12,163.20842059538234,166.83361173914614,1.760432921244614
3000000,6400,-1,0,1,468,15,202.22851102541398,163.69004384447538,1.760432921244614
3000000,6400,1,0,1,468,16,225.03736469481922,163.69004384447538,1.760432921244614
3000000,6480,-1,4,-1,462,23,319.0168277925467,323.9406383189603,3.520865842489228
3000000,6480,1,4,-1,462,23,309.92326540339195,323.9406383189603,3.520865842489228
3000000,6750,-1,3,-1,444,26,360.71309737186556,313.57804711421153,3.520865842489228
3000000,6750,1,3,-1,444,20,270.59872364925394,313.57804711421153,3.520865842489228
3000000,7200,-1,2,-1,416,25,344.8163267876541,297.31954495641526,3.520865842489228
3000000,7200,1,2,-1,416,21,283.7196245644269,297.31954495641526,3.520865842489228
3000000,7290,-1,6,-1,411,13,180.91545431142987,294.3974945523829,3.520865842489228
3000000,7290,1,6,-1,411,20,267.14730932320094,294.3974945523829,3.520865842489228
3000000,7500,-1,1,-1,400,26,356.1922503393157,287.94803438152127,3.520865842489228
3000000,7500,1,1,-1,399,20,269.77202246060153,287.3602646983055,3.520865842489228
3000000,7680,-1,1,-1,390,19,257.3813835780402,282.05916650701243,3.520865842489228
3000000,7680,1,1,-1,390,19,259.19983481793054,282.05916650701243,3.520865842489228
3000000,8000,-1,0,1,375,9,127.73253115708305,136.58901169695605,1.760432921244614
3000000,8000,1,0,1,374,9,123.9869356880958,136.2919218706846,1.760432921244614
3000000,8100,-1,4,-1,370,20,275.46438640363806,270.204433153342,3.520865842489228
3000000,8100,1,4,-1,370,19,258.3385755684397,270.204433153342,3.520865842489228
3000000,8640,-1,3,-1,347,17,240.13685731217174,256.43631654019777,3.520865842489228
3000000,8640,1,3,-1,347,9,125.59951075808821,256.43631654019777,3.520865842489228
3000000,9000,-1,2,-1,333,11,149.7167657770942,247.9797400748313,3.520865842489228
3000000,9000,1,2,-1,333,18,251.38055760510298,247.9797400748313,3.520865842489228
3000000,9600,-1,1,-1,312,18,249.85063353613876,235.17850940787793,3.520865842489228
3000000,9600,1,1,-1,312,18,252.67078941151883,235.17850940787793,3.520865842489228
3000000,9720,-1,5,-1,308,20,278.2399386192125,232.7234743087218,3.520865842489228
3000000,9720,1,5,-1,308,14,189.9667360249349,232.7234743087218,3.520865842489228
3000000,10000,-1,0,1,300,6,81.49376928863424,113.89829634886678,1.760432921244614
3000000,10000,1,0,1,299,6,82.21437706336366,113.58956295875191,1.760432921244614
3000000,10240,-1,0,1,292,9,123.87810434972424,111.42330943565284,1.760432921244614
3000000,10240,1,0,1,292,10,139.52805504575844,111.42330943565284,1.760432921244614
3000000,10800,-1,3,-1,277,11,151.54846337932747,213.50014092357014,3.520865842489228
3000000,10800,1,3,-1,277,16,217.38019890491086,213.50014092357014,3.520865842489228
3000000,11250,-1,2,-1,266,10,139.10023221664778,206.58892974676615,3.520865842489228
3000000,11250,1,2,-1,266,18,248.6762554565803,206.58892974676615,3.520865842489228
3000000,11520,-1,2,-1,260,13,173.74448142049283,202.7977016750335,3.520865842489228
3000000,11520,1,2,-1,260,15,211.4915550709096,202.7977016750335,3.520865842489228
3000000,12000,-1,1,-1,250,15,206.5035089400924,196.44369733622503,3.520865842489228
3000000,12000,1,1,-1,249,14,196.5055493974427,195.80579668721612,3.520865842489228
3000000,12150,-1,5,-1,246,14,186.16730140987866,193.8892975695204,3.520865842489228
3000000,12150,1,5,-1,246,16,222.81652853947966,193.8892975695204,3.520865842489228
3000000,12500,-1,0,1,240,8,110.88301511166323,95.02173853294939,1.760432921244614
3000000,12500,1,0,1,239,8,111.5215337207299,94.7004067678054,1.760432921244614
3000000,12800,-1,0,1,234,6,80.35585184319042,93.09003556815361,1.760432921244614
3000000,12800,1,0,1,234,5,70.26221509841459,93.09003556815361,1.760432921244614
3000000,12960,-1,4,-1,231,8,109.76372286531492,184.24158174209748,3.520865842489228
3000000,12960,1,4,-1,231,16,223.0546105011811,184.24158174209748,3.520865842489228
3000000,13500,-1,3,-1,222,15,204.4697230839473,178.39798791707278,3.520865842489228
3000000,13500,1,3,-1,222,13,182.63541167979153,178.39798791707278,3.520865842489228
3000000,14400,-1,2,-1,208,9,124.10924813626379,169.21949778653138,3.520865842489228
3000000,14400,1,2,-1,208,13,180.16082421353778,169.21949778653138,3.520865842489228
3000000,14580,-1,6,-1,205,9,126.26047405955839,167.23787936431603,3.520865842489228
3000000,14580,1,6,-1,205,9,121.87748834943986,167.23787936431603,3.520865842489228
3000000,15000,-1,1,-1,200,11,148.45281785251404,163.92300318630993,3.520865842489228
3000000,15000,1,1,-1,199,10,140.21369667358402,163.25816362732198,3.520865842489228
3000000,15360,-1,1,-1,195,7,98.74537473585278,160.59244653167963,3.520865842489228
3000000,15360,1,1,-1,195,8,114.56376432118716,160.59244653167963,3.520865842489228
3000000,16000,-1,0,1,187,4,57.134228008528304,77.6147684154024,1.760432921244614
3000000,16000,1,0,1,187,4,55.267766265805335,77.6147684154024,1.760432921244614
3000000,16200,-1,4,-1,185,13,179.82508269593703,153.8820278333587,3.520865842489228
3000000,16200,1,4,-1,185,6,82.87462070082955,153.8820278333587,3.520865842489228
3000000,17280,-1,3,-1,173,4,54.35175873967178,145.73678744764717,3.520865842489228
3000000,17280,1,3,-1,173,8,112.4355098875225,145.73678744764717,3.520865842489228
3000000,18000,-1,2,-1,166,8,110.10503379132494,140.9350649923557,3.520865842489228
3000000,18000,1,2,-1,166,6,82.16953578650228,140.9350649923557,3.520865842489228
3000000,18750,-1,1,-1,160,10,136.49051837234813,136.7877235750924,3.520865842489228
3000000,18750,1,1,-1,159,10,135.45032744454002,136.0935522544714,3.520865842489228
3000000,19200,-1,1,-1,156,12,166.95493119327176,134.00583663294412,3.520865842489228
3000000,19200,1,1,-1,156,9,123.66984630855941,134.00583663294412,3.520865842489228
3000000,19440,-1,5,-1,154,7,98.95841236708648,132.6096138183187,3.520865842489228
3000000,19440,1,5,-1,154,7,98.83407009863043,132.6096138183187,3.520865842489228
3000000,20000,-1,0,1,150,4,52.51298561852115,64.90314375143609,1.760432921244614
3000000,20000,1,0,1,149,6,85.41890542156673,64.5515700277433,1.760432921244614
3000000,20250,-1,4,-1,148,6,82.06198005119356,128.399048887289,3.520865842489228
3000000,20250,1,4,-1,148,8,112.12961538966779,128.399048887289,3.520865842489228
3000000,20480,-1,0,1,146,2,27.353827341600912,63.49399974136524,1.760432921244614
3000000,20480,1,0,1,146,4,55.68453011168912,63.49399974136524,1.760432921244614
3000000,21600,-1,3,-1,138,6,84.96442422339669,121.30418893753625,3.520865842489228
3000000,21600,1,3,-1,138,7,95.48881449897209,121.30418893753625,3.520865842489228
3000000,21870,-1,7,-1,137,9,126.24015750327477,120.58909206622447,3.520865842489228
3000000,21870,1,7,-1,137,6,82.36001905334177,120.58909206622447,3.520865842489228
3000000,22500,-1,2,-1,133,9,127.07926285646013,117.7179764071519,3.520865842489228
3000000,22500,1,2,-1,133,6,83.10583027881296,117.7179764071519,3.520865842489228
3000000,23040,-1,2,-1,130,6,81.27263777001467,115.55305554402564,3.520865842489228
3000000,23040,1,2,-1,130,4,52.61850420952214,115.55305554402564,3.520865842489228
3000000,24000,-1,1,-1,125,8,112.5658752192826,111.92181887228546,3.520865842489228
3000000,24000,1,1,-1,124,7,99.37749733444863,111.19200015328029,3.520865842489228
3000000,24300,-1,5,-1,123,7,94.91024934146012,110.4609593779511,3.520865842489228
3000000,24300,1,5,-1,123,5,66.92210125435061,110.4609593779511,3.520865842489228
3000000,25000,-1,0,1,120,1,14.204167869789726,54.13018120995059,1.760432921244614
3000000,25000,1,0,1,119,4,56.54222970626293,53.762144829451174,1.760432921244614
3000000,25600,-1,0,1,117,1,13.863918744427606,53.02412111642554,1.760432921244614
3000000,25600,1,0,1,117,4,57.20705007850714,53.02412111642554,1.760432921244614
3000000,25920,-1,4,-1,115,7,95.0077232622908,104.56688656892636,3.520865842489228
3000000,25920,1,4,-1,115,7,96.25955856258084,104.56688656892636,3.520865842489228
3000000,27000,-1,3,-1,111,6,81.74005341416222,101.5877180971946,3.520865842489228
3000000,27000,1,3,-1,111,8,114.55698907558597,101.5877180971946,3.520865842489228
3000000,28800,-1,2,-1,104,5,68.42315981822387,96.31835654115271,3.520865842489228
3000000,28800,1,2,-1,104,6,83.29753100108519,96.31835654115271,3.520865842489228
3000000,29160,-1,6,-1,102,5,69.79143544026647,94.79900861962979,3.520865842489228
3000000,29160,1,6,-1,102,4,55.82559730645107,94.79900861962979,3.520865842489228
3000000,30000,-1,1,-1,100,7,97.68220556513677,93.27320503707571,3.520865842489228
3000000,30000,1,1,-1,99,4,55.08542165309093,92.50782464436263,3.520865842489228
3000000,30720,-1,1,-1,97,5,69.36812893730158,90.97198605920185,3.520865842489228
3000000,30720,1,1,-1,97,5,70.47234323456811,90.97198605920185,3.520865842489228
3000000,31250,-1,0,1,96,3,40.89660559368105,45.10073888136366,1.760432921244614
3000000,31250,1,0,1,95,3,43.70113780390329,44.71460448550152,1.760432921244614
3000000,32000,-1,0,1,93,3,39.06531238013784,43.939641146235836,1.760432921244614
3000000,32000,1,0,1,93,4,55.3783421490631,43.939641146235836,1.760432921244614
3000000,32400,-1,4,-1,92,7,95.95838865003502,87.10156878744397,3.520865842489228
3000000,32400,1,4,-1,92,4,55.23681358861663,87.10156878744397,3.520865842489228
3000000,33750,-1,3,-1,88,4,54.36882252698506,83.97169517679292,3.520865842489228
3000000,33750,1,3,-1,88,4,56.45136789461038,83.97169517679292,3.520865842489228
3000000,34560,-1,3,-1,86,8,111.82166717255598,82.39490905182076,3.520865842489228
3000000,34560,1,3,-1,86,9,126.35524480702483,82.39490905182076,3.520865842489228
3000000,36000,-1,2,-1,83,3,42.75401883632803,80.01416294370294,3.520865842489228
3000000,36000,1,2,-1,83,5,66.51269534150468,80.01416294370294,3.520865842489228
3000000,36450,-1,6,-1,82,5,68.39910819854663,79.21628533707285,3.520865842489228
3000000,36450,1,6,-1,82,7,100.11796541002485,79.21628533707285,3.520865842489228
3000000,37500,-1,1,-1,80,4,55.36709842517548,77.61385675668258,3.520865842489228
3000000,37500,1,1,-1,79,9,127.83317011768865,76.80922488285907,3.520865842489228
3000000,38400,-1,1,-1,78,4,57.75625860190268,76.0022585263921,3.520865842489228
3000000,38400,1,1,-1,78,7,100.82406543157299,76.0022585263921,3.520865842489228
3000000,38880,-1,5,-1,77,3,43.02860932388543,75.19291390749812,3.520865842489228
3000000,38880,1,5,-1,77,3,40.897191868521396,75.19291390749812,3.520865842489228
3000000,40000,-1,0,1,75,2,27.74005279660707,36.78345373667826,1.760432921244614
3000000,40000,1,0,1,74,2,26.750101774989325,36.37507529958293,1.760432921244614
3000000,40500,-1,4,-1,74,7,97.61758454188147,72.75015059916586,3.520865842489228
3000000,40500,1,4,-1,74,4,54.87477993502063,72.75015059916586,3.520865842489228
3000000,40960,-1,0,1,73,2,27.743490661996283,35.96541259740775,1.760432921244614
3000000,40960,1,0,1,73,2,26.131056420315495,35.96541259740775,1.760432921244614
3000000,43200,-1,3,-1,69,5,68.44131435707467,68.6267756409512,3.520865842489228
3000000,43200,1,3,-1,69,3,42.53786701001033,68.6267756409512,3.520865842489228
3000000,43740,-1,7,-1,68,4,55.9809694153677,67.79379356698783,3.520865842489228
3000000,43740,1,7,-1,68,5,69.84230642401957,67.79379356698783,3.520865842489228
3000000,45000,-1,2,-1,66,4,55.277805636766935,66.11904012197883,3.520865842489228
3000000,45000,1,2,-1,66,1,14.148405690083225,66.11904012197883,3.520865842489228
3000000,46080,-1,2,-1,65,4,54.75363121090722,65.2771377512567,3.520865842489228
3000000,46080,1,2,-1,65,4,56.45198464253273,65.2771377512567,3.520865842489228
3000000,48000,-1,1,-1,62,3,42.21046029177636,62.73248664694745,3.520865842489228
3000000,48000,1,1,-1,62,2,28.03334754352903,62.73248664694745,3.520865842489228
3000000,48600,-1,5,-1,61,4,56.58303310286781,61.87770440481976,3.520865842489228
3000000,48600,1,5,-1,61,6,83.61738261762368,61.87770440481976,3.520865842489228
3000000,50000,-1,0,1,60,0,0.0,30.509753197033536,1.760432921244614
3000000,50000,1,0,1,59,2,29.567242378951164,30.078903789274968,1.760432921244614
3000000,51200,-1,0,1,58,2,28.392627234738928,29.64625960076571,1.760432921244614
3000000,51200,1,0,1,58,0,0.0,29.64625960076571,1.760432921244614
3000000,51840,-1,4,-1,57,4,57.590371537658044,58.423548551550226,3.520865842489228
3000000,51840,1,4,-1,57,2,28.037986067669383,58.423548551550226,3.520865842489228
3000000,54000,-1,3,-1,55,4,56.75512911060761,56.67416827105785,3.520865842489228
3000000,54000,1,3,-1,55,2,28.642546190550018,56.67416827105785,3.520865842489228
3000000,56250,-1,2,-1,53,3,40.93445699167241,54.90883576730669,3.520865842489228
3000000,56250,1,2,-1,53,3,41.93299299314508,54.90883576730669,3.520865842489228
3000000,57600,-1,2,-1,52,3,42.08300911034269,54.01990566227489,3.520865842489228
3000000,57600,1,2,-1,52,2,27.32072075159622,54.01990566227489,3.520865842489228
3000000,58320,-1,6,-1,51,5,70.29132615401461,53.126638144597905,3.520865842489228
3000000,58320,1,6,-1,51,3,40.69889828784124,53.126638144597905,3.520865842489228
3000000,60000,-1,1,-1,50,5,70.16040458890785,52.228904353846445,3.520865842489228
3000000,60000,1,1,-1,49,4,55.03557096353837,51.32656870191344,3.520865842489228
3000000,60750,-1,5,-1,49,2,28.355192546524574,51.32656870191344,3.520865842489228
3000000,60750,1,5,-1,49,5,70.11573044669814,51.32656870191344,3.520865842489228
3000000,61440,-1,1,-1,48,4,55.889727246368295,50.41948836693244,3.520865842489228
3000000,61440,1,1,-1,48,3,41.18245882430959,50.41948836693244,3.520865842489228
3000000,62500,-1,0,1,48,2,28.333884750985312,25.20974418346622,1.760432921244614
3000000,62500,1,0,1,47,2,26.59670669444598,24.7537563685406,1.760432921244614
3000000,64000,-1,0,1,46,1,14.433933653535034,24.29524139903443,1.760432921244614
3000000,64000,1,0,1,46,0,0.0,24.29524139903443,1.760432921244614
3000000,64800,-1,4,-1,46,3,40.69247692881514,48.59048279806886,3.520865842489228
3000000,64800,1,4,-1,46,3,41.73845312176924,48.59048279806886,3.520865842489228
3000000,65610,-1,8,-1,45,3,42.37798203243201,47.6682304571771,3.520865842489228
3000000,65610,1,8,-1,45,4,56.00269892031655,47.6682304571771,3.520865842489228
3000000,67500,-1,3,-1,44,4,56.265993617717534,46.740577795636526,3.520865842489228
3000000,67500,1,3,-1,44,2,28.809248296154852,46.740577795636526,3.520865842489228
3000000,69120,-1,3,-1,43,5,71.05959944079513,45.807336239830036,3.520865842489228
3000000,69120,1,3,-1,43,4,56.86173539553012,45.807336239830036,3.520865842489228
3000000,72000,-1,2,-1,41,3,42.62100144620287,43.923273245643415,3.520865842489228
3000000,72000,1,2,-1,41,2,27.92567321719624,43.923273245643415,3.520865842489228
3000000,72900,-1,6,-1,41,3,42.194449932741705,43.923273245643415,3.520865842489228
3000000,72900,1,6,-1,41,3,43.85946213978673,43.923273245643415,3.520865842489228
3000000,75000,-1,1,-1,40,5,70.57384931951644,42.97201255647836,3.520865842489228
3000000,75000,1,1,-1,39,3,41.63045698929412,42.0142820415293,3.520865842489228
3000000,76800,-1,1,-1,39,4,55.47540254926641,42.0142820415293,3.520865842489228
3000000,76800,1,1,-1,39,2,29.299203741764092,42.0142820415293,3.520865842489228
3000000,77760,-1,5,-1,38,3,42.44924079832646,41.04982369541151,3.520865842489228
3000000,77760,1,5,-1,38,1,13.826332785832468,41.04982369541151,3.520865842489228
3000000,80000,-1,0,1,37,1,13.854730309578631,20.039180706682792,1.760432921244614
3000000,80000,1,0,1,37,2,28.344756497494263,20.039180706682792,1.760432921244614
3000000,81000,-1,4,-1,37,3,41.61771124108566,40.078361413365585,3.520865842489228
3000000,81000,1,4,-1,37,3,43.105793554528155,40.078361413365585,3.520865842489228
3000000,81920,-1,0,1,36,1,14.747485250983202,19.54979957692057,1.760432921244614
3000000,81920,1,0,1,36,0,0.0,19.54979957692057,1.760432921244614
3000000,86400,-1,3,-1,34,2,29.00068540394024,37.118878057101846,3.520865842489228
3000000,86400,1,3,-1,34,4,55.77948869068156,37.118878057101846,3.520865842489228
3000000,87480,-1,7,-1,34,2,28.53598199873978,37.118878057101846,3.520865842489228
3000000,87480,1,7,-1,34,2,29.070066754554112,37.118878057101846,3.520865842489228
3000000,90000,-1,2,-1,33,3,42.70052123784225,36.11620719922985,3.520865842489228
3000000,90000,1,2,-1,33,2,28.647013744431696,36.11620719922985,3.520865842489228
3000000,92160,-1,2,-1,32,2,29.17429681576106,35.104806497935044,3.520865842489228
3000000,92160,1,2,-1,32,4,57.80399788831018,35.104806497935044,3.520865842489228
3000000,93750,-1,1,-1,32,1,14.281599660437696,35.104806497935044,3.520865842489228
3000000,93750,1,1,-1,31,1,14.583881623529816,34.08424236469721,3.520865842489228
3000000,96000,-1,1,-1,31,3,42.67395297402057,34.08424236469721,3.520865842489228
3000000,96000,1,1,-1,31,2,28.45359662705512,34.08424236469721,3.520865842489228
3000000,97200,-1,5,-1,30,4,55.98234931333727,33.05404325200862,3.520865842489228
3000000,97200,1,5,-1,30,1,13.430437609226455,33.05404325200862,3.520865842489228
3000000,100000,-1,0,1,30,0,0.0,16.52702162600431,1.760432921244614
3000000,100000,1,0,1,29,1,13.45883704259595,16.006847410741226,1.760432921244614
3000000,101250,-1,4,-1,29,1,14.469786444317027,32.01369482148245,3.520865842489228
3000000,101250,1,4,-1,29,5,70.84723344223511,32.01369482148245,3.520865842489228
3000000,102400,-1,0,1,29,1,13.93453637660143,16.006847410741226,1.760432921244614
3000000,102400,1,0,1,29,0,0.0,16.006847410741226,1.760432921244614
3000000,103680,-1,4,-1,28,0,0.0,30.96263429268615,3.520865842489228
3000000,103680,1,4,-1,28,2,28.87578242138597,30.96263429268615,3.520865842489228
3000000,108000,-1,3,-1,27,2,28.522105935096775,29.900243796731846,3.520865842489228
3000000,108000,1,3,-1,27,1,13.987782620655215,29.900243796731846,3.520865842489228
3000000,109350,-1,7,-1,27,2,28.167461147652794,29.900243796731846,3.520865842489228
3000000,109350,1,7,-1,27,0,0.0,29.900243796731846,3.520865842489228
3000000,112500,-1,2,-1,26,3,43.25872661723298,28.82584251230352,3.520865842489228
3000000,112500,1,2,-1,26,1,14.028604581505464,28.82584251230352,3.520865842489228
3000000,115200,-1,2,-1,26,2,28.651183060439493,28.82584251230352,3.520865842489228
3000000,115200,1,2,-1,26,0,0.0,28.82584251230352,3.520865842489228
3000000,116640,-1,6,-1,25,1,14.500060386981621,27.73867730080585,3.520865842489228
3000000,116640,1,6,-1,25,2,29.11134837325531,27.73867730080585,3.520865842489228
3000000,120000,-1,1,-1,25,1,13.641155980342598,27.73867730080585,3.520865842489228
3000000,120000,1,1,-1,24,0,0.0,26.637911476222776,3.520865842489228
3000000,121500,-1,5,-1,24,1,14.10556406633786,26.637911476222776,3.520865842489228
3000000,121500,1,5,-1,24,1,14.540883369963113,26.637911476222776,3.520865842489228
3000000,122880,-1,1,-1,24,0,0.0,26.637911476222776,3.520865842489228
3000000,122880,1,1,-1,24,1,14.283913531844442,26.637911476222776,3.520865842489228
3000000,125000,-1,0,1,24,0,0.0,13.318955738111388,1.760432921244614
3000000,125000,1,0,1,23,2,29.440846410968394,12.761305618122057,1.760432921244614
3000000,128000,-1,0,1,23,1,14.7042241108839,12.761305618122057,1.760432921244614
3000000,128000,1,0,1,23,0,0.0,12.761305618122057,1.760432921244614
3000000,129600,-1,4,-1,23,2,28.625819053011245,25.522611236244114,3.520865842489228
3000000,129600,1,4,-1,23,4,58.13161211354575,25.522611236244114,3.520865842489228
3000000,131220,-1,8,-1,22,2,28.080118997415028,24.39172913286001,3.520865842489228
3000000,131220,1,8,-1,22,1,14.349580526574812,24.39172913286001,3.520865842489228
3000000,135000,-1,3,-1,22,2,28.96839330354142,24.39172913286001,3.520865842489228
3000000,135000,1,3,-1,22,1,14.646243837206535,24.39172913286001,3.520865842489228
3000000,138240,-1,3,-1,21,1,14.234641199218192,23.2440837560945,3.520865842489228
3000000,138240,1,3,-1,21,1,14.669960353611437,23.2440837560945,3.520865842489228
3000000,144000,-1,2,-1,20,1,14.275463220043177,22.0783345185521,3.520865842489228
3000000,144000,1,2,-1,20,3,42.54146267255346,22.0783345185521,3.520865842489228
3000000,145800,-1,6,-1,20,3,42.958215732369766,22.0783345185521,3.520865842489228
3000000,145800,1,6,-1,20,1,14.287886994874013,22.0783345185521,3.520865842489228
3000000,150000,-1,1,-1,20,2,28.347639187471586,22.0783345185521,3.520865842489228
3000000,150000,1,1,-1,19,2,29.067890761228583,20.892950022269975,3.520865842489228
3000000,153600,-1,1,-1,19,1,14.775320060786166,20.892950022269975,3.520865842489228
3000000,153600,1,1,-1,19,2,28.228021143160078,20.892950022269975,3.520865842489228
3000000,155520,-1,5,-1,19,1,13.90043885017185,20.892950022269975,3.520865842489228
3000000,155520,1,5,-1,19,1,13.900440687326466,20.892950022269975,3.520865842489228
3000000,156250,-1,0,1,19,1,14.357107258578667,10.446475011134988,1.760432921244614
3000000,156250,1,0,1,19,2,28.429286048307013,10.446475011134988,1.760432921244614
3000000,160000,-1,0,1,18,0,0.0,9.843083951292954,1.760432921244614
3000000,160000,1,0,1,18,1,13.928840136128022,9.843083951292954,1.760432921244614
3000000,162000,-1,4,-1,18,1,14.828564595162465,19.686167902585908,3.520865842489228
3000000,162000,1,4,-1,18,1,14.828565321378878,19.686167902585908,3.520865842489228
3000000,163840,-1,0,1,18,1,14.40454033876644,9.843083951292954,1.760432921244614
3000000,163840,1,0,1,18,1,13.952556641819017,9.843083951292954,1.760432921244614
3000000,168750,-1,3,-1,17,1,14.601122510355752,18.455943179964926,3.520865842489228
3000000,168750,1,3,-1,17,0,0.0,18.455943179964926,3.520865842489228
3000000,172800,-1,3,-1,17,1,14.624839047656835,18.455943179964926,3.520865842489228
3000000,172800,1,3,-1,17,1,14.893103819822194,18.455943179964926,3.520865842489228
3000000,174960,-1,7,-1,17,1,14.637261573151156,18.455943179964926,3.520865842489228
3000000,174960,1,7,-1,17,1,14.47020844774817,18.455943179964926,3.520865842489228
3000000,180000,-1,2,-1,16,0,0.0,17.19988085246877,3.520865842489228
3000000,180000,1,2,-1,16,1,14.66566191468422,17.19988085246877,3.520865842489228
3000000,182250,-1,6,-1,16,1,14.059044015073274,17.19988085246877,3.520865842489228
3000000,182250,1,6,-1,16,2,28.737130012185396,17.19988085246877,3.520865842489228
3000000,184320,-1,2,-1,16,0,0.0,17.19988085246877,3.520865842489228
3000000,184320,1,2,-1,16,0,0.0,17.19988085246877,3.520865842489228
3000000,187500,-1,1,-1,16,0,0.0,17.19988085246877,3.520865842489228
3000000,187500,1,1,-1,15,0,0.0,15.9151464644156,3.520865842489228
3000000,192000,-1,1,-1,15,0,0.0,15.9151464644156,3.520865842489228
3000000,192000,1,1,-1,15,0,0.0,15.9151464644156,3.520865842489228
3000000,194400,-1,5,-1,15,1,14.575567976167381,15.9151464644156,3.520865842489228
3000000,194400,1,5,-1,15,1,14.575568911446094,15.9151464644156,3.520865842489228
3000000,196830,-1,9,-1,15,0,0.0,15.9151464644156,3.520865842489228
3000000,196830,1,9,-1,15,3,43.4790434308011,15.9151464644156,3.520865842489228
3000000,200000,-1,0,1,15,2,28.92300369867577,7.9575732322078,1.760432921244614
3000000,200000,1,0,1,14,0,0.0,7.299172616733061,1.760432921244614
3000000,202500,-1,4,-1,14,3,43.56423874163279,14.598345233466121,3.520865842489228
3000000,202500,1,4,-1,14,1,14.616390887260783,14.598345233466121,3.520865842489228
3000000,204800,-1,0,1,14,1,14.794738154007995,7.299172616733061,1.760432921244614
3000000,204800,1,0,1,14,0,0.0,7.299172616733061,1.760432921244614
3000000,207360,-1,4,-1,14,1,14.640106526532424,14.598345233466121,3.520865842489228
3000000,207360,1,4,-1,14,1,14.188122530134104,14.598345233466121,3.520865842489228
3000000,216000,-1,3,-1,13,1,14.228943174345735,13.245355190804746,3.520865842489228
3000000,216000,1,3,-1,13,0,0.0,13.245355190804746,3.520865842489228
3000000,218700,-1,7,-1,13,0,0.0,13.245355190804746,3.520865842489228
3000000,218700,1,7,-1,13,2,29.553757810997652,13.245355190804746,3.520865842489228
3000000,225000,-1,2,-1,13,1,14.721750549944442,13.245355190804746,3.520865842489228
3000000,225000,1,2,-1,13,1,14.888805380528378,13.245355190804746,3.520865842489228
3000000,230400,-1,2,-1,13,1,14.912521231397832,13.245355190804746,3.520865842489228
3000000,230400,1,2,-1,13,1,14.745467875172872,13.245355190804746,3.520865842489228
3000000,233280,-1,6,-1,12,0,0.0,11.851091166642592,3.520865842489228
3000000,233280,1,6,-1,12,0,0.0,11.851091166642592,3.520865842489228
3000000,240000,-1,1,-1,12,1,14.78628909633455,11.851091166642592,3.520865842489228
3000000,240000,1,1,-1,12,0,0.0,11.851091166642592,3.520865842489228
3000000,243000,-1,5,-1,12,0,0.0,11.851091166642592,3.520865842489228
3000000,243000,1,5,-1,12,0,0.0,11.851091166642592,3.520865842489228
3000000,245760,-1,1,-1,12,0,0.0,11.851091166642592,3.520865842489228
3000000,245760,1,1,-1,12,1,14.35802145928379,11.851091166642592,3.520865842489228
3000000,250000,-1,0,1,12,0,0.0,5.925545583321296,1.760432921244614
3000000,250000,1,0,1,11,0,0.0,5.204580691429965,1.760432921244614
3000000,256000,-1,0,1,11,0,0.0,5.204580691429965,1.760432921244614
3000000,256000,1,0,1,11,0,0.0,5.204580691429965,1.760432921244614
3000000,259200,-1,4,-1,11,0,0.0,10.40916138285993,3.520865842489228
3000000,259200,1,4,-1,11,0,0.0,10.40916138285993,3.520865842489228
3000000,262440,-1,8,-1,11,1,14.8756726898576,10.40916138285993,3.520865842489228
3000000,262440,1,8,-1,11,0,0.0,10.40916138285993,3.520865842489228
3000000,270000,-1,3,-1,11,1,14.452086857935155,10.40916138285993,3.520865842489228
3000000,270000,1,3,-1,11,0,0.0,10.40916138285993,3.520865842489228
3000000,276480,-1,3,-1,10,0,0.0,8.911350862569487,3.520865842489228
3000000,276480,1,3,-1,10,0,0.0,8.911350862569487,3.520865842489228
3000000,281250,-1,2,-1,10,1,14.492908873619443,8.911350862569487,3.520865842489228
3000000,281250,1,2,-1,10,1,14.49290988949246,8.911350862569487,3.520865842489228
3000000,288000,-1,2,-1,10,1,14.516625412141527,8.911350862569487,3.520865842489228
3000000,288000,1,2,-1,10,0,0.0,8.911350862569487,3.520865842489228
3000000,291600,-1,6,-1,10,1,14.529047938263936,8.911350862569487,3.520865842489228
3000000,291600,1,6,-1,10,1,14.52904891807973,8.911350862569487,3.520865842489228
3000000,300000,-1,1,-1,10,0,0.0,8.911350862569487,3.520865842489228
3000000,300000,1,1,-1,9,1,14.557448378884015,7.346812748385779,3.520865842489228
3000000,303750,-1,5,-1,9,1,14.569869952380516,7.346812748385779,3.520865842489228
3000000,303750,1,5,-1,9,0,0.0,7.346812748385779,3.520865842489228
3000000,307200,-1,1,-1,9,1,14.581163964281098,7.346812748385779,3.520865842489228
3000000,307200,1,1,-1,9,0,0.0,7.346812748385779,3.520865842489228
3000000,311040,-1,5,-1,9,0,0.0,7.346812748385779,3.520865842489228
3000000,311040,1,5,-1,9,1,14.593587408598072,7.346812748385779,3.520865842489228
3000000,312500,-1,0,1,9,0,0.0,3.6734063741928895,1.760432921244614
3000000,312500,1,0,1,9,0,0.0,3.6734063741928895,1.760432921244614
3000000,320000,-1,0,1,9,0,0.0,3.6734063741928895,1.760432921244614
3000000,320000,1,0,1,9,0,0.0,3.6734063741928895,1.760432921244614
3000000,324000,-1,4,-1,9,0,0.0,7.346812748385779,3.520865842489228
3000000,324000,1,4,-1,9,1,14.63440938474679,7.346812748385779,3.520865842489228
3000000,327680,-1,0,1,9,0,0.0,3.6734063741928895,1.760432921244614
3000000,327680,1,0,1,9,0,0.0,3.6734063741928895,1.760432921244614
3000000,328050,-1,8,-1,9,0,0.0,7.346812748385779,3.520865842489228
3000000,328050,1,8,-1,9,1,14.646831899301928,7.346812748385779,3.520865842489228
3000000,337500,-1,3,-1,8,0,0.0,5.700739474673018,3.520865842489228
3000000,337500,1,3,-1,8,1,14.675231361630368,5.700739474673018,3.520865842489228
3000000,345600,-1,3,-1,8,0,0.0,5.700739474673018,3.520865842489228
3000000,345600,1,3,-1,8,0,0.0,5.700739474673018,3.520865842489228
3000000,349920,-1,7,-1,8,1,14.711369576709243,5.700739474673018,3.520865842489228
3000000,349920,1,7,-1,8,1,14.711370393222406,5.700739474673018,3.520865842489228
3000000,360000,-1,2,-1,8,0,0.0,5.700739474673018,3.520865842489228
3000000,360000,1,2,-1,8,0,0.0,5.700739474673018,3.520865842489228
3000000,364500,-1,6,-1,8,1,14.752191587559768,5.700739474673018,3.520865842489228
3000000,364500,1,6,-1,8,1,14.752192371412404,5.700739474673018,3.520865842489228
3000000,368640,-1,2,-1,8,0,0.0,5.700739474673018,3.520865842489228
3000000,368640,1,2,-1,8,0,0.0,5.700739474673018,3.520865842489228
3000000,375000,-1,1,-1,8,0,0.0,5.700739474673018,3.520865842489228
3000000,375000,1,1,-1,7,1,14.78059183496017,3.952043241549418,3.520865842489228
3000000,384000,-1,1,-1,7,1,14.804307608601299,3.952043241549418,3.520865842489228
3000000,384000,1,1,-1,7,0,0.0,3.952043241549418,3.520865842489228
3000000,388800,-1,5,-1,7,0,0.0,3.952043241549418,3.520865842489228
3000000,388800,1,5,-1,7,0,0.0,3.952043241549418,3.520865842489228
3000000,393660,-1,9,-1,7,1,14.829152657727487,3.952043241549418,3.520865842489228
3000000,393660,1,9,-1,7,0,0.0,3.952043241549418,3.520865842489228
3000000,400000,-1,0,1,7,0,0.0,1.976021620774709,1.760432921244614
3000000,400000,1,0,1,7,1,14.845130332288226,1.976021620774709,1.760432921244614
3000000,405000,-1,4,-1,7,0,0.0,3.952043241549418,3.520865842489228
3000000,405000,1,4,-1,7,0,0.0,3.952043241549418,3.520865842489228
3000000,409600,-1,0,1,7,0,0.0,1.976021620774709,1.760432921244614
3000000,409600,1,0,1,7,0,0.0,1.976021620774709,1.760432921244614
3000000,414720,-1,4,-1,7,0,0.0,3.952043241549418,3.520865842489228
3000000,414720,1,4,-1,7,1,14.881269366227736,3.952043241549418,3.520865842489228
10000000,10,-1,0,1,1000000,9257,138225.54670055007,138412.12760818028,1.760432921244614
10000000,10,1,0,1,999999,9266,138207.16338038028,138412.00018379177,1.760432921244614
10000000,20,-1,0,1,500000,4917,73315.13494865585,73238.68206153042,1.760432921244614
10000000,20,1,0,1,499999,4848,72295.2301506186,73238.54790634787,1.760432921244614
10000000,30,-1,1,-1,333333,6728,100186.25567406518,101101.45887465322,3.520865842489228
10000000,30,1,1,-1,333333,6795,101411.97952113082,101101.45887465322,3.520865842489228
10000000,40,-1,0,1,250000,2607,38848.054607395105,38888.63230219955,1.760432921244614
10000000,40,1,0,1,249999,2568,38288.29659084748,38888.49066549645,1.760432921244614
10000000,50,-1,0,1,200000,2108,31382.218125204727,31744.86147575511,1.760432921244614
10000000,50,1,0,1,199999,2113,31513.457889778532,31744.71724973476,1.760432921244614
10000000,60,-1,1,-1,166666,3570,53200.357436028746,53804.142278538944,3.520865842489228
10000000,60,1,1,-1,166666,3635,54129.68462107647,53804.142278538944,3.520865842489228
10000000,80,-1,0,1,125000,1406,20965.087064291096,20731.04138851415,1.760432921244614
10000000,80,1,0,1,124999,1417,21116.280459105834,20730.891386540025,1.760432921244614
10000000,90,-1,2,-1,111111,2507,37367.94351972309,37274.69398378042,3.520865842489228
10000000,90,1,2,-1,111111,2447,36493.1918254899,37274.69398378042,3.520865842489228
10000000,100,-1,0,1,100000,1147,17082.897297381933,16946.234341831387,1.760432921244614
10000000,100,1,0,1,99999,1156,17217.84357202224,16946.081432504285,1.760432921244614
10000000,120,-1,1,-1,83333,1915,28500.228104624217,28755.845312715093,3.520865842489228
10000000,120,1,1,-1,83333,1910,28428.20543833611,28755.845312715093,3.520865842489228
10000000,150,-1,1,-1,66666,1585,23585.61393631074,23527.00235492142,3.520865842489228
10000000,150,1,1,-1,66666,1566,23298.601901232745,23527.00235492142,3.520865842489228
10000000,160,-1,0,1,62500,734,10923.832709275759,11101.322278404541,1.760432921244614
10000000,160,1,0,1,62499,726,10822.62941505913,11101.162860976548,1.760432921244614
10000000,180,-1,2,-1,55555,1354,20142.8087173233,19976.677889767518,3.520865842489228
10000000,180,1,2,-1,55555,1344,20052.29355574725,19976.677889767518,3.520865842489228
10000000,200,-1,0,1,50000,634,9435.67464600912,9088.960563469245,1.760432921244614
10000000,200,1,0,1,49999,589,8765.284435624784,9088.797858236103,1.760432921244614
10000000,240,-1,1,-1,41666,980,14553.672165801929,15443.547272491927,3.520865842489228
10000000,240,1,1,-1,41666,1016,15117.640999825002,15443.547272491927,3.520865842489228
10000000,250,-1,0,1,40000,494,7361.42711381901,7445.53401073064,1.760432921244614
10000000,250,1,0,1,39999,490,7291.131031060415,7445.367879214153,1.760432921244614
10000000,270,-1,3,-1,37037,888,13194.126780595427,13903.02746926317,3.520865842489228
10000000,270,1,3,-1,37037,923,13758.126369595173,13903.02746926317,3.520865842489228
10000000,300,-1,1,-1,33333,827,12330.547767101622,12657.182460821039,3.520865842489228
10000000,300,1,1,-1,33333,833,12408.705134678592,12657.182460821039,3.520865842489228
10000000,320,-1,0,1,31250,396,5881.076909907849,5975.397502343292,1.760432921244614
10000000,320,1,0,1,31249,410,6068.06671935675,5975.227408239658,1.760432921244614
10000000,360,-1,2,-1,27777,692,10313.825952049834,10762.68091283239,3.520865842489228
10000000,360,1,2,-1,27777,758,11314.4532377174,10762.68091283239,3.520865842489228
10000000,400,-1,0,1,25000,334,4990.979397147202,4901.118519364531,1.760432921244614
10000000,400,1,0,1,24999,329,4872.65429976369,4900.944677108394,1.760432921244614
10000000,450,-1,2,-1,22222,589,8779.769726530682,8830.821497002824,3.520865842489228
10000000,450,1,2,-1,22222,589,8800.553808618393,8830.821497002824,3.520865842489228
10000000,480,-1,1,-1,20833,574,8563.43486784122,8340.639841222846,3.520865842489228
10000000,480,1,1,-1,20833,557,8251.98880691932,8340.639841222846,3.520865842489228
10000000,500,-1,0,1,20000,263,3932.622616185667,4022.553056561512,1.760432921244614
10000000,500,1,0,1,19999,263,3882.8805154756396,4022.3752972261295,1.760432921244614
10000000,540,-1,3,-1,18518,503,7485.140260970564,7516.196623603729,3.520865842489228
10000000,540,1,3,-1,18518,507,7560.792375607653,7516.196623603729,3.520865842489228
10000000,600,-1,1,-1,16666,431,6425.906284710021,6849.098734533833,3.520865842489228
10000000,600,1,1,-1,16666,460,6834.859878224669,6849.098734533833,3.520865842489228
10000000,640,-1,0,1,15625,213,3176.4288374485373,3235.409601895334,1.760432921244614
10000000,640,1,0,1,15624,219,3244.4100292061785,3235.227298212217,1.760432921244614
10000000,720,-1,2,-1,13888,359,5332.769481469921,5833.678949659336,3.520865842489228
10000000,720,1,2,-1,13888,365,5427.229429000847,5833.678949659336,3.520865842489228
10000000,750,-1,1,-1,13333,343,5088.956724476042,5628.38632185117,3.520865842489228
10000000,750,1,1,-1,13333,357,5292.391884851552,5628.38632185117,3.520865842489228
10000000,800,-1,0,1,12500,182,2703.031672118165,2659.277383981612,1.760432921244614
10000000,800,1,0,1,12499,177,2646.386429590309,2659.0907678384747,1.760432921244614
10000000,810,-1,4,-1,12345,356,5283.065336837545,5260.665795650261,3.520865842489228
10000000,810,1,4,-1,12345,355,5271.081805668724,5260.665795650261,3.520865842489228
10000000,900,-1,2,-1,11111,324,4794.787549847159,4796.937789099194,3.520865842489228
10000000,900,1,2,-1,11111,321,4762.068933703818,4796.937789099194,3.520865842489228
10000000,960,-1,1,-1,10416,275,4062.220270691685,4533.357483314848,3.520865842489228
10000000,960,1,1,-1,10416,313,4689.631477933307,4533.357483314848,3.520865842489228
10000000,1000,-1,0,1,10000,144,2156.672501163561,2187.3425303412405,1.760432921244614
10000000,1000,1,0,1,9999,139,2054.7959669827023,2187.151392727713,1.760432921244614
10000000,1080,-1,3,-1,9259,281,4189.574596072754,4090.2454328716367,3.520865842489228
10000000,1080,1,3,-1,9259,291,4327.638419508313,4090.2454328716367,3.520865842489228
10000000,1200,-1,1,-1,8333,256,3796.8789904330306,3731.238004992963,3.520865842489228
10000000,1200,1,1,-1,8333,247,3679.6067657959006,3731.238004992963,3.520865842489228
10000000,1250,-1,0,1,8000,120,1788.2667080825966,1800.5387439157146,1.760432921244614
10000000,1250,1,0,1,7999,123,1843.1913028130014,1800.3428602381177,1.760432921244614
10000000,1280,-1,0,1,7812,108,1624.6039322923414,1763.6642546722646,1.760432921244614
10000000,1280,1,0,1,7812,112,1667.1349952933344,1763.6642546722646,1.760432921244614
10000000,1350,-1,3,-1,7407,223,3333.282657798908,3367.7728030888497,3.520865842489228
10000000,1350,1,3,-1,7407,231,3420.3510176935233,3367.7728030888497,3.520865842489228
10000000,1440,-1,2,-1,6944,219,3242.170130342986,3184.159219915499,3.520865842489228
10000000,1440,1,2,-1,6944,203,3031.4701764903803,3184.159219915499,3.520865842489228
10000000,1500,-1,1,-1,6666,202,2993.174506871174,3073.2510760055948,3.520865842489228
10000000,1500,1,1,-1,6666,197,2922.3368663146084,3073.2510760055948,3.520865842489228
10000000,1600,-1,0,1,6250,101,1496.403460292688,1453.1476435723846,1.760432921244614
10000000,1600,1,0,1,6249,98,1465.6346266540527,1452.9462269579806,1.760432921244614
10000000,1620,-1,4,-1,6172,187,2790.701239754452,2874.85203520157,3.520865842489228
10000000,1620,1,4,-1,6172,194,2882.1385283764866,2874.85203520157,3.520865842489228
10000000,1800,-1,2,-1,5555,173,2579.351610070589,2624.4612075019754,3.520865842489228
10000000,1800,1,2,-1,5555,171,2541.205453225359,2624.4612075019754,3.520865842489228
10000000,1920,-1,1,-1,5208,174,2577.906244256968,2482.2414067124596,3.520865842489228
10000000,1920,1,1,-1,5208,165,2455.017855906834,2482.2414067124596,3.520865842489228
10000000,2000,-1,0,1,5000,79,1158.7541500480786,1198.232069697593,1.760432921244614
10000000,2000,1,0,1,4999,69,1032.1314899596227,1198.0253755963142,1.760432921244614
10000000,2160,-1,3,-1,4629,144,2140.9284567538107,2242.4095733372765,3.520865842489228
10000000,2160,1,3,-1,4629,141,2078.638111103754,2242.4095733372765,3.520865842489228
10000000,2250,-1,2,-1,4444,138,2044.8351758640522,2165.0492769699263,3.520865842489228
10000000,2250,1,2,-1,4444,134,1989.409973610801,2165.0492769699263,3.520865842489228
10000000,2400,-1,1,-1,4166,135,2007.3152909748826,2048.0702384492024,3.520865842489228
10000000,2400,1,1,-1,4166,145,2170.7679470378735,2048.0702384492024,3.520865842489228
10000000,2430,-1,5,-1,4115,130,1932.9647206796644,2026.5102002334224,3.520865842489228
10000000,2430,1,5,-1,4115,130,1939.6910822478146,2026.5102002334224,3.520865842489228
10000000,2500,-1,0,1,4000,67,989.0660378745692,988.8878704110105,1.760432921244614
10000000,2500,1,0,1,3999,60,889.9625880018256,988.6756146937258,1.760432921244614
10000000,2560,-1,0,1,3906,66,974.82204977751,968.907590004543,1.760432921244614
10000000,2560,1,0,1,3906,61,905.5749895600661,968.907590004543,1.760432921244614
10000000,2700,-1,3,-1,3703,127,1885.6398683903033,1851.1153056941748,3.520865842489228
10000000,2700,1,3,-1,3703,112,1662.4767919444125,1851.1153056941748,3.520865842489228
10000000,2880,-1,2,-1,3472,111,1654.6746974097514,1751.7481187346548,3.520865842489228
10000000,2880,1,2,-1,3472,120,1774.9281282718168,1751.7481187346548,3.520865842489228
10000000,3000,-1,1,-1,3333,106,1563.93800228961,1691.5674036818662,3.520865842489228
10000000,3000,1,1,-1,3333,117,1730.5055827972121,1691.5674036818662,3.520865842489228
10000000,3200,-1,0,1,3125,48,719.8171566498241,800.4640113035534,1.760432921244614
10000000,3200,1,0,1,3124,58,851.8849456079072,800.2452432585734,1.760432921244614
10000000,3240,-1,4,-1,3086,101,1499.9263003110336,1583.8511536648355,3.520865842489228
10000000,3240,1,4,-1,3086,112,1653.2449908166175,1583.8511536648355,3.520865842489228
10000000,3600,-1,2,-1,2777,96,1424.006078949885,1447.5628172256982,3.520865842489228
10000000,3600,1,2,-1,2777,90,1344.8444516886611,1447.5628172256982,3.520865842489228
10000000,3750,-1,1,-1,2666,101,1504.5654642888878,1398.1477912390687,3.520865842489228
10000000,3750,1,1,-1,2666,87,1291.9824485674283,1398.1477912390687,3.520865842489228
10000000,3840,-1,1,-1,2604,102,1509.803645132768,1370.4336229428357,3.520865842489228
10000000,3840,1,1,-1,2604,81,1205.1776425843066,1370.4336229428357,3.520865842489228
10000000,4000,-1,0,1,2500,43,645.5933773854454,661.8776623769132,1.760432921244614
10000000,4000,1,0,1,2499,49,720.765575857897,661.6526537398329,1.760432921244614
10000000,4050,-1,4,-1,2469,82,1211.2288861376474,1309.7940336064783,3.520865842489228
10000000,4050,1,4,-1,2469,82,1213.6962802885396,1309.7940336064783,3.520865842489228
10000000,4320,-1,3,-1,2314,83,1233.9557971186798,1239.6433432923557,3.520865842489228
10000000,4320,1,3,-1,2314,88,1292.7986334024763,1239.6433432923557,3.520865842489228
10000000,4500,-1,2,-1,2222,90,1350.3518334482296,1197.7205018720597,3.520865842489228
10000000,4500,1,2,-1,2222,83,1239.3640975394173,1197.7205018720597,3.520865842489228
10000000,4800,-1,1,-1,2083,81,1210.126003963883,1133.9480548956608,3.520865842489228
10000000,4800,1,1,-1,2083,66,976.1379408844199,1133.9480548956608,3.520865842489228
10000000,4860,-1,5,-1,2057,84,1233.1007202352514,1121.95866813048,3.520865842489228
10000000,4860,1,5,-1,2057,66,988.3272098034146,1121.95866813048,3.520865842489228
10000000,5000,-1,0,1,2000,31,460.4446364881488,547.8021127569734,1.760432921244614
10000000,5000,1,0,1,1999,30,439.72086893949023,547.5704967291516,1.760432921244614
10000000,5120,-1,0,1,1953,27,401.2802511535532,536.8995210784955,1.760432921244614
10000000,5120,1,0,1,1953,34,504.53067323388865,536.8995210784955,1.760432921244614
10000000,5400,-1,3,-1,1851,65,956.8172429334222,1026.2355883823784,3.520865842489228
10000000,5400,1,3,-1,1851,71,1060.8861158013858,1026.2355883823784,3.520865842489228
10000000,5760,-1,2,-1,1736,59,869.4863311716445,972.1892192010862,3.520865842489228
10000000,5760,1,2,-1,1736,66,980.5984521295768,972.1892192010862,3.520865842489228
10000000,6000,-1,1,-1,1666,71,1056.038806176025,939.0578148472724,3.520865842489228
10000000,6000,1,1,-1,1666,61,905.820873176151,939.0578148472724,3.520865842489228
10000000,6250,-1,0,1,1600,33,489.2900497755788,453.8236902395454,1.760432921244614
10000000,6250,1,0,1,1599,31,459.44368433591285,453.58506662367273,1.760432921244614
10000000,6400,-1,0,1,1562,30,437.00709993191765,444.74163365298193,1.760432921244614
10000000,6400,1,0,1,1562,34,506.8704937997028,444.74163365298193,1.760432921244614
10000000,6480,-1,4,-1,1543,54,801.3386979788731,880.3787536296045,3.520865842489228
10000000,6480,1,4,-1,1543,61,904.7344844209317,880.3787536296045,3.520865842489228
10000000,6750,-1,3,-1,1481,55,813.4524053510631,850.561690378277,3.520865842489228
10000000,6750,1,3,-1,1481,55,817.3243735419447,850.561690378277,3.520865842489228
10000000,7200,-1,2,-1,1388,55,812.2698923600054,805.5114929131456,3.520865842489228
10000000,7200,1,2,-1,1388,60,892.4797185008288,805.5114929131456,3.520865842489228
10000000,7290,-1,6,-1,1371,49,743.4981171558467,797.2322230261666,3.520865842489228
10000000,7290,1,6,-1,1371,56,829.0126321713187,797.2322230261666,3.520865842489228
10000000,7500,-1,1,-1,1333,57,843.7912290734362,778.6738421435476,3.520865842489228
10000000,7500,1,1,-1,1333,54,801.0806232573309,778.6738421435476,3.520865842489228
10000000,7680,-1,1,-1,1302,51,758.9150627952625,763.4796580116807,3.520865842489228
10000000,7680,1,1,-1,1302,47,696.9119387470947,763.4796580116807,3.520865842489228
10000000,8000,-1,0,1,1250,21,313.97359130585613,368.93918135949895,1.760432921244614
10000000,8000,1,0,1,1249,25,371.3937107122357,368.69229359030703,1.760432921244614
10000000,8100,-1,4,-1,1234,50,744.1021269543564,729.9712681317181,3.520865842489228
10000000,8100,1,4,-1,1234,44,648.4185935240105,729.9712681317181,3.520865842489228
10000000,8640,-1,3,-1,1157,47,707.8406756619302,691.7123183983992,3.520865842489228
10000000,8640,1,3,-1,1157,43,656.4497185055932,691.7123183983992,3.520865842489228
10000000,9000,-1,2,-1,1111,40,599.9653924791219,668.6851331511878,3.520865842489228
10000000,9000,1,2,-1,1111,43,640.7215387780949,668.6851331511878,3.520865842489228
10000000,9600,-1,1,-1,1041,46,688.8916778568736,633.3795295244287,3.520865842489228
10000000,9600,1,1,-1,1041,37,552.3411911321875,633.3795295244287,3.520865842489228
10000000,9720,-1,5,-1,1028,47,701.7327385174746,626.7858296252479,3.520865842489228
10000000,9720,1,5,-1,1028,36,532.7869927381249,626.7858296252479,3.520865842489228
10000000,10000,-1,0,1,1000,19,285.02272569212954,306.2714401407081,1.760432921244614
10000000,10000,1,0,1,999,18,268.93674411623044,306.01657291838643,1.760432921244614
10000000,10240,-1,0,1,976,19,278.28936485245384,300.1443333249306,1.760432921244614
10000000,10240,1,0,1,976,19,280.5109035679674,300.1443333249306,1.760432921244614
10000000,10800,-1,3,-1,925,36,540.677406032648,574.1010442693122,3.520865842489228
10000000,10800,1,3,-1,925,40,593.4524677983165,574.1010442693122,3.520865842489228
10000000,11250,-1,2,-1,888,43,653.3774760164545,554.9701223289634,3.520865842489228
10000000,11250,1,2,-1,888,35,513.0709857624153,554.9701223289634,3.520865842489228
10000000,11520,-1,2,-1,868,30,439.8006073382405,544.5804381218863,3.520865842489228
10000000,11520,1,2,-1,868,38,574.3955334701999,544.5804381218863,3.520865842489228
10000000,12000,-1,1,-1,833,36,533.4679972764727,526.3125484726999,3.520865842489228
10000000,12000,1,1,-1,833,37,554.6392103928872,526.3125484726999,3.520865842489228
10000000,12150,-1,5,-1,823,40,591.870596349825,521.0723891005596,3.520865842489228
10000000,12150,1,5,-1,823,37,549.6173638707447,521.0723891005596,3.520865842489228
10000000,12500,-1,0,1,800,14,204.4849129260489,254.49187170808713,1.760432921244614
10000000,12500,1,0,1,799,18,268.2107980473977,254.22849102426167,1.760432921244614
10000000,12800,-1,0,1,781,18,268.95319980037993,249.47912506977926,1.760432921244614
10000000,12800,1,0,1,781,15,226.68350869034194,249.47912506977926,1.760432921244614
10000000,12960,-1,4,-1,771,34,517.291898858826,493.66701193379515,3.520865842489228
10000000,12960,1,4,-1,771,37,551.1952718880286,493.66701193379515,3.520865842489228
10000000,13500,-1,3,-1,740,33,483.3935734602449,477.1977059687171,3.520865842489228
10000000,13500,1,3,-1,740,30,450.70721071623694,477.1977059687171,3.520865842489228
10000000,14400,-1,2,-1,694,26,390.5022238774699,452.56447824884634,3.520865842489228
10000000,14400,1,2,-1,694,28,414.6687108403728,452.56447824884634,3.520865842489228
10000000,14580,-1,6,-1,685,27,406.90837624822217,447.7162531887906,3.520865842489228
10000000,14580,1,6,-1,685,29,435.0295162731569,447.7162531887906,3.520865842489228
10000000,15000,-1,1,-1,666,29,429.25110665657246,437.448833290812,3.520865842489228
10000000,15000,1,1,-1,666,24,358.7453333218832,437.448833290812,3.520865842489228
10000000,15360,-1,1,-1,651,25,377.6577474222746,429.3111589426054,3.520865842489228
10000000,15360,1,1,-1,651,26,393.78462485883347,429.3111589426054,3.520865842489228
10000000,16000,-1,0,1,625,15,229.4170625017217,207.5683232238627,1.760432921244614
10000000,16000,1,0,1,624,9,133.10844560966393,207.29483460022567,1.760432921244614
10000000,16200,-1,4,-1,617,25,367.78925518227294,410.7569984270642,3.520865842489228
10000000,16200,1,4,-1,617,18,269.8732938714061,410.7569984270642,3.520865842489228
10000000,17280,-1,3,-1,578,24,367.3896134797316,389.27662082982584,3.520865842489228
10000000,17280,1,3,-1,578,26,393.4996489179444,389.27662082982584,3.520865842489228
10000000,18000,-1,2,-1,555,24,359.73667003229144,376.5025280038436,3.520865842489228
10000000,18000,1,2,-1,555,23,346.7314170140137,376.5025280038436,3.520865842489228
10000000,18750,-1,1,-1,533,23,340.3454640888287,364.20521463524824,3.520865842489228
10000000,18750,1,1,-1,533,26,384.50094099126267,364.20521463524824,3.520865842489228
10000000,19200,-1,1,-1,520,26,385.3731668372622,356.9007676351437,3.520865842489228
10000000,19200,1,1,-1,520,24,355.87346985808495,356.9007676351437,3.520865842489228
10000000,19440,-1,5,-1,514,21,316.61055975200014,353.5196736625809,3.520865842489228
10000000,19440,1,5,-1,514,23,347.89986659560986,353.5196736625809,3.520865842489228
10000000,20000,-1,0,1,500,11,161.4729954741425,172.8028353938024,1.760432921244614
10000000,20000,1,0,1,499,13,194.4517810066843,172.51951641107013,1.760432921244614
10000000,20250,-1,4,-1,493,19,284.4358988989394,341.6353489318773,3.520865842489228
10000000,20250,1,4,-1,493,20,299.112556806661,341.6353489318773,3.520865842489228
10000000,20480,-1,0,1,488,5,74.25112776332301,169.39692087001814,1.760432921244614
10000000,20480,1,0,1,488,13,195.0927799304346,169.39692087001814,1.760432921244614
10000000,21600,-1,3,-1,462,24,366.57064718438374,323.9406383189603,3.520865842489228
10000000,21600,1,3,-1,462,19,281.9856336264171,323.9406383189603,3.520865842489228
10000000,21870,-1,7,-1,457,24,361.5048424946401,321.0688684993602,3.520865842489228
10000000,21870,1,7,-1,457,17,253.74796206130728,321.0688684993602,3.520865842489228
10000000,22500,-1,2,-1,444,20,301.1267545662163,313.57804711421153,3.520865842489228
10000000,22500,1,2,-1,444,19,287.5846306800696,313.57804711421153,3.520865842489228
10000000,23040,-1,2,-1,434,20,299.6122667191691,307.7914043233287,3.520865842489228
10000000,23040,1,2,-1,434,19,286.99623888446433,307.7914043233287,3.520865842489228
10000000,24000,-1,1,-1,416,20,298.419524185642,297.31954495641526,3.520865842489228
10000000,24000,1,1,-1,416,22,333.75926735003577,297.31954495641526,3.520865842489228
10000000,24300,-1,5,-1,411,18,266.29938476001047,294.3974945523829,3.520865842489228
10000000,24300,1,5,-1,411,21,315.2129012676373,294.3974945523829,3.520865842489228
10000000,25000,-1,0,1,400,8,123.38944500950821,143.97401719076063,1.760432921244614
10000000,25000,1,0,1,399,10,149.02789038119712,143.68013234915276,1.760432921244614
10000000,25600,-1,0,1,390,6,91.5644947088723,141.02958325350622,1.760432921244614
10000000,25600,1,0,1,390,7,104.3591126889072,141.02958325350622,1.760432921244614
10000000,25920,-1,4,-1,385,14,205.38713035759662,279.105274571881,3.520865842489228
10000000,25920,1,4,-1,385,19,284.4718232602583,279.105274571881,3.520865842489228
10000000,27000,-1,3,-1,370,20,299.6450041722516,270.204433153342,3.520865842489228
10000000,27000,1,3,-1,370,15,225.2378843983867,270.204433153342,3.520865842489228
10000000,28800,-1,2,-1,347,15,224.611042172917,256.43631654019777,3.520865842489228
10000000,28800,1,2,-1,347,14,207.4932056514126,256.43631654019777,3.520865842489228
10000000,29160,-1,6,-1,342,14,210.4290622458856,253.42295105110884,3.520865842489228
10000000,29160,1,6,-1,342,11,166.27439710777782,253.42295105110884,3.520865842489228
10000000,30000,-1,1,-1,333,16,240.2807540677246,247.9797400748313,3.520865842489228
10000000,30000,1,1,-1,333,13,195.3736003799182,247.9797400748313,3.520865842489228
10000000,30720,-1,1,-1,325,14,209.35385072455065,243.1200425014147,3.520865842489228
10000000,30720,1,1,-1,325,13,194.5410572233777,243.1200425014147,3.520865842489228
10000000,31250,-1,0,1,320,8,118.82063693172802,120.03612443892294,1.760432921244614
10000000,31250,1,0,1,319,7,105.28668770108114,119.73085182114566,1.760432921244614
10000000,32000,-1,0,1,312,6,85.92083295780509,117.58925470393896,1.760432921244614
10000000,32000,1,0,1,312,9,133.8426615956459,117.58925470393896,1.760432921244614
10000000,32400,-1,4,-1,308,16,236.19286363592076,232.7234743087218,3.520865842489228
10000000,32400,1,4,-1,308,15,227.69357635993808,232.7234743087218,3.520865842489228
10000000,33750,-1,3,-1,296,13,195.5399057660468,225.3245447180491,3.520865842489228
10000000,33750,1,3,-1,296,14,212.12854358346704,225.3245447180491,3.520865842489228
10000000,34560,-1,3,-1,289,13,189.83839968722904,220.98425162728432,3.520865842489228
10000000,34560,1,3,-1,289,17,251.52251989533403,220.98425162728432,3.520865842489228
10000000,36000,-1,2,-1,277,14,214.2783536568523,213.50014092357014,3.520865842489228
10000000,36000,1,2,-1,277,12,175.3259710115003,213.50014092357014,3.520865842489228
10000000,36450,-1,6,-1,274,11,162.3570171286424,211.6202004794075,3.520865842489228
10000000,36450,1,6,-1,274,16,240.5398330891533,211.6202004794075,3.520865842489228
10000000,37500,-1,1,-1,266,12,180.2265762408319,206.58892974676615,3.520865842489228
10000000,37500,1,1,-1,266,16,235.9312570838174,206.58892974676615,3.520865842489228
10000000,38400,-1,1,-1,260,12,183.63523940504686,202.7977016750335,3.520865842489228
10000000,38400,1,1,-1,260,16,240.84114062636735,202.7977016750335,3.520865842489228
10000000,38880,-1,5,-1,257,11,166.52163458084397,200.8962056573515,3.520865842489228
10000000,38880,1,5,-1,257,12,181.90619360165576,200.8962056573515,3.520865842489228
10000000,40000,-1,0,1,250,8,121.61125989386989,98.22184866811251,1.760432921244614
10000000,40000,1,0,1,249,6,89.22365041977325,97.90289834360806,1.760432921244614
10000000,40500,-1,4,-1,246,13,191.80995950404912,193.8892975695204,3.520865842489228
10000000,40500,1,4,-1,246,9,133.7979121994042,193.8892975695204,3.520865842489228
10000000,40960,-1,0,1,244,6,90.34285332538985,96.30463733085614,1.760432921244614
10000000,40960,1,0,1,244,5,73.31567758198301,96.30463733085614,1.760432921244614
10000000,43200,-1,3,-1,231,13,191.94514762836337,184.24158174209748,3.520865842489228
10000000,43200,1,3,-1,231,11,167.66529718911778,184.24158174209748,3.520865842489228
10000000,43740,-1,7,-1,228,7,102.37497607439091,182.2984609036478,3.520865842489228
10000000,43740,1,7,-1,228,13,195.56202286234998,182.2984609036478,3.520865842489228
10000000,45000,-1,2,-1,222,12,179.7595659430344,178.39798791707278,3.520865842489228
10000000,45000,1,2,-1,222,9,139.01107962629519,178.39798791707278,3.520865842489228
10000000,46080,-1,2,-1,217,12,179.4235178594128,175.13267983787793,3.520865842489228
10000000,46080,1,2,-1,217,8,119.3080000057175,175.13267983787793,3.520865842489228
10000000,48000,-1,1,-1,208,7,105.31633488071266,169.21949778653138,3.520865842489228
10000000,48000,1,1,-1,208,10,152.48120495963173,169.21949778653138,3.520865842489228
10000000,48600,-1,5,-1,205,6,87.85676518539647,167.23787936431603,3.520865842489228
10000000,48600,1,5,-1,205,10,146.55555940379162,167.23787936431603,3.520865842489228
10000000,50000,-1,0,1,200,5,76.77844182873937,81.96150159315496,1.760432921244614
10000000,50000,1,0,1,199,5,77.34143415838616,81.62908181366099,1.760432921244614
10000000,51200,-1,0,1,195,5,75.24179471501994,80.29622326583981,1.760432921244614
10000000,51200,1,0,1,195,5,78.00784221841862,80.29622326583981,1.760432921244614
10000000,51840,-1,4,-1,192,8,119.75353455849928,158.58635564154855,3.520865842489228
10000000,51840,1,4,-1,192,7,106.52463755558313,158.58635564154855,3.520865842489228
10000000,54000,-1,3,-1,185,11,166.79907535210558,153.8820278333587,3.520865842489228
10000000,54000,1,3,-1,185,8,122.99311803318231,153.8820278333587,3.520865842489228
10000000,56250,-1,2,-1,177,5,72.0726069718883,148.4636275899655,3.520865842489228
10000000,56250,1,2,-1,177,6,88.41681068432767,148.4636275899655,3.520865842489228
10000000,57600,-1,2,-1,173,9,134.18421627686806,145.73678744764717,3.520865842489228
10000000,57600,1,2,-1,173,8,120.56693143302738,145.73678744764717,3.520865842489228
10000000,58320,-1,6,-1,171,13,194.44913595986,144.36879328697864,3.520865842489228
10000000,58320,1,6,-1,171,11,165.2635155536539,144.36879328697864,3.520865842489228
10000000,60000,-1,1,-1,166,10,147.7063212341358,140.9350649923557,3.520865842489228
10000000,60000,1,1,-1,166,7,101.22973941843495,140.9350649923557,3.520865842489228
10000000,60750,-1,5,-1,164,9,137.05196311518418,139.55593874219494,3.520865842489228
10000000,60750,1,5,-1,164,12,180.19386553898124,139.55593874219494,3.520865842489228
10000000,61440,-1,1,-1,162,13,196.77971203357708,138.17351057347432,3.520865842489228
10000000,61440,1,1,-1,162,6,88.71637078611414,138.17351057347432,3.520865842489228
10000000,62500,-1,0,1,160,3,43.86544277666665,68.3938617875462,1.760432921244614
10000000,62500,1,0,1,159,4,57.17770288441832,68.0467761272357,1.760432921244614
10000000,64000,-1,0,1,156,4,61.24648709355094,67.00291831647206,1.760432921244614
10000000,64000,1,0,1,156,3,46.535722908076465,67.00291831647206,1.760432921244614
10000000,64800,-1,4,-1,154,9,133.11613081637879,132.6096138183187,3.520865842489228
10000000,64800,1,4,-1,154,11,166.97255378428966,132.6096138183187,3.520865842489228
10000000,65610,-1,8,-1,152,8,120.77957334319382,131.20978626371027,3.520865842489228
10000000,65610,1,8,-1,152,8,118.86891987607521,131.20978626371027,3.520865842489228
10000000,67500,-1,3,-1,148,9,133.88126170035886,128.399048887289,3.520865842489228
10000000,67500,1,3,-1,148,9,137.25401122892174,128.399048887289,3.520865842489228
10000000,69120,-1,3,-1,144,8,117.96910122235677,125.57306595936211,3.520865842489228
10000000,69120,1,3,-1,144,7,104.40277994895372,125.57306595936211,3.520865842489228
10000000,72000,-1,2,-1,138,11,166.1724288175048,121.30418893753625,3.520865842489228
10000000,72000,1,2,-1,138,6,90.6954148321487,121.30418893753625,3.520865842489228
10000000,72900,-1,6,-1,137,9,136.26479995553996,120.58909206622447,3.520865842489228
10000000,72900,1,6,-1,137,6,91.68730838320518,120.58909206622447,3.520865842489228
10000000,75000,-1,1,-1,133,11,164.45364240542483,117.7179764071519,3.520865842489228
10000000,75000,1,1,-1,133,9,136.02233676233587,117.7179764071519,3.520865842489228
10000000,76800,-1,1,-1,130,11,164.76343374190822,115.55305554402564,3.520865842489228
10000000,76800,1,1,-1,130,5,75.45298521322232,115.55305554402564,3.520865842489228
10000000,77760,-1,5,-1,128,9,137.04792913962274,114.10407941409606,3.520865842489228
10000000,77760,1,5,-1,128,3,44.63738115554745,114.10407941409606,3.520865842489228
10000000,80000,-1,0,1,125,3,44.88684172943675,55.96090943614273,1.760432921244614
10000000,80000,1,0,1,124,4,59.85982932918827,55.596000076640145,1.760432921244614
10000000,81000,-1,4,-1,123,6,88.91161921973,110.4609593779511,3.520865842489228
10000000,81000,1,4,-1,123,5,74.54759357853982,110.4609593779511,3.520865842489228
10000000,81920,-1,0,1,122,3,45.24655562739697,54.864341230486716,1.760432921244614
10000000,81920,1,0,1,122,2,31.09226537968371,54.864341230486716,1.760432921244614
10000000,86400,-1,3,-1,115,5,75.73476402449717,104.56688656892636,3.520865842489228
10000000,86400,1,3,-1,115,7,102.76382678170422,104.56688656892636,3.520865842489228
10000000,87480,-1,7,-1,114,6,91.40847862627048,103.82417722875309,3.520865842489228
10000000,87480,1,7,-1,114,9,139.48063634498908,103.82417722875309,3.520865842489228
10000000,90000,-1,2,-1,111,9,136.29904588145166,101.5877180971946,3.520865842489228
10000000,90000,1,2,-1,111,7,107.0599744692563,101.5877180971946,3.520865842489228
10000000,92160,-1,2,-1,108,5,76.07056039170331,99.33838514167897,3.520865842489228
10000000,92160,1,2,-1,108,6,89.85639255480969,99.33838514167897,3.520865842489228
10000000,93750,-1,1,-1,106,2,30.345107015501046,97.8314258110306,3.520865842489228
10000000,93750,1,1,-1,106,3,45.70025132734363,97.8314258110306,3.520865842489228
10000000,96000,-1,1,-1,104,6,89.05367132414614,96.31835654115271,3.520865842489228
10000000,96000,1,1,-1,104,6,90.57397824387198,96.31835654115271,3.520865842489228
10000000,97200,-1,5,-1,102,8,119.37293260498977,94.79900861962979,3.520865842489228
10000000,97200,1,5,-1,102,3,44.58790124123333,94.79900861962979,3.520865842489228
10000000,100000,-1,0,1,100,0,0.0,46.636602518537856,1.760432921244614
10000000,100000,1,0,1,99,5,75.89223867068301,46.253912322181314,1.760432921244614
10000000,101250,-1,4,-1,98,2,29.845281820856634,91.74075989578562,3.520865842489228
10000000,101250,1,4,-1,98,7,102.23671370472647,91.74075989578562,3.520865842489228
10000000,102400,-1,0,1,97,2,29.321325762119756,45.48599302960093,1.760432921244614
10000000,102400,1,0,1,97,2,30.797731077604414,45.48599302960093,1.760432921244614
10000000,103680,-1,4,-1,96,3,45.93275333905007,90.20147776272732,3.520865842489228
10000000,103680,1,4,-1,96,4,59.93493327377135,90.20147776272732,3.520865842489228
10000000,108000,-1,3,-1,92,5,75.37488434359868,87.10156878744397,3.520865842489228
10000000,108000,1,3,-1,92,7,106.68838423071553,87.10156878744397,3.520865842489228
10000000,109350,-1,7,-1,91,3,43.847307462664304,86.32198349455683,3.520865842489228
10000000,109350,1,7,-1,91,2,31.16563986258369,86.32198349455683,3.520865842489228
10000000,112500,-1,2,-1,88,6,89.24963929739826,83.97169517679292,3.520865842489228
10000000,112500,1,2,-1,88,4,60.950918911524155,83.97169517679292,3.520865842489228
10000000,115200,-1,2,-1,86,5,74.50951016169041,82.39490905182076,3.520865842489228
10000000,115200,1,2,-1,86,5,78.9020317685783,82.39490905182076,3.520865842489228
10000000,116640,-1,6,-1,85,8,123.72852877931658,81.60343789955233,3.520865842489228
10000000,116640,1,6,-1,85,5,75.90662937082888,81.60343789955233,3.520865842489228
10000000,120000,-1,1,-1,83,3,43.83293250216898,80.01416294370294,3.520865842489228
10000000,120000,1,1,-1,83,3,47.143644746262865,80.01416294370294,3.520865842489228
10000000,121500,-1,5,-1,82,2,30.10369293650306,79.21628533707285,3.520865842489228
10000000,121500,1,5,-1,82,3,45.084718874383164,79.21628533707285,3.520865842489228
10000000,122880,-1,1,-1,81,7,109.36813774683148,78.41619654779602,3.520865842489228
10000000,122880,1,1,-1,81,1,14.283913531844442,78.41619654779602,3.520865842489228
10000000,125000,-1,0,1,80,1,16.105516767485632,38.80692837834129,1.760432921244614
10000000,125000,1,0,1,79,4,61.14595649775014,38.404612441429535,1.760432921244614
10000000,128000,-1,0,1,78,2,30.225209587793152,38.00112926319605,1.760432921244614
10000000,128000,1,0,1,78,1,15.837323119222718,38.00112926319605,1.760432921244614
10000000,129600,-1,4,-1,77,5,75.27780723684388,75.19291390749812,3.520865842489228
10000000,129600,1,4,-1,77,8,121.37168139945949,75.19291390749812,3.520865842489228
10000000,131220,-1,8,-1,76,5,74.67337999102044,74.38114580208568,3.520865842489228
10000000,131220,1,8,-1,76,3,46.03166944060342,74.38114580208568,3.520865842489228
10000000,135000,-1,3,-1,74,4,60.7694377010049,72.75015059916586,3.520865842489228
10000000,135000,1,3,-1,74,1,14.646243837206535,72.75015059916586,3.520865842489228
10000000,138240,-1,3,-1,72,2,30.276080294679925,71.10887953092376,3.520865842489228
10000000,138240,1,3,-1,72,5,77.57440907001812,71.10887953092376,3.520865842489228
10000000,144000,-1,2,-1,69,4,61.091491978442455,68.6267756409512,3.520865842489228
10000000,144000,1,2,-1,69,7,105.45759234532505,68.6267756409512,3.520865842489228
10000000,145800,-1,6,-1,68,7,106.27857931648968,67.79379356698783,3.520865842489228
10000000,145800,1,6,-1,68,3,45.858978986132364,67.79379356698783,3.520865842489228
10000000,150000,-1,1,-1,66,4,60.37283141942342,66.11904012197883,3.520865842489228
10000000,150000,1,1,-1,66,4,60.95250150362371,66.11904012197883,3.520865842489228
10000000,153600,-1,1,-1,65,2,30.084722765971197,65.2771377512567,3.520865842489228
10000000,153600,1,1,-1,65,3,44.247665797107544,65.2771377512567,3.520865842489228
10000000,155520,-1,5,-1,64,1,13.90043885017185,64.43212665026041,3.520865842489228
10000000,155520,1,5,-1,64,3,44.55591250864022,64.43212665026041,3.520865842489228
10000000,156250,-1,0,1,64,3,45.613119795870155,32.21606332513021,1.760432921244614
10000000,156250,1,0,1,63,2,28.429286048307013,31.791967326274904,1.760432921244614
10000000,160000,-1,0,1,62,2,30.951499601353238,31.366243323473725,1.760432921244614
10000000,160000,1,0,1,62,2,29.345756636442015,31.366243323473725,1.760432921244614
10000000,162000,-1,4,-1,61,4,62.20962767651955,61.87770440481976,3.520865842489228
10000000,162000,1,4,-1,61,3,44.899202338174035,61.87770440481976,3.520865842489228
10000000,163840,-1,0,1,61,3,45.63527467180141,30.93885220240988,1.760432921244614
10000000,163840,1,0,1,61,1,13.952556641819017,30.93885220240988,1.760432921244614
10000000,168750,-1,3,-1,59,7,108.15027128206651,60.157807578549935,3.520865842489228
10000000,168750,1,3,-1,59,2,31.200843505304064,60.157807578549935,3.520865842489228
10000000,172800,-1,3,-1,57,4,60.727161514969865,58.423548551550226,3.520865842489228
10000000,172800,1,3,-1,57,1,14.893103819822194,58.423548551550226,3.520865842489228
10000000,174960,-1,7,-1,57,4,61.83284263497468,58.423548551550226,3.520865842489228
10000000,174960,1,7,-1,57,2,30.303721351713122,58.423548551550226,3.520865842489228
10000000,180000,-1,2,-1,55,1,15.236206104255574,56.67416827105785,3.520865842489228
10000000,180000,1,2,-1,55,5,77.3027931764724,56.67416827105785,3.520865842489228
10000000,182250,-1,6,-1,54,2,29.78309642929195,55.79355105382226,3.520865842489228
10000000,182250,1,6,-1,54,4,59.27513459907368,55.79355105382226,3.520865842489228
10000000,184320,-1,2,-1,54,3,46.4016860133837,55.79355105382226,3.520865842489228
10000000,184320,1,2,-1,54,3,46.33499589159504,55.79355105382226,3.520865842489228
10000000,187500,-1,1,-1,53,3,46.21810699231052,54.90883576730669,3.520865842489228
10000000,187500,1,1,-1,53,4,62.78732143868211,54.90883576730669,3.520865842489228
10000000,192000,-1,1,-1,52,1,16.015398141904367,54.01990566227489,3.520865842489228
10000000,192000,1,1,-1,52,2,31.65499154916664,54.01990566227489,3.520865842489228
10000000,194400,-1,5,-1,51,1,14.575567976167381,53.126638144597905,3.520865842489228
10000000,194400,1,5,-1,51,3,45.63655473869025,53.126638144597905,3.520865842489228
10000000,196830,-1,9,-1,50,2,31.181474077407145,52.228904353846445,3.520865842489228
10000000,196830,1,9,-1,50,4,58.50235276471879,52.228904353846445,3.520865842489228
10000000,200000,-1,0,1,50,2,28.92300369867577,26.114452176923223,1.760432921244614
10000000,200000,1,0,1,49,0,0.0,25.66328435095672,1.760432921244614
10000000,202500,-1,4,-1,49,7,105.36343016801939,51.32656870191344,3.520865842489228
10000000,202500,1,4,-1,49,3,46.20094076925241,51.32656870191344,3.520865842489228
10000000,204800,-1,0,1,48,2,30.458514373130537,25.20974418346622,1.760432921244614
10000000,204800,1,0,1,48,0,0.0,25.20974418346622,1.760432921244614
10000000,207360,-1,4,-1,48,4,61.05759211687898,50.41948836693244,3.520865842489228
10000000,207360,1,4,-1,48,2,29.374773455263973,50.41948836693244,3.520865842489228
10000000,216000,-1,3,-1,46,3,45.35036707069912,48.59048279806886,3.520865842489228
10000000,216000,1,3,-1,46,1,15.650329676295165,48.59048279806886,3.520865842489228
10000000,218700,-1,7,-1,45,3,46.616275721564605,47.6682304571771,3.520865842489228
10000000,218700,1,7,-1,45,5,76.13097810177207,47.6682304571771,3.520865842489228
10000000,225000,-1,2,-1,44,6,92.44936187988654,46.740577795636526,3.520865842489228
10000000,225000,1,2,-1,44,1,14.888805380528378,46.740577795636526,3.520865842489228
10000000,230400,-1,2,-1,43,4,61.343807489625334,45.807336239830036,3.520865842489228
10000000,230400,1,2,-1,43,3,45.99596952833173,45.807336239830036,3.520865842489228
10000000,233280,-1,6,-1,42,1,16.073566689953218,44.86830564029046,3.520865842489228
10000000,233280,1,6,-1,42,2,30.42043354511918,44.86830564029046,3.520865842489228
10000000,240000,-1,1,-1,41,4,61.49463422659551,43.923273245643415,3.520865842489228
10000000,240000,1,1,-1,41,5,77.93598633832302,43.923273245643415,3.520865842489228
10000000,243000,-1,5,-1,41,3,47.71730489311899,43.923273245643415,3.520865842489228
10000000,243000,1,5,-1,41,3,46.32275706060925,43.923273245643415,3.520865842489228
10000000,245760,-1,1,-1,40,2,30.756466192019335,42.97201255647836,3.520865842489228
10000000,245760,1,1,-1,40,3,45.35811061024644,42.97201255647836,3.520865842489228
10000000,250000,-1,0,1,40,1,15.564710238860474,21.48600627823918,1.760432921244614
10000000,250000,1,0,1,39,1,15.373655386537118,21.00714102076465,1.760432921244614
10000000,256000,-1,0,1,39,0,0.0,21.00714102076465,1.760432921244614
10000000,256000,1,0,1,39,0,0.0,21.00714102076465,1.760432921244614
10000000,259200,-1,4,-1,38,1,15.030304304150619,41.04982369541151,3.520865842489228
10000000,259200,1,4,-1,38,3,47.030562593338935,41.04982369541151,3.520865842489228
10000000,262440,-1,8,-1,38,3,45.531671331389234,41.04982369541151,3.520865842489228
10000000,262440,1,8,-1,38,3,46.37670944805984,41.04982369541151,3.520865842489228
10000000,270000,-1,3,-1,37,3,44.86260353264866,40.078361413365585,3.520865842489228
10000000,270000,1,3,-1,37,1,15.450616412078707,40.078361413365585,3.520865842489228
10000000,276480,-1,3,-1,36,2,30.593176531857747,39.09959915384114,3.520865842489228
10000000,276480,1,3,-1,36,2,30.837440255540045,39.09959915384114,3.520865842489228
10000000,281250,-1,2,-1,35,2,29.604857190077436,38.113218854103934,3.520865842489228
10000000,281250,1,2,-1,35,3,45.519153938051595,38.113218854103934,3.520865842489228
10000000,288000,-1,2,-1,34,2,29.485236128401365,37.118878057101846,3.520865842489228
10000000,288000,1,2,-1,34,2,31.14036845928399,37.118878057101846,3.520865842489228
10000000,291600,-1,6,-1,34,1,14.529047938263936,37.118878057101846,3.520865842489228
10000000,291600,1,6,-1,34,1,14.52904891807973,37.118878057101846,3.520865842489228
10000000,300000,-1,1,-1,33,0,0.0,36.11620719922985,3.520865842489228
10000000,300000,1,1,-1,33,5,77.33827258706368,36.11620719922985,3.520865842489228
10000000,303750,-1,5,-1,32,1,14.569869952380516,35.104806497935044,3.520865842489228
10000000,303750,1,5,-1,32,3,46.04742908315122,35.104806497935044,3.520865842489228
10000000,307200,-1,1,-1,32,2,30.16085705237642,35.104806497935044,3.520865842489228
10000000,307200,1,1,-1,32,3,46.439420341628086,35.104806497935044,3.520865842489228
10000000,311040,-1,5,-1,32,4,62.30060399518492,35.104806497935044,3.520865842489228
10000000,311040,1,5,-1,32,2,30.376758564564927,35.104806497935044,3.520865842489228
10000000,312500,-1,0,1,32,1,15.596798558903966,17.552403248967522,1.760432921244614
10000000,312500,1,0,1,31,1,15.050255311866012,17.042121182348605,1.760432921244614
10000000,320000,-1,0,1,31,0,0.0,17.042121182348605,1.760432921244614
10000000,320000,1,0,1,31,1,16.043372212521,17.042121182348605,1.760432921244614
10000000,324000,-1,4,-1,30,0,0.0,33.05404325200862,3.520865842489228
10000000,324000,1,4,-1,30,3,46.21191643632076,33.05404325200862,3.520865842489228
10000000,327680,-1,0,1,30,0,0.0,16.52702162600431,1.760432921244614
10000000,327680,1,0,1,30,2,31.164777088236807,16.52702162600431,1.760432921244614
10000000,328050,-1,8,-1,30,1,15.53413447951653,33.05404325200862,3.520865842489228
10000000,328050,1,8,-1,30,5,76.72509737496422,33.05404325200862,3.520865842489228
10000000,337500,-1,3,-1,29,2,31.538574488915117,32.01369482148245,3.520865842489228
10000000,337500,1,3,-1,29,3,46.06611845775916,32.01369482148245,3.520865842489228
10000000,345600,-1,3,-1,28,1,15.150932325663236,30.96263429268615,3.520865842489228
10000000,345600,1,3,-1,28,0,0.0,30.96263429268615,3.520865842489228
10000000,349920,-1,7,-1,28,2,30.31004258857039,30.96263429268615,3.520865842489228
10000000,349920,1,7,-1,28,2,30.310043741294855,30.96263429268615,3.520865842489228
10000000,360000,-1,2,-1,27,1,15.358808454218593,29.900243796731846,3.520865842489228
10000000,360000,1,2,-1,27,1,15.35880888156902,29.900243796731846,3.520865842489228
10000000,364500,-1,6,-1,27,1,14.752191587559768,29.900243796731846,3.520865842489228
10000000,364500,1,6,-1,27,1,14.752192371412404,29.900243796731846,3.520865842489228
10000000,368640,-1,2,-1,27,2,31.715084608480165,29.900243796731846,3.520865842489228
10000000,368640,1,2,-1,27,0,0.0,29.900243796731846,3.520865842489228
10000000,375000,-1,1,-1,26,2,31.36980586222552,28.82584251230352,3.520865842489228
10000000,375000,1,1,-1,26,1,14.78059183496017,28.82584251230352,3.520865842489228
10000000,384000,-1,1,-1,26,1,14.804307608601299,28.82584251230352,3.520865842489228
10000000,384000,1,1,-1,26,2,31.796729108521344,28.82584251230352,3.520865842489228
10000000,388800,-1,5,-1,25,1,15.268715390547086,27.73867730080585,3.520865842489228
10000000,388800,1,5,-1,25,2,31.51929331302385,27.73867730080585,3.520865842489228
10000000,393660,-1,9,-1,25,2,30.656834374762838,27.73867730080585,3.520865842489228
10000000,393660,1,9,-1,25,0,0.0,27.73867730080585,3.520865842489228
10000000,400000,-1,0,1,25,1,15.7324330230875,13.869338650402925,1.760432921244614
10000000,400000,1,0,1,24,1,14.845130332288226,13.318955738111388,1.760432921244614
10000000,405000,-1,4,-1,24,1,16.04713645466409,26.637911476222776,3.520865842489228
10000000,405000,1,4,-1,24,3,47.10153034811363,26.637911476222776,3.520865842489228
10000000,409600,-1,0,1,24,1,15.75614955315151,13.318955738111388,1.760432921244614
10000000,409600,1,0,1,24,1,15.487885897969434,13.318955738111388,1.760432921244614
10000000,414720,-1,4,-1,24,2,31.950650708761223,26.637911476222776,3.520865842489228
10000000,414720,1,4,-1,24,1,14.881269366227736,26.637911476222776,3.520865842489228
10000000,432000,-1,3,-1,23,1,15.920619724560321,25.522611236244114,3.520865842489228
10000000,432000,1,3,-1,23,2,31.294696318687343,25.522611236244114,3.520865842489228
10000000,437400,-1,7,-1,22,0,0.0,24.39172913286001,3.520865842489228
10000000,437400,1,7,-1,22,0,0.0,24.39172913286001,3.520865842489228
10000000,450000,-1,2,-1,22,1,14.962912693341448,24.39172913286001,3.520865842489228
10000000,450000,1,2,-1,22,2,30.924355286134084,24.39172913286001,3.520865842489228
10000000,460800,-1,2,-1,21,1,15.873932604764798,23.2440837560945,3.520865842489228
10000000,460800,1,2,-1,21,2,31.479601772834357,23.2440837560945,3.520865842489228
10000000,466560,-1,6,-1,21,1,15.886355126339346,23.2440837560945,3.520865842489228
10000000,466560,1,6,-1,21,3,47.06670980704376,23.2440837560945,3.520865842489228
10000000,468750,-1,1,-1,21,2,31.513812124458486,23.2440837560945,3.520865842489228
10000000,468750,1,1,-1,21,1,16.002263947713892,23.2440837560945,3.520865842489228
10000000,480000,-1,1,-1,20,1,15.479436466288487,22.0783345185521,3.520865842489228
10000000,480000,1,1,-1,20,1,15.646490900602007,22.0783345185521,3.520865842489228
10000000,486000,-1,5,-1,20,2,31.419036114528012,22.0783345185521,3.520865842489228
10000000,486000,1,5,-1,20,1,15.658913418622092,22.0783345185521,3.520865842489228
10000000,491520,-1,1,-1,20,1,15.503152997344724,22.0783345185521,3.520865842489228
10000000,491520,1,1,-1,20,1,16.049696995747045,22.0783345185521,3.520865842489228
10000000,500000,-1,0,1,20,1,15.068273240745315,11.03916725927605,1.760432921244614
10000000,500000,1,0,1,19,0,0.0,10.446475011134988,1.760432921244614
10000000,506250,-1,4,-1,19,0,0.0,20.892950022269975,3.520865842489228
10000000,506250,1,4,-1,19,2,30.78043173545634,20.892950022269975,3.520865842489228
10000000,512000,-1,0,1,19,2,31.18250855445109,10.446475011134988,1.760432921244614
10000000,512000,1,0,1,19,1,15.543975354376817,10.446475011134988,1.760432921244614
10000000,518400,-1,4,-1,19,1,15.723451633096163,20.892950022269975,3.520865842489228
10000000,518400,1,4,-1,19,2,31.548113753731045,20.892950022269975,3.520865842489228
10000000,524880,-1,8,-1,19,2,31.57295821962189,20.892950022269975,3.520865842489228
10000000,524880,1,8,-1,19,0,0.0,20.892950022269975,3.520865842489228
10000000,540000,-1,3,-1,18,0,0.0,19.686167902585908,3.520865842489228
10000000,540000,1,3,-1,18,1,16.03253787152913,19.686167902585908,3.520865842489228
10000000,546750,-1,7,-1,18,1,15.157656826310081,19.686167902585908,3.520865842489228
10000000,546750,1,7,-1,18,0,0.0,19.686167902585908,3.520865842489228
10000000,552960,-1,3,-1,18,1,15.168950835863185,19.686167902585908,3.520865842489228
10000000,552960,1,3,-1,18,3,46.57787817665428,19.686167902585908,3.520865842489228
10000000,562500,-1,2,-1,17,3,46.89745748493241,18.455943179964926,3.520865842489228
10000000,562500,1,2,-1,17,2,30.82409866355948,18.455943179964926,3.520865842489228
10000000,576000,-1,2,-1,17,0,0.0,18.455943179964926,3.520865842489228
10000000,576000,1,2,-1,17,0,0.0,18.455943179964926,3.520865842489228
10000000,583200,-1,6,-1,17,1,15.841234685239833,18.455943179964926,3.520865842489228
10000000,583200,1,6,-1,17,2,31.063430802722213,18.455943179964926,3.520865842489228
10000000,590490,-1,10,-1,16,1,15.686603098518157,17.19988085246877,3.520865842489228
10000000,590490,1,10,-1,16,1,15.853657467406578,17.19988085246877,3.520865842489228
10000000,600000,-1,1,-1,16,1,15.869634163454684,17.19988085246877,3.520865842489228
10000000,600000,1,1,-1,16,1,15.702580358511794,17.19988085246877,3.520865842489228
10000000,607500,-1,5,-1,16,1,15.882056685036021,17.19988085246877,3.520865842489228
10000000,607500,1,5,-1,16,0,0.0,17.19988085246877,3.520865842489228
10000000,614400,-1,1,-1,16,0,0.0,17.19988085246877,3.520865842489228
10000000,614400,1,1,-1,16,1,15.274311842385767,17.19988085246877,3.520865842489228
10000000,622080,-1,5,-1,16,0,0.0,17.19988085246877,3.520865842489228
10000000,622080,1,5,-1,16,2,31.025453759263584,17.19988085246877,3.520865842489228
10000000,625000,-1,0,1,16,0,0.0,8.599940426234385,1.760432921244614
10000000,625000,1,0,1,15,0,0.0,7.9575732322078,1.760432921244614
10000000,640000,-1,0,1,15,0,0.0,7.9575732322078,1.760432921244614
10000000,640000,1,0,1,15,2,31.24930676059512,7.9575732322078,1.760432921244614
10000000,648000,-1,4,-1,15,1,15.94659521408749,15.9151464644156,3.520865842489228
10000000,648000,1,4,-1,15,0,0.0,15.9151464644156,3.520865842489228
10000000,655360,-1,0,1,15,0,0.0,7.9575732322078,1.760432921244614
10000000,655360,1,0,1,15,1,15.957889456790001,7.9575732322078,1.760432921244614
10000000,656100,-1,8,-1,15,1,15.959017735551583,15.9151464644156,3.520865842489228
10000000,656100,1,8,-1,15,0,0.0,15.9151464644156,3.520865842489228
10000000,675000,-1,3,-1,14,2,31.807780321328977,14.598345233466121,3.520865842489228
10000000,675000,1,3,-1,14,2,31.35579577182648,14.598345233466121,3.520865842489228
10000000,691200,-1,3,-1,14,1,15.39209443884738,14.598345233466121,3.520865842489228
10000000,691200,1,3,-1,14,1,15.844079900793913,14.598345233466121,3.520865842489228
10000000,699840,-1,7,-1,14,1,16.023556264016836,14.598345233466121,3.520865842489228
10000000,699840,1,7,-1,14,1,15.856502419168724,14.598345233466121,3.520865842489228
10000000,720000,-1,2,-1,13,1,15.432916441634834,13.245355190804746,3.520865842489228
10000000,720000,1,2,-1,13,0,0.0,13.245355190804746,3.520865842489228
10000000,729000,-1,6,-1,13,0,0.0,13.245355190804746,3.520865842489228
10000000,729000,1,6,-1,13,1,15.897324408492986,13.245355190804746,3.520865842489228
10000000,737280,-1,2,-1,13,2,31.532305243639932,13.245355190804746,3.520865842489228
10000000,737280,1,2,-1,13,0,0.0,13.245355190804746,3.520865842489228
10000000,750000,-1,1,-1,13,0,0.0,13.245355190804746,3.520865842489228
10000000,750000,1,1,-1,13,1,16.092777945538128,13.245355190804746,3.520865842489228
10000000,768000,-1,1,-1,13,2,31.613949244604285,13.245355190804746,3.520865842489228
10000000,768000,1,1,-1,13,0,0.0,13.245355190804746,3.520865842489228
10000000,777600,-1,5,-1,12,1,15.961862688016891,11.851091166642592,3.520865842489228
10000000,777600,1,5,-1,12,0,0.0,11.851091166642592,3.520865842489228
10000000,781250,-1,0,1,12,0,0.0,5.925545583321296,1.760432921244614
10000000,781250,1,0,1,12,0,0.0,5.925545583321296,1.760432921244614
10000000,787320,-1,9,-1,12,0,0.0,11.851091166642592,3.520865842489228
10000000,787320,1,9,-1,12,0,0.0,11.851091166642592,3.520865842489228
10000000,800000,-1,0,1,12,1,15.538276977133933,5.925545583321296,1.760432921244614
10000000,800000,1,0,1,12,0,0.0,5.925545583321296,1.760432921244614
10000000,810000,-1,4,-1,12,0,0.0,11.851091166642592,3.520865842489228
10000000,810000,1,4,-1,12,1,16.002684911680433,11.851091166642592,3.520865842489228
10000000,819200,-1,0,1,12,0,0.0,5.925545583321296,1.760432921244614
10000000,819200,1,0,1,12,1,16.013978917038756,5.925545583321296,1.760432921244614
10000000,829440,-1,4,-1,12,0,0.0,11.851091166642592,3.520865842489228
10000000,829440,1,4,-1,12,2,31.600817810221756,11.851091166642592,3.520865842489228
10000000,843750,-1,3,-1,11,0,0.0,10.40916138285993,3.520865842489228
10000000,843750,1,3,-1,11,0,0.0,10.40916138285993,3.520865842489228
10000000,864000,-1,3,-1,11,1,15.615238031497578,10.40916138285993,3.520865842489228
10000000,864000,1,3,-1,11,0,0.0,10.40916138285993,3.520865842489228
10000000,874800,-1,7,-1,11,0,0.0,10.40916138285993,3.520865842489228
10000000,874800,1,7,-1,11,1,16.07964594450297,10.40916138285993,3.520865842489228
10000000,900000,-1,2,-1,11,1,16.108045214094712,10.40916138285993,3.520865842489228
10000000,900000,1,2,-1,11,0,0.0,10.40916138285993,3.520865842489228
10000000,911250,-1,6,-1,10,0,0.0,8.911350862569487,3.520865842489228
10000000,911250,1,6,-1,10,0,0.0,8.911350862569487,3.520865842489228
10000000,921600,-1,2,-1,10,0,0.0,8.911350862569487,3.520865842489228
10000000,921600,1,2,-1,10,0,0.0,8.911350862569487,3.520865842489228
10000000,933120,-1,6,-1,10,0,0.0,8.911350862569487,3.520865842489228
10000000,933120,1,6,-1,10,0,0.0,8.911350862569487,3.520865842489228
10000000,937500,-1,1,-1,10,0,0.0,8.911350862569487,3.520865842489228
10000000,937500,1,1,-1,10,0,0.0,8.911350862569487,3.520865842489228
10000000,960000,-1,1,-1,10,0,0.0,8.911350862569487,3.520865842489228
10000000,960000,1,1,-1,10,0,0.0,8.911350862569487,3.520865842489228
10000000,972000,-1,5,-1,10,0,0.0,8.911350862569487,3.520865842489228
10000000,972000,1,5,-1,10,0,0.0,8.911350862569487,3.520865842489228
10000000,983040,-1,1,-1,10,0,0.0,8.911350862569487,3.520865842489228
10000000,983040,1,1,-1,10,0,0.0,8.911350862569487,3.520865842489228
10000000,984150,-1,9,-1,10,1,15.74544360733854,8.911350862569487,3.520865842489228
10000000,984150,1,9,-1,10,0,0.0,8.911350862569487,3.520865842489228
10000000,1000000,-1,0,1,10,0,0.0,4.455675431284743,1.760432921244614
10000000,1000000,1,0,1,9,0,0.0,3.6734063741928895,1.760432921244614
10000000,1012500,-1,4,-1,9,0,0.0,7.346812748385779,3.520865842489228
10000000,1012500,1,4,-1,9,1,15.77384336811161,7.346812748385779,3.520865842489228
10000000,1024000,-1,0,1,9,0,0.0,3.6734063741928895,1.760432921244614
10000000,1024000,1,0,1,9,1,15.785137373145822,3.6734063741928895,1.760432921244614
10000000,1036800,-1,4,-1,9,0,0.0,7.346812748385779,3.520865842489228
10000000,1036800,1,4,-1,9,0,0.0,7.346812748385779,3.520865842489228
10000000,1049760,-1,8,-1,9,0,0.0,7.346812748385779,3.520865842489228
10000000,1049760,1,8,-1,9,1,15.809982409719536,7.346812748385779,3.520865842489228
10000000,1080000,-1,3,-1,9,1,15.838381615880575,7.346812748385779,3.520865842489228
10000000,1080000,1,3,-1,9,0,0.0,7.346812748385779,3.520865842489228
10000000,1093500,-1,7,-1,9,1,15.850804137512158,7.346812748385779,3.520865842489228
10000000,1093500,1,7,-1,9,0,0.0,7.346812748385779,3.520865842489228
10000000,1105920,-1,3,-1,9,0,0.0,7.346812748385779,3.520865842489228
10000000,1105920,1,3,-1,9,1,15.862098403947957,7.346812748385779,3.520865842489228
10000000,1125000,-1,2,-1,8,0,0.0,5.700739474673018,3.520865842489228
10000000,1125000,1,2,-1,8,0,0.0,5.700739474673018,3.520865842489228
10000000,1152000,-1,2,-1,8,0,0.0,5.700739474673018,3.520865842489228
10000000,1152000,1,2,-1,8,0,0.0,5.700739474673018,3.520865842489228
10000000,1166400,-1,6,-1,8,1,15.915342666814862,5.700739474673018,3.520865842489228
10000000,1166400,1,6,-1,8,1,15.91534291176881,5.700739474673018,3.520865842489228
10000000,1180980,-1,10,-1,8,1,15.92776518832548,5.700739474673018,3.520865842489228
10000000,1180980,1,10,-1,8,1,15.927765430255306,5.700739474673018,3.520865842489228
10000000,1200000,-1,1,-1,8,0,0.0,5.700739474673018,3.520865842489228
10000000,1200000,1,1,-1,8,0,0.0,5.700739474673018,3.520865842489228
10000000,1215000,-1,5,-1,8,0,0.0,5.700739474673018,3.520865842489228
10000000,1215000,1,5,-1,8,1,15.956164901389988,5.700739474673018,3.520865842489228
10000000,1228800,-1,1,-1,8,0,0.0,5.700739474673018,3.520865842489228
10000000,1228800,1,1,-1,8,0,0.0,5.700739474673018,3.520865842489228
10000000,1244160,-1,5,-1,8,0,0.0,5.700739474673018,3.520865842489228
10000000,1244160,1,5,-1,8,1,15.979881425251572,5.700739474673018,3.520865842489228
10000000,1250000,-1,0,1,8,0,0.0,2.850369737336509,1.760432921244614
10000000,1250000,1,0,1,7,0,0.0,1.976021620774709,1.760432921244614
10000000,1280000,-1,0,1,7,1,16.008280673343965,1.976021620774709,1.760432921244614
10000000,1280000,1,0,1,7,0,0.0,1.976021620774709,1.760432921244614
10000000,1296000,-1,4,-1,7,0,0.0,3.952043241549418,3.520865842489228
10000000,1296000,1,4,-1,7,0,0.0,3.952043241549418,3.520865842489228
10000000,1310720,-1,0,1,7,0,0.0,1.976021620774709,1.760432921244614
10000000,1310720,1,0,1,7,0,0.0,1.976021620774709,1.760432921244614
10000000,1312200,-1,8,-1,7,1,16.033125716079798,3.952043241549418,3.520865842489228
10000000,1312200,1,8,-1,7,1,16.033125933816642,3.952043241549418,3.520865842489228
10000000,1350000,-1,3,-1,7,0,0.0,3.952043241549418,3.520865842489228
10000000,1350000,1,3,-1,7,0,0.0,3.952043241549418,3.520865842489228
10000000,1382400,-1,3,-1,7,0,0.0,3.952043241549418,3.520865842489228
10000000,1382400,1,3,-1,7,1,16.085241929427184,3.952043241549418,3.520865842489228
10000000,1399680,-1,7,-1,7,0,0.0,3.952043241549418,3.520865842489228
10000000,1399680,1,7,-1,7,0,0.0,3.952043241549418,3.520865842489228
10000000,1406250,-1,2,-1,7,0,0.0,3.952043241549418,3.520865842489228
10000000,1406250,1,2,-1,7,0,0.0,3.952043241549418,3.520865842489228
