# +3 prefer, 3 = seat (not in S), odd primes ≤ 1000000
# |S| = 5226
# S = [2, 5, 7, 11, 13, 17, 19, 23, 29, 31, 37, 41, 43, 47, 53, 59, 61, 67, 71, 73, 79, 83, 89, 97, 101, 103, 107, 109, 113, 127, 131, 137, 139, 149, 151, 157, 163, 167, 173, 179, 181, 191, 193, 197, 199, 211, 223, 227, 229, 233, 239, 241, 251, 257, 263, 269, 271, 277, 281, 283, 293, 307, 311, 313, 317, 331, 337, 347, 349, 353, 359, 367, 373, 379, 383, 389, 397, 401, 409, 419, 421, 431, 433, 439, 443, 449, 457, 461, 463, 467, 479, 487, 491, 499, 503, 509, 521, 523, 541, 547, 557, 563, 569, 571, 577, 587, 593, 599, 601, 607, 613, 617, 619, 631, 641, 643, 647, 653, 659, 661, 673, 677, 683, 691, 701, 709, 719, 727, 733, 739, 743, 751, 757, 761, 769, 773, 787, 797, 809, 811, 821, 823, 827, 829, 839, 853, 857, 859, 863, 877, 881, 883, 887, 907, 911, 919, 929, 937, 941, 947, 953, 967, 971, 977, 983, 991, 997, 1009, 1013, 1019, 1021, 1031, 1033, 1039, 1049, 1051, 1061, 1063, 1069, 1087, 1091, 1093, 1097, 1103, 1109, 1117, 1123, 1129, 1151, 1153, 1163, 1171, 1181, 1187, 1193, 1201, 1213, 1217, 1223, 1229, 1231, 1237, 1249, 1259, 1277, 1279, 1283, 1289, 1291, 1297, 1301, 1303, 1307, 1319, 1321, 1327, 1361, 1367, 1373, 1381, 1399, 1409, 1423, 1427, 1429, 1433, 1439, 1447, 1451, 1453, 1459, 1471, 1481, 1483, 1487, 1489, 1493, 1499, 1511, 1523, 1531, 1543, 1549, 1553, 1559, 1567, 1571, 1579, 1583, 1597, 1601, 1607, 1609, 1613, 1619, 1621, 1627, 1637, 1657, 1663, 1667, 1669, 1693, 1697, 1699, 1709, 1721, 1723, 1733, 1741, 1747, 1753, 1759, 1777, 1783, 1787, 1789, 1801, 1811, 1823, 1831, 1847, 1861, 1867, 1871, 1873, 1877, 1879, 1889, 1901, 1907, 1913, 1931, 1933, 1949, 1951, 1973, 1979, 1987, 1993, 1997, 1999, 2003, 2011, 2017, 2027, 2029, 2039, 2053, 2063, 2069, 2081, 2083, 2087, 2089, 2099, 2111, 2113, 2129, 2131, 2137, 2141, 2143, 2153, 2161, 2179, 2203, 2207, 2213, 2221, 2237, 2239, 2243, 2251, 2267, 2269, 2273, 2281, 2287, 2293, 2297, 2309, 2311, 2333, 2339, 2341, 2347, 2351, 2357, 2371, 2377, 2381, 2383, 2389, 2393, 2399, 2411, 2417, 2423, 2437, 2441, 2447, 2459, 2467, 2473, 2477, 2503, 2521, 2531, 2539, 2543, 2549, 2551, 2557, 2579, 2591, 2593, 2609, 2617, 2621, 2633, 2647, 2657, 2659, 2663, 2671, 2677, 2683, 2687, 2689, 2693, 2699, 2707, 2711, 2713, 2719, 2729, 2731, 2741, 2749, 2753, 2767, 2777, 2789, 2791, 2797, 2801, 2803, 2819, 2833, 2837, 2843, 2851, 2857, 2861, 2879, 2887, 2897, 2903, 2909, 2917, 2927, 2939, 2953, 2957, 2963, 2969, 2971, 2999, 3001, 3011, 3019, 3023, 3037, 3041, 3049, 3061, 3067, 3079, 3083, 3089, 3109, 3119, 3121, 3137, 3163, 3167, 3169, 3181, 3187, 3191, 3203, 3209, 3217, 3221, 3229, 3251, 3253, 3257, 3259, 3271, 3299, 3301, 3307, 3313, 3319, 3323, 3329, 3331, 3343, 3347, 3359, 3361, 3371, 3373, 3389, 3391, 3407, 3413, 3433, 3449, 3457, 3461, 3463, 3467, 3469, 3491, 3499, 3511, 3517, 3527, 3529, 3533, 3539, 3541, 3547, 3557, 3559, 3571, 3581, 3583, 3593, 3607, 3613, 3617, 3623, 3631, 3637, 3643, 3659, 3671, 3673, 3677, 3691, 3697, 3701, 3709, 3719, 3727, 3733, 3739, 3761, 3767, 3769, 3779, 3793, 3797, 3803, 3821, 3823, 3833, 3847, 3851, 3853, 3863, 3877, 3881, 3889, 3907, 3911, 3917, 3919, 3923, 3929, 3931, 3943, 3947, 3967, 3989, 4001, 4003, 4007, 4013, 4019, 4021, 4027, 4049, 4051, 4057, 4073, 4079, 4091, 4093, 4099, 4111, 4127, 4129, 4133, 4139, 4153, 4157, 4159, 4177, 4201, 4211, 4217, 4219, 4229, 4231, 4241, 4243, 4253, 4259, 4261, 4271, 4273, 4283, 4289, 4297, 4327, 4337, 4339, 4349, 4357, 4363, 4373, 4391, 4397, 4409, 4421, 4423, 4441, 4447, 4451, 4457, 4463, 4481, 4483, 4493, 4507, 4513, 4517, 4519, 4523, 4547, 4549, 4561, 4567, 4583, 4591, 4597, 4603, 4621, 4637, 4639, 4643, 4649, 4651, 4657, 4663, 4673, 4679, 4691, 4703, 4721, 4723, 4729, 4733, 4751, 4759, 4783, 4787, 4789, 4793, 4799, 4801, 4813, 4817, 4831, 4861, 4871, 4877, 4889, 4903, 4909, 4919, 4931, 4933, 4937, 4943, 4951, 4957, 4967, 4969, 4973, 4987, 4993, 4999, 5003, 5009, 5011, 5021, 5023, 5039, 5051, 5059, 5077, 5081, 5087, 5099, 5101, 5107, 5113, 5119, 5147, 5153, 5167, 5171, 5179, 5189, 5197, 5209, 5227, 5231, 5233, 5237, 5261, 5273, 5279, 5281, 5297, 5303, 5309, 5323, 5333, 5347, 5351, 5381, 5387, 5393, 5399, 5407, 5413, 5417, 5419, 5431, 5437, 5441, 5443, 5449, 5471, 5477, 5479, 5483, 5501, 5503, 5507, 5519, 5521, 5527, 5531, 5557, 5563, 5569, 5573, 5581, 5591, 5623, 5639, 5641, 5647, 5651, 5653, 5657, 5659, 5669, 5683, 5689, 5693, 5701, 5711, 5717, 5737, 5741, 5743, 5749, 5779, 5783, 5791, 5801, 5807, 5813, 5821, 5827, 5839, 5843, 5849, 5851, 5857, 5861, 5867, 5869, 5879, 5881, 5897, 5903, 5923, 5927, 5939, 5953, 5981, 5987, 6007, 6011, 6029, 6037, 6043, 6047, 6053, 6067, 6073, 6079, 6089, 6091, 6101, 6113, 6121, 6131, 6133, 6143, 6151, 6163, 6173, 6197, 6199, 6203, 6211, 6217, 6221, 6229, 6247, 6257, 6263, 6269, 6271, 6277, 6287, 6299, 6301, 6311, 6317, 6323, 6329, 6337, 6343, 6353, 6359, 6361, 6367, 6373, 6379, 6389, 6397, 6421, 6427, 6449, 6451, 6469, 6473, 6481, 6491, 6521, 6529, 6547, 6551, 6553, 6563, 6569, 6571, 6577, 6581, 6599, 6619, 6637, 6653, 6659, 6661, 6673, 6679, 6689, 6691, 6701, 6703, 6709, 6719, 6733, 6737, 6761, 6763, 6779, 6781, 6791, 6793, 6803, 6823, 6827, 6829, 6833, 6841, 6857, 6863, 6869, 6871, 6883, 6899, 6907, 6911, 6917, 6947, 6949, 6959, 6961, 6967, 6971, 6977, 6983, 6991, 6997, 7001, 7013, 7019, 7027, 7039, 7043, 7057, 7069, 7079, 7103, 7109, 7121, 7127, 7129, 7151, 7159, 7177, 7187, 7193, 7207, 7211, 7213, 7219, 7229, 7237, 7243, 7247, 7253, 7283, 7297, 7307, 7309, 7321, 7331, 7333, 7349, 7351, 7369, 7393, 7411, 7417, 7433, 7451, 7457, 7459, 7477, 7481, 7487, 7489, 7499, 7507, 7517, 7523, 7529, 7541, 7547, 7549, 7559, 7561, 7573, 7577, 7583, 7589, 7591, 7603, 7607, 7621, 7639, 7643, 7649, 7669, 7673, 7681, 7687, 7691, 7699, 7703, 7717, 7723, 7727, 7741, 7753, 7757, 7759, 7789, 7793, 7817, 7823, 7829, 7841, 7853, 7867, 7873, 7877, 7879, 7883, 7901, 7907, 7919, 7927, 7933, 7937, 7949, 7951, 7963, 7993, 8009, 8011, 8017, 8039, 8059, 8069, 8081, 8087, 8089, 8093, 8101, 8111, 8117, 8123, 8147, 8161, 8167, 8171, 8191, 8209, 8219, 8221, 8231, 8233, 8237, 8243, 8263, 8269, 8273, 8287, 8291, 8293, 8297, 8311, 8317, 8329, 8353, 8363, 8369, 8377, 8387, 8389, 8419, 8423, 8429, 8431, 8443, 8447, 8461, 8467, 8501, 8513, 8521, 8527, 8537, 8539, 8543, 8563, 8573, 8581, 8597, 8599, 8609, 8623, 8627, 8629, 8641, 8647, 8663, 8669, 8677, 8681, 8689, 8693, 8699, 8707, 8713, 8719, 8731, 8737, 8741, 8747, 8753, 8761, 8779, 8783, 8803, 8807, 8819, 8821, 8831, 8837, 8839, 8849, 8861, 8863, 8867, 8887, 8893, 8923, 8929, 8933, 8941, 8951, 8963, 8969, 8971, 8999, 9001, 9007, 9011, 9013, 9029, 9041, 9043, 9049, 9059, 9067, 9091, 9103, 9109, 9127, 9133, 9137, 9151, 9157, 9161, 9173, 9181, 9187, 9199, 9203, 9209, 9221, 9239, 9241, 9257, 9277, 9281, 9283, 9293, 9311, 9319, 9323, 9337, 9341, 9343, 9349, 9371, 9377, 9391, 9397, 9403, 9413, 9419, 9421, 9431, 9433, 9437, 9439, 9461, 9463, 9467, 9473, 9479, 9491, 9497, 9511, 9521, 9533, 9539, 9547, 9551, 9587, 9601, 9613, 9619, 9623, 9629, 9631, 9643, 9649, 9661, 9677, 9679, 9689, 9697, 9719, 9721, 9733, 9739, 9743, 9767, 9769, 9781, 9787, 9791, 9803, 9811, 9817, 9829, 9833, 9839, 9851, 9857, 9859, 9871, 9883, 9887, 9901, 9907, 9923, 9929, 9931, 9941, 9949, 9967, 9973, 10007, 10009, 10039, 10061, 10067, 10069, 10079, 10091, 10093, 10099, 10103, 10111, 10133, 10139, 10141, 10151, 10159, 10163, 10169, 10177, 10181, 10193, 10211, 10223, 10243, 10247, 10253, 10259, 10267, 10271, 10273, 10289, 10301, 10303, 10313, 10321, 10331, 10333, 10337, 10343, 10357, 10369, 10391, 10399, 10427, 10429, 10433, 10453, 10457, 10459, 10463, 10477, 10487, 10499, 10501, 10513, 10529, 10531, 10559, 10567, 10589, 10597, 10601, 10607, 10613, 10627, 10631, 10639, 10651, 10657, 10663, 10667, 10687, 10691, 10709, 10711, 10723, 10729, 10739, 10753, 10771, 10781, 10789, 10799, 10831, 10837, 10847, 10853, 10859, 10861, 10867, 10883, 10889, 10891, 10903, 10909, 10937, 10939, 10949, 10957, 10973, 10979, 10987, 10993, 11003, 11027, 11047, 11057, 11059, 11069, 11071, 11083, 11087, 11093, 11113, 11117, 11119, 11131, 11149, 11159, 11161, 11171, 11173, 11177, 11197, 11213, 11239, 11243, 11251, 11257, 11261, 11273, 11279, 11287, 11299, 11311, 11317, 11321, 11329, 11351, 11353, 11369, 11383, 11393, 11399, 11411, 11423, 11437, 11443, 11447, 11467, 11471, 11483, 11489, 11491, 11497, 11503, 11519, 11527, 11549, 11551, 11579, 11587, 11593, 11597, 11617, 11621, 11633, 11657, 11677, 11681, 11689, 11699, 11701, 11717, 11719, 11731, 11743, 11777, 11779, 11783, 11789, 11801, 11807, 11813, 11821, 11827, 11831, 11833, 11839, 11863, 11867, 11887, 11897, 11903, 11909, 11923, 11927, 11933, 11939, 11941, 11953, 11959, 11969, 11971, 11981, 11987, 12007, 12037, 12041, 12043, 12049, 12071, 12073, 12097, 12101, 12107, 12109, 12113, 12119, 12143, 12149, 12157, 12161, 12163, 12197, 12203, 12211, 12227, 12239, 12241, 12251, 12253, 12263, 12269, 12277, 12289, 12301, 12323, 12329, 12343, 12347, 12373, 12377, 12379, 12391, 12401, 12413, 12421, 12433, 12437, 12451, 12457, 12473, 12479, 12487, 12491, 12497, 12503, 12511, 12517, 12527, 12539, 12541, 12547, 12553, 12569, 12577, 12583, 12589, 12601, 12611, 12613, 12619, 12637, 12641, 12647, 12653, 12659, 12671, 12689, 12697, 12703, 12713, 12721, 12739, 12743, 12757, 12763, 12781, 12791, 12799, 12809, 12821, 12823, 12829, 12853, 12889, 12899, 12907, 12911, 12917, 12919, 12923, 12941, 12953, 12959, 12967, 12973, 12979, 12983, 13001, 13007, 13009, 13033, 13037, 13043, 13049, 13063, 13093, 13099, 13103, 13109, 13121, 13127, 13147, 13151, 13159, 13163, 13171, 13177, 13183, 13187, 13217, 13219, 13229, 13241, 13249, 13267, 13291, 13297, 13309, 13313, 13327, 13331, 13337, 13339, 13367, 13381, 13397, 13399, 13411, 13417, 13421, 13441, 13451, 13457, 13463, 13469, 13477, 13487, 13499, 13523, 13537, 13553, 13567, 13577, 13591, 13597, 13613, 13619, 13627, 13633, 13649, 13669, 13679, 13681, 13687, 13691, 13693, 13709, 13711, 13721, 13723, 13729, 13751, 13757, 13759, 13763, 13789, 13799, 13807, 13829, 13831, 13841, 13859, 13873, 13877, 13879, 13883, 13901, 13903, 13907, 13913, 13921, 13931, 13933, 13967, 13997, 13999, 14009, 14011, 14029, 14033, 14051, 14057, 14071, 14081, 14083, 14087, 14107, 14143, 14149, 14153, 14159, 14173, 14177, 14197, 14207, 14221, 14243, 14249, 14251, 14281, 14293, 14303, 14321, 14323, 14327, 14341, 14347, 14369, 14387, 14389, 14401, 14407, 14411, 14419, 14423, 14431, 14437, 14447, 14449, 14461, 14479, 14489, 14503, 14519, 14537, 14543, 14549, 14551, 14557, 14561, 14563, 14591, 14593, 14621, 14627, 14633, 14639, 14653, 14657, 14669, 14683, 14699, 14717, 14723, 14731, 14741, 14747, 14753, 14759, 14767, 14771, 14779, 14783, 14797, 14813, 14821, 14827, 14831, 14843, 14851, 14867, 14869, 14879, 14887, 14891, 14897, 14929, 14939, 14947, 14951, 14957, 14969, 14983, 15013, 15031, 15053, 15061, 15073, 15077, 15083, 15091, 15101, 15107, 15121, 15131, 15137, 15139, 15149, 15161, 15173, 15187, 15193, 15199, 15217, 15227, 15233, 15241, 15263, 15269, 15271, 15277, 15287, 15289, 15299, 15307, 15313, 15319, 15329, 15331, 15349, 15359, 15361, 15373, 15377, 15391, 15401, 15413, 15427, 15439, 15443, 15451, 15461, 15473, 15493, 15497, 15511, 15527, 15541, 15551, 15559, 15569, 15581, 15583, 15601, 15619, 15629, 15641, 15643, 15647, 15649, 15667, 15671, 15679, 15683, 15727, 15731, 15733, 15737, 15739, 15749, 15761, 15767, 15773, 15787, 15791, 15797, 15803, 15809, 15817, 15859, 15877, 15887, 15889, 15901, 15913, 15919, 15923, 15937, 15959, 15971, 15973, 15991, 16001, 16007, 16033, 16057, 16061, 16063, 16067, 16073, 16087, 16091, 16097, 16103, 16111, 16127, 16139, 16141, 16183, 16187, 16189, 16193, 16217, 16223, 16229, 16249, 16253, 16267, 16273, 16301, 16319, 16333, 16339, 16349, 16361, 16369, 16381, 16411, 16417, 16421, 16427, 16433, 16447, 16451, 16477, 16481, 16487, 16493, 16519, 16529, 16553, 16561, 16567, 16573, 16603, 16607, 16619, 16631, 16633, 16649, 16651, 16657, 16661, 16691, 16693, 16699, 16703, 16729, 16741, 16759, 16763, 16787, 16811, 16823, 16829, 16843, 16871, 16879, 16883, 16889, 16903, 16921, 16927, 16931, 16937, 16963, 16979, 16981, 16987, 16993, 17011, 17021, 17027, 17029, 17033, 17041, 17047, 17053, 17077, 17093, 17099, 17117, 17123, 17137, 17159, 17167, 17183, 17189, 17191, 17207, 17231, 17239, 17257, 17291, 17293, 17299, 17317, 17321, 17327, 17333, 17351, 17359, 17377, 17387, 17389, 17393, 17401, 17419, 17431, 17443, 17449, 17467, 17471, 17483, 17489, 17491, 17509, 17519, 17539, 17551, 17569, 17573, 17579, 17581, 17597, 17599, 17609, 17623, 17627, 17657, 17669, 17681, 17707, 17713, 17729, 17747, 17749, 17783, 17789, 17791, 17807, 17827, 17837, 17839, 17851, 17863, 17891, 17903, 17909, 17911, 17921, 17923, 17929, 17939, 17957, 17959, 17971, 17977, 17981, 17989, 18013, 18041, 18043, 18047, 18049, 18059, 18061, 18089, 18097, 18119, 18121, 18127, 18131, 18133, 18143, 18149, 18169, 18181, 18191, 18199, 18211, 18217, 18223, 18233, 18251, 18253, 18257, 18269, 18287, 18289, 18301, 18307, 18311, 18313, 18329, 18341, 18353, 18367, 18397, 18401, 18413, 18427, 18433, 18439, 18443, 18451, 18457, 18461, 18481, 18493, 18503, 18517, 18521, 18523, 18539, 18541, 18553, 18583, 18587, 18593, 18617, 18671, 18679, 18691, 18701, 18713, 18719, 18731, 18743, 18757, 18773, 18787, 18797, 18803, 18839, 18859, 18869, 18899, 18911, 18913, 18917, 18919, 18947, 18959, 18979, 19001, 19009, 19013, 19031, 19037, 19073, 19079, 19081, 19087, 19121, 19139, 19141, 19157, 19163, 19181, 19183, 19207, 19219, 19237, 19249, 19259, 19267, 19273, 19309, 19319, 19333, 19373, 19379, 19381, 19387, 19391, 19421, 19423, 19427, 19429, 19433, 19441, 19447, 19457, 19463, 19469, 19477, 19483, 19489, 19501, 19507, 19531, 19541, 19543, 19583, 19597, 19603, 19609, 19661, 19681, 19687, 19697, 19699, 19709, 19717, 19727, 19739, 19751, 19753, 19759, 19763, 19777, 19793, 19801, 19813, 19819, 19841, 19843, 19853, 19889, 19891, 19913, 19927, 19937, 19961, 19963, 19973, 19979, 19991, 19993, 19997, 20011, 20021, 20023, 20029, 20047, 20063, 20071, 20089, 20101, 20107, 20113, 20117, 20123, 20129, 20143, 20147, 20149, 20173, 20183, 20201, 20219, 20231, 20233, 20249, 20261, 20269, 20297, 20323, 20327, 20341, 20347, 20353, 20357, 20369, 20389, 20393, 20399, 20407, 20411, 20431, 20477, 20479, 20483, 20507, 20509, 20521, 20533, 20543, 20549, 20551, 20563, 20593, 20599, 20641, 20663, 20681, 20693, 20707, 20717, 20719, 20747, 20749, 20753, 20759, 20807, 20857, 20873, 20879, 20897, 20899, 20921, 20939, 20963, 20981, 20983, 21001, 21011, 21013, 21017, 21019, 21023, 21061, 21067, 21089, 21101, 21121, 21143, 21149, 21157, 21163, 21179, 21191, 21193, 21211, 21221, 21227, 21247, 21269, 21283, 21313, 21317, 21319, 21341, 21347, 21377, 21383, 21391, 21397, 21407, 21419, 21433, 21487, 21491, 21493, 21499, 21503, 21517, 21521, 21529, 21557, 21559, 21563, 21569, 21589, 21599, 21601, 21611, 21613, 21617, 21647, 21649, 21661, 21673, 21683, 21701, 21713, 21737, 21739, 21751, 21757, 21767, 21773, 21787, 21799, 21803, 21817, 21821, 21839, 21841, 21859, 21863, 21871, 21893, 21911, 21929, 21961, 21977, 21991, 21997, 22003, 22013, 22027, 22031, 22037, 22051, 22063, 22067, 22073, 22079, 22091, 22093, 22109, 22111, 22129, 22133, 22147, 22159, 22193, 22229, 22247, 22259, 22271, 22273, 22277, 22279, 22283, 22291, 22303, 22343, 22349, 22369, 22381, 22391, 22409, 22433, 22447, 22453, 22469, 22481, 22483, 22501, 22511, 22531, 22541, 22543, 22567, 22571, 22613, 22621, 22637, 22643, 22651, 22669, 22679, 22691, 22697, 22699, 22709, 22721, 22727, 22751, 22769, 22777, 22783, 22787, 22807, 22811, 22817, 22853, 22859, 22861, 22871, 22877, 22901, 22907, 22937, 22943, 22961, 22993, 23003, 23011, 23027, 23029, 23039, 23041, 23053, 23057, 23059, 23063, 23071, 23081, 23087, 23099, 23131, 23143, 23159, 23167, 23173, 23189, 23197, 23201, 23203, 23209, 23227, 23251, 23279, 23293, 23297, 23311, 23321, 23327, 23339, 23357, 23417, 23431, 23459, 23473, 23497, 23509, 23531, 23537, 23539, 23549, 23557, 23561, 23563, 23581, 23593, 23599, 23629, 23633, 23663, 23669, 23677, 23687, 23689, 23719, 23741, 23747, 23753, 23773, 23789, 23801, 23813, 23819, 23831, 23833, 23857, 23869, 23873, 23879, 23887, 23899, 23909, 23917, 23929, 23971, 23977, 23993, 24001, 24007, 24019, 24023, 24029, 24043, 24061, 24071, 24083, 24091, 24097, 24107, 24113, 24137, 24151, 24169, 24181, 24197, 24239, 24247, 24251, 24281, 24317, 24329, 24337, 24359, 24371, 24373, 24379, 24391, 24413, 24419, 24421, 24443, 24469, 24473, 24499, 24509, 24517, 24527, 24533, 24551, 24571, 24593, 24623, 24671, 24677, 24683, 24691, 24697, 24709, 24749, 24767, 24793, 24799, 24809, 24841, 24847, 24851, 24877, 24889, 24917, 24919, 24923, 24953, 24967, 24977, 24979, 24989, 25013, 25033, 25037, 25057, 25073, 25087, 25111, 25121, 25127, 25147, 25169, 25183, 25189, 25219, 25229, 25243, 25247, 25261, 25301, 25309, 25321, 25343, 25357, 25391, 25411, 25423, 25439, 25447, 25453, 25457, 25469, 25537, 25541, 25561, 25577, 25579, 25601, 25603, 25609, 25639, 25643, 25657, 25673, 25679, 25693, 25703, 25717, 25733, 25741, 25747, 25763, 25793, 25841, 25849, 25867, 25889, 25903, 25913, 25931, 25933, 25939, 25943, 25951, 25969, 25981, 25997, 25999, 26003, 26017, 26021, 26029, 26041, 26053, 26083, 26099, 26107, 26111, 26119, 26153, 26161, 26177, 26183, 26189, 26203, 26209, 26227, 26249, 26251, 26261, 26263, 26267, 26293, 26317, 26347, 26371, 26387, 26393, 26399, 26407, 26417, 26423, 26459, 26501, 26513, 26557, 26561, 26591, 26641, 26687, 26693, 26699, 26713, 26717, 26737, 26759, 26777, 26783, 26801, 26813, 26821, 26833, 26861, 26879, 26881, 26893, 26947, 26951, 26959, 26987, 26993, 27017, 27031, 27043, 27061, 27067, 27073, 27077, 27091, 27103, 27109, 27127, 27143, 27197, 27211, 27239, 27241, 27253, 27259, 27277, 27281, 27283, 27299, 27329, 27361, 27397, 27427, 27479, 27481, 27487, 27509, 27527, 27529, 27539, 27581, 27611, 27631, 27653, 27673, 27697, 27701, 27733, 27743, 27751, 27763, 27791, 27809, 27817, 27827, 27883, 27893, 27901, 27917, 27919, 27941, 27943, 27947, 27953, 27967, 27997, 28001, 28019, 28027, 28031, 28069, 28087, 28097, 28099, 28109, 28111, 28123, 28151, 28163, 28181, 28183, 28201, 28211, 28219, 28277, 28279, 28289, 28297, 28307, 28309, 28319, 28351, 28409, 28411, 28429, 28433, 28439, 28447, 28463, 28477, 28499, 28513, 28517, 28541, 28549, 28571, 28573, 28579, 28591, 28603, 28607, 28621, 28627, 28631, 28643, 28649, 28661, 28663, 28669, 28687, 28697, 28703, 28729, 28751, 28759, 28771, 28789, 28793, 28807, 28813, 28817, 28837, 28859, 28867, 28879, 28901, 28909, 28933, 28979, 29009, 29017, 29027, 29033, 29059, 29063, 29077, 29123, 29129, 29131, 29153, 29173, 29179, 29201, 29207, 29209, 29231, 29243, 29269, 29287, 29297, 29303, 29311, 29327, 29333, 29339, 29347, 29363, 29383, 29387, 29389, 29401, 29411, 29423, 29429, 29443, 29483, 29527, 29531, 29537, 29569, 29573, 29581, 29587, 29633, 29641, 29663, 29741, 29753, 29759, 29761, 29803, 29837, 29863, 29873, 29881, 29917, 29989, 30011, 30013, 30047, 30071, 30089, 30091, 30103, 30113, 30169, 30181, 30187, 30197, 30211, 30223, 30241, 30293, 30307, 30319, 30323, 30367, 30389, 30403, 30427, 30469, 30497, 30509, 30529, 30539, 30553, 30559, 30577, 30631, 30637, 30643, 30649, 30677, 30703, 30707, 30727, 30757, 30763, 30773, 30781, 30809, 30817, 30839, 30851, 30853, 30869, 30871, 30893, 30931, 30937, 30949, 30983, 31013, 31019, 31033, 31051, 31069, 31081, 31121, 31123, 31139, 31151, 31153, 31159, 31177, 31189, 31219, 31223, 31247, 31259, 31271, 31277, 31327, 31333, 31357, 31393, 31397, 31469, 31477, 31481, 31489, 31511, 31517, 31541, 31547, 31567, 31583, 31607, 31663, 31721, 31727, 31769, 31771, 31799, 31873, 31963, 32003, 32027, 32029, 32059, 32063, 32069, 32077, 32089, 32099, 32119, 32143, 32159, 32183, 32189, 32203, 32213, 32297, 32303, 32309, 32341, 32359, 32377, 32381, 32413, 32423, 32441, 32443, 32479, 32507, 32531, 32533, 32537, 32561, 32563, 32569, 32573, 32587, 32603, 32621, 32647, 32653, 32687, 32707, 32713, 32771, 32779, 32783, 32789, 32797, 32801, 32803, 32831, 32839, 32869, 32941, 32969, 32971, 32983, 32987, 33029, 33073, 33091, 33107, 33113, 33151, 33161, 33179, 33181, 33191, 33199, 33203, 33223, 33247, 33287, 33331, 33347, 33349, 33353, 33359, 33391, 33427, 33479, 33487, 33493, 33503, 33521, 33533, 33547, 33563, 33577, 33599, 33601, 33629, 33641, 33647, 33679, 33703, 33713, 33721, 33749, 33751, 33757, 33767, 33769, 33773, 33827, 33829, 33871, 33889, 33911, 33923, 33967, 34031, 34033, 34039, 34123, 34127, 34129, 34141, 34147, 34157, 34211, 34283, 34297, 34301, 34303, 34319, 34337, 34351, 34361, 34369, 34421, 34439, 34457, 34469, 34471, 34483, 34487, 34513, 34543, 34603, 34607, 34613, 34631, 34673, 34679, 34729, 34739, 34757, 34763, 34819, 34843, 34849, 34897, 35027, 35051, 35053, 35059, 35069, 35081, 35089, 35099, 35107, 35141, 35171, 35201, 35221, 35291, 35311, 35327, 35339, 35353, 35363, 35381, 35401, 35419, 35449, 35461, 35491, 35527, 35531, 35533, 35543, 35573, 35593, 35603, 35617, 35747, 35753, 35771, 35803, 35831, 35837, 35899, 35923, 35933, 35969, 35983, 35993, 35999, 36007, 36011, 36061, 36073, 36083, 36109, 36187, 36191, 36209, 36229, 36241, 36251, 36263, 36277, 36293, 36299, 36313, 36319, 36353, 36389, 36451, 36457, 36473, 36541, 36559, 36571, 36587, 36599, 36629, 36653, 36709, 36749, 36761, 36767, 36779, 36781, 36791, 36793, 36809, 36871, 36899, 36901, 36913, 36919, 36923, 36929, 36973, 36979, 36997, 37003, 37039, 37049, 37061, 37087, 37117, 37123, 37139, 37181, 37199, 37201, 37217, 37223, 37277, 37309, 37339, 37363, 37379, 37397, 37409, 37463, 37483, 37507, 37511, 37517, 37549, 37571, 37573, 37591, 37607, 37657, 37663, 37699, 37717, 37747, 37783, 37799, 37813, 37831, 37861, 37871, 37889, 37897, 37951, 37967, 37991, 37993, 38011, 38039, 38069, 38113, 38153, 38177, 38183, 38219, 38239, 38273, 38281, 38287, 38299, 38329, 38377, 38393, 38447, 38449, 38453, 38459, 38461, 38501, 38543, 38557, 38561, 38567, 38569, 38611, 38629, 38639, 38651, 38671, 38707, 38711, 38729, 38737, 38783, 38791, 38803, 38851, 38861, 38873, 38903, 38917, 38923, 38953, 38959, 39019, 39043, 39047, 39107, 39113, 39119, 39133, 39161, 39163, 39227, 39239, 39293, 39301, 39359, 39367, 39383, 39409, 39419, 39443, 39451, 39461, 39499, 39509, 39563, 39607, 39631, 39703, 39733, 39749, 39779, 39821, 39841, 39847, 39857, 39901, 39971, 39979, 40009, 40031, 40039, 40093, 40123, 40127, 40151, 40169, 40177, 40193, 40231, 40237, 40253, 40283, 40289, 40343, 40487, 40507, 40529, 40531, 40543, 40559, 40609, 40627, 40693, 40709, 40759, 40801, 40823, 40829, 40841, 40847, 40849, 40867, 40903, 40927, 40961, 40973, 41017, 41047, 41057, 41077, 41131, 41141, 41143, 41179, 41183, 41189, 41203, 41213, 41281, 41333, 41381, 41387, 41411, 41413, 41443, 41479, 41491, 41539, 41549, 41579, 41593, 41609, 41621, 41627, 41647, 41651, 41659, 41669, 41681, 41719, 41729, 41801, 41809, 41849, 41879, 41887, 41903, 41959, 41969, 41981, 42013, 42073, 42101, 42131, 42157, 42169, 42209, 42221, 42223, 42293, 42299, 42391, 42407, 42433, 42463, 42473, 42487, 42499, 42509, 42533, 42569, 42611, 42667, 42677, 42689, 42701, 42841, 42863, 42923, 42937, 42943, 42953, 42967, 43103, 43151, 43177, 43189, 43201, 43207, 43291, 43391, 43403, 43451, 43457, 43481, 43499, 43543, 43573, 43591, 43597, 43633, 43649, 43651, 43691, 43711, 43753, 43777, 43781, 43783, 43789, 43793, 43801, 43867, 43889, 43943, 43951, 43961, 43963, 43987, 43991, 43997, 44017, 44027, 44041, 44053, 44059, 44089, 44123, 44171, 44189, 44201, 44221, 44249, 44267, 44269, 44281, 44371, 44389, 44417, 44449, 44497, 44501, 44587, 44617, 44621, 44687, 44699, 44711, 44753, 44773, 44789, 44843, 44867, 44879, 44893, 44939, 44953, 44959, 44983, 44987, 45007, 45139, 45161, 45233, 45259, 45263, 45317, 45337, 45343, 45361, 45403, 45413, 45481, 45523, 45553, 45569, 45599, 45691, 45697, 45751, 45757, 45763, 45823, 45863, 45893, 45953, 45979, 46021, 46027, 46049, 46073, 46091, 46133, 46153, 46171, 46181, 46199, 46219, 46273, 46279, 46327, 46349, 46351, 46399, 46439, 46447, 46451, 46499, 46507, 46601, 46619, 46633, 46691, 46747, 46751, 46769, 46807, 46817, 46819, 46831, 46867, 46877, 46889, 46901, 46993, 47017, 47093, 47111, 47119, 47129, 47147, 47161, 47189, 47251, 47287, 47293, 47351, 47353, 47363, 47387, 47441, 47491, 47497, 47563, 47581, 47591, 47609, 47659, 47701, 47713, 47777, 47779, 47791, 47807, 47809, 47881, 47951, 47969, 47977, 47981, 48017, 48023, 48073, 48079, 48109, 48131, 48157, 48179, 48221, 48271, 48299, 48311, 48337, 48383, 48397, 48413, 48449, 48473, 48481, 48497, 48523, 48539, 48563, 48571, 48593, 48649, 48661, 48731, 48733, 48761, 48767, 48779, 48869, 48883, 48953, 48991, 49019, 49031, 49037, 49103, 49109, 49117, 49139, 49157, 49199, 49211, 49307, 49331, 49369, 49393, 49409, 49429, 49459, 49477, 49481, 49531, 49537, 49549, 49559, 49597, 49667, 49681, 49711, 49757, 49783, 49787, 49811, 49871, 49919, 49921, 49937, 49939, 49943, 50021, 50047, 50051, 50053, 50111, 50147, 50221, 50261, 50291, 50311, 50321, 50377, 50383, 50387, 50411, 50423, 50503, 50549, 50651, 50707, 50741, 50789, 50821, 50833, 50839, 50857, 50951, 50957, 50969, 51043, 51109, 51131, 51151, 51199, 51407, 51413, 51473, 51511, 51593, 51599, 51637, 51647, 51659, 51817, 51827, 51893, 51907, 51913, 51941, 51949, 52027, 52057, 52069, 52081, 52103, 52147, 52181, 52183, 52201, 52289, 52361, 52379, 52387, 52433, 52517, 52543, 52561, 52571, 52631, 52639, 52667, 52807, 52817, 52837, 52901, 52937, 52951, 52981, 52999, 53017, 53051, 53117, 53149, 53161, 53189, 53231, 53233, 53239, 53281, 53381, 53401, 53411, 53441, 53551, 53597, 53629, 53633, 53639, 53681, 53693, 53717, 53777, 53783, 53831, 53849, 53881, 53993, 54083, 54091, 54133, 54139, 54151, 54251, 54287, 54293, 54311, 54331, 54409, 54413, 54437, 54503, 54521, 54539, 54601, 54623, 54673, 54679, 54851, 54869, 54941, 54949, 54959, 54983, 55073, 55117, 55147, 55201, 55213, 55217, 55219, 55229, 55333, 55337, 55339, 55373, 55381, 55399, 55411, 55441, 55457, 55501, 55511, 55579, 55609, 55619, 55621, 55631, 55661, 55721, 55793, 55819, 55829, 55871, 55897, 55967, 56041, 56081, 56123, 56167, 56267, 56311, 56333, 56359, 56383, 56393, 56437, 56473, 56479, 56501, 56503, 56569, 56611, 56809, 56873, 56891, 56941, 57131, 57139, 57143, 57179, 57193, 57221, 57251, 57271, 57373, 57383, 57389, 57487, 57493, 57503, 57527, 57529, 57557, 57667, 57689, 57751, 57781, 57791, 57829, 57839, 57899, 57947, 57973, 58073, 58169, 58207, 58211, 58217, 58231, 58321, 58367, 58369, 58411, 58417, 58451, 58453, 58481, 58543, 58549, 58567, 58687, 58693, 58711, 58889, 58907, 58943, 58963, 58979, 58997, 59011, 59021, 59029, 59107, 59141, 59159, 59183, 59243, 59333, 59341, 59351, 59393, 59441, 59453, 59471, 59513, 59581, 59621, 59651, 59669, 59707, 59791, 59809, 59887, 59921, 59951, 60037, 60083, 60089, 60091, 60101, 60149, 60209, 60223, 60259, 60271, 60331, 60353, 60383, 60397, 60443, 60497, 60623, 60779, 60793, 60859, 60889, 60913, 60917, 60919, 60961, 61001, 61027, 61031, 61051, 61099, 61153, 61211, 61261, 61409, 61463, 61519, 61547, 61583, 61631, 61729, 61751, 61781, 61843, 61879, 61909, 61961, 62011, 62017, 62039, 62057, 62081, 62189, 62299, 62383, 62401, 62459, 62473, 62497, 62501, 62507, 62581, 62633, 62639, 62683, 62801, 62851, 62869, 62897, 62971, 63059, 63149, 63199, 63299, 63313, 63331, 63337, 63353, 63367, 63419, 63499, 63601, 63607, 63647, 63691, 63709, 63743, 63761, 63799, 63853, 63863, 64189, 64223, 64279, 64303, 64333, 64373, 64399, 64499, 64601, 64621, 64667, 64693, 64781, 64853, 64871, 64879, 64921, 65033, 65053, 65099, 65129, 65147, 65179, 65213, 65267, 65309, 65357, 65371, 65381, 65413, 65447, 65479, 65521, 65563, 65579, 65617, 65647, 65657, 65707, 65713, 65717, 65719, 65831, 65899, 65957, 65983, 66089, 66137, 66173, 66179, 66293, 66347, 66359, 66449, 66457, 66523, 66533, 66541, 66713, 66721, 66749, 66791, 66809, 66853, 66919, 66923, 66973, 67033, 67049, 67079, 67121, 67129, 67187, 67189, 67247, 67339, 67391, 67481, 67511, 67523, 67559, 67567, 67577, 67579, 67619, 67709, 67723, 67741, 67751, 67763, 67777, 67801, 67819, 67829, 67853, 67931, 67943, 67957, 67961, 68059, 68087, 68113, 68261, 68281, 68351, 68399, 68447, 68449, 68477, 68581, 68633, 68669, 68699, 68713, 68771, 68863, 68917, 69011, 69029, 69061, 69119, 69149, 69151, 69191, 69193, 69197, 69221, 69233, 69257, 69259, 69313, 69371, 69401, 69403, 69467, 69491, 69623, 69779, 69829, 69847, 69931, 69941, 70061, 70099, 70139, 70199, 70201, 70237, 70289, 70297, 70459, 70487, 70583, 70753, 70769, 70793, 70841, 70849, 70879, 70901, 70921, 70937, 71023, 71081, 71119, 71153, 71233, 71237, 71257, 71329, 71333, 71399, 71437, 71479, 71483, 71503, 71647, 71809, 71837, 71849, 71881, 71887, 71899, 71917, 71933, 71947, 71983, 72019, 72031, 72077, 72161, 72227, 72493, 72547, 72617, 72643, 72649, 72707, 72823, 72901, 72911, 72949, 72959, 73039, 73309, 73351, 73417, 73453, 73459, 73721, 73751, 73907, 74021, 74071, 74159, 74357, 74411, 74509, 74573, 74587, 74611, 74699, 74771, 74827, 74887, 75013, 75161, 75169, 75223, 75289, 75329, 75377, 75391, 75407, 75503, 75533, 75553, 75617, 75689, 75797, 75821, 75941, 75991, 76001, 76031, 76039, 76081, 76147, 76249, 76537, 76561, 76631, 76651, 76679, 76781, 76819, 76873, 77029, 77093, 77269, 77323, 77369, 77513, 77681, 77797, 77999, 78017, 78059, 78121, 78163, 78553, 78781, 78797, 78809, 78893, 78919, 78941, 78977, 79201, 79229, 79273, 79333, 79349, 79393, 79423, 79481, 79601, 79657, 79669, 79687, 79823, 79873, 79907, 79943, 80071, 80141, 80153, 80173, 80177, 80233, 80239, 80279, 80309, 80387, 80473, 80491, 80513, 80527, 80599, 80651, 80657, 80677, 80681, 80687, 80989, 81013, 81163, 81223, 81343, 81353, 81359, 81439, 81463, 81563, 81619, 81707, 81839, 81931, 81943, 81953, 82003, 82013, 82193, 82207, 82493, 82499, 82619, 82721, 82723, 82729, 82759, 82781, 82837, 82903, 83009, 83077, 83273, 83299, 83357, 83431, 83579, 83597, 83719, 83777, 83813, 83933, 84131, 84191, 84211, 84247, 84349, 84401, 84533, 84551, 84719, 84857, 85037, 85147, 85201, 85213, 85487, 85531, 85571, 85621, 85717, 85733, 85931, 86113, 86171, 86201, 86371, 86453, 86467, 87013, 87071, 87299, 87317, 87433, 87539, 87541, 87613, 87697, 87701, 87767, 87853, 87887, 88237, 88469, 88661, 88667, 88721, 88843, 88919, 88937, 89513, 89561, 89567, 89611, 89659, 89681, 89759, 89767, 89821, 89897, 89959, 90067, 90163, 90187, 90197, 90217, 90247, 90473, 90523, 90529, 90617, 90793, 90821, 90907, 90971, 91459, 91577, 91673, 91757, 91961, 91997, 92111, 92237, 92297, 92317, 92333, 92479, 92723, 92767, 92779, 92861, 92959, 93001, 93169, 93199, 93263, 93281, 93329, 93371, 93407, 93479, 93481, 93497, 93601, 93787, 93893, 93911, 93979, 93983, 94109, 94201, 94351, 94421, 94529, 94603, 94651, 94849, 94999, 95093, 95177, 95189, 95191, 95231, 95261, 95273, 95327, 95383, 95507, 95713, 96017, 96043, 96269, 96323, 96697, 96731, 96739, 96749, 96797, 96799, 96911, 96979, 97151, 97169, 97213, 97241, 97369, 97459, 97609, 97841, 97847, 97849, 97871, 97973, 98017, 98213, 98221, 98321, 98369, 98377, 98419, 98473, 98561, 98627, 98807, 98873, 99149, 99223, 99367, 99431, 99439, 99551, 99643, 99661, 99689, 99761, 99833, 99881, 99961, 100213, 100559, 100613, 100981, 101359, 101363, 101399, 101429, 101467, 101531, 101573, 101627, 101929, 101987, 102107, 102191, 102397, 102497, 102523, 102551, 102679, 102881, 102913, 103099, 103217, 103421, 103813, 103867, 104147, 104369, 104527, 104593, 104659, 104677, 104701, 104717, 105037, 105107, 105143, 105367, 105373, 105401, 105517, 105767, 105967, 105971, 106019, 106297, 106693, 107021, 107171, 107279, 107699, 107747, 107873, 107951, 108013, 108037, 108079, 108089, 108109, 108131, 108187, 108233, 108247, 108359, 108401, 108529, 108587, 108707, 108727, 108821, 109321, 109433, 109717, 109721, 109751, 109789, 109841, 109873, 109903, 110051, 110083, 110221, 110237, 110273, 110459, 110609, 110749, 110813, 110977, 111533, 111637, 111767, 111833, 111919, 111973, 112163, 112181, 112213, 112261, 112349, 112559, 112571, 112573, 112601, 112691, 112787, 112919, 113189, 113329, 113557, 113567, 113723, 113777, 113899, 113903, 113947, 113957, 114319, 114377, 114547, 114577, 114593, 114599, 114641, 115061, 115327, 115331, 115637, 115663, 115679, 115901, 116113, 116201, 116381, 116411, 116423, 116687, 116747, 116969, 117167, 117307, 117371, 117673, 117701, 117937, 117977, 117989, 118213, 118253, 118369, 118373, 118387, 118463, 118493, 118589, 118673, 118901, 119107, 119267, 119419, 119653, 119953, 119993, 120193, 120283, 120299, 120563, 120587, 120671, 120907, 120941, 120977, 121001, 121157, 121421, 121487, 121631, 121661, 121931, 121967, 122099, 122299, 122321, 122363, 122471, 122653, 122693, 122719, 122741, 122819, 123007, 123191, 123401, 123433, 123527, 123661, 123731, 123817, 123833, 123983, 124121, 124183, 124529, 124541, 124673, 124781, 125113, 125201, 125929, 126041, 126097, 126461, 126839, 127139, 127691, 127733, 127781, 128173, 128437, 128819, 128857, 129491, 129581, 129607, 130241, 130447, 130973, 130987, 131561, 131591, 131861, 132233, 132637, 132667, 132701, 132709, 133069, 133499, 133519, 133709, 133853, 133979, 134171, 134591, 134593, 134707, 134789, 134873, 134921, 135029, 135449, 135787, 135841, 135851, 136027, 136537, 136751, 136849, 138319, 138821, 138841, 139177, 139409, 139439, 139537, 139571, 139801, 139981, 140111, 140321, 140401, 140449, 140779, 140831, 141353, 142061, 142193, 142297, 142433, 142589, 142601, 142759, 142799, 142969, 143261, 143573, 143593, 143609, 144349, 144409, 144439, 144671, 144779, 145121, 145267, 145679, 145681, 145721, 146197, 146359, 146669, 147089, 147401, 147937, 148091, 148399, 148829, 148927, 149173, 149341, 149399, 149531, 149713, 149827, 149953, 150659, 151213, 151507, 152093, 152197, 152381, 152501, 152533, 152767, 152819, 152833, 152959, 153457, 153817, 153841, 153953, 154181, 154373, 154573, 154769, 155137, 155569, 155599, 156011, 156127, 156641, 156671, 156733, 156799, 157013, 157061, 157889, 158351, 159431, 159673, 160031, 160033, 160841, 161039, 161459, 162059, 162109, 162251, 162731, 162901, 163249, 163433, 163469, 163781, 163901, 164233, 164341, 164513, 164621, 164767, 164809, 164831, 164999, 165049, 165533, 165673, 166027, 166237, 166739, 166781, 166987, 167729, 167759, 169009, 169661, 170141, 170389, 170509, 170609, 170669, 171029, 171299, 171329, 171697, 172399, 172759, 172969, 172999, 174221, 174281, 174469, 174859, 175069, 175079, 175229, 175349, 175519, 175781, 176021, 176201, 176317, 176779, 177011, 177239, 178039, 178289, 178489, 178807, 179111, 179287, 179429, 179497, 180959, 181001, 181361, 181789, 182209, 182779, 182899, 183461, 183487, 183637, 184117, 184627, 184957, 185651, 185819, 186019, 186149, 186649, 186889, 187477, 187687, 188197, 188677, 188827, 189041, 189671, 189757, 189929, 189989, 190357, 190837, 191441, 191899, 192097, 192191, 192611, 192697, 192971, 193751, 193789, 193841, 194609, 194767, 195479, 196181, 196429, 196541, 196549, 196739, 196769, 197077, 197569, 197647, 197651, 198491, 199211, 199489, 200351, 200797, 201769, 202799, 202999, 203317, 203419, 203617, 203789, 203921, 204319, 204329, 204749, 206009, 206369, 207139, 207199, 207821, 208121, 208739, 209039, 209801, 210037, 210191, 210209, 211039, 211049, 211177, 211661, 212099, 212561, 212909, 213539, 213929, 214069, 214237, 214541, 214559, 215197, 215399, 215681, 216679, 217057, 217121, 217219, 217429, 218137, 218171, 219071, 219959, 220589, 220807, 221489, 222311, 222731, 222941, 223939, 224317, 225499, 225671, 225839, 225919, 226799, 226991, 227189, 227399, 227789, 227989, 228311, 228559, 228869, 229027, 229459, 229739, 230239, 230827, 231131, 231367, 231821, 232409, 232567, 232871, 233141, 234029, 234139, 234161, 234791, 234959, 235289, 236749, 237071, 237379, 237911, 238109, 238759, 241049, 241207, 242059, 242129, 243011, 243101, 243539, 244159, 244177, 244199, 244567, 244589, 244619, 245029, 245269, 245321, 245639, 245711, 245741, 245899, 246731, 247369, 247421, 247729, 247781, 248351, 248639, 248737, 248779, 248887, 248981, 249517, 249859, 249989]
super	at_p	writing
2	3	3 = 2 + 1
5	23	23 = 2·2·5 + 3
7	29	29 = 2·2·7 + 1
11	47	47 = 2·2·11 + 3
13	79	79 = 2·3·13 + 1
17	137	137 = 2·2·2·17 + 1
37	149	149 = 2·2·37 + 1
41	167	167 = 2·2·41 + 3
19	191	191 = 2·5·19 + 1
23	233	233 = 2·5·23 + 3
29	293	293 = 2·5·29 + 3
79	317	317 = 2·2·79 + 1
43	347	347 = 2·2·2·43 + 3
89	359	359 = 2·2·89 + 3
97	389	389 = 2·2·97 + 1
73	439	439 = 2·3·73 + 1
31	499	499 = 2·2·2·2·31 + 3
139	557	557 = 2·2·139 + 1
71	569	569 = 2·2·2·71 + 1
101	607	607 = 2·3·101 + 1
59	709	709 = 2·2·3·59 + 1
179	719	719 = 2·2·179 + 3
199	797	797 = 2·2·199 + 1
61	857	857 = 2·7·61 + 3
113	907	907 = 2·2·2·113 + 3
47	941	941 = 2·2·5·47 + 1
127	1019	1019 = 2·2·2·127 + 3
103	1031	1031 = 2·5·103 + 1
131	1049	1049 = 2·2·2·131 + 1
181	1087	1087 = 2·3·181 + 1
137	1097	1097 = 2·2·2·137 + 1
307	1229	1229 = 2·2·307 + 1
163	1307	1307 = 2·2·2·163 + 3
233	1399	1399 = 2·3·233 + 1
359	1439	1439 = 2·2·359 + 3
53	1487	1487 = 2·2·7·53 + 3
149	1493	1493 = 2·5·149 + 3
197	1579	1579 = 2·2·2·197 + 3
83	1663	1663 = 2·2·5·83 + 3
173	1733	1733 = 2·5·173 + 3
293	1759	1759 = 2·3·293 + 1
67	1877	1877 = 2·2·7·67 + 1
191	1913	1913 = 2·5·191 + 3
193	1931	1931 = 2·5·193 + 1
499	1997	1997 = 2·2·499 + 1
509	2039	2039 = 2·2·509 + 3
107	2141	2141 = 2·2·5·107 + 1
577	2309	2309 = 2·2·577 + 1
109	2399	2399 = 2·11·109 + 1
619	2477	2477 = 2·2·619 + 1
269	2693	2693 = 2·5·269 + 3
271	2711	2711 = 2·5·271 + 1
229	2749	2749 = 2·2·3·229 + 1
461	2767	2767 = 2·3·461 + 1
719	2879	2879 = 2·2·719 + 3
727	2909	2909 = 2·2·727 + 1
211	2957	2957 = 2·7·211 + 3
151	3023	3023 = 2·2·5·151 + 3
167	3343	3343 = 2·2·5·167 + 3
337	3371	3371 = 2·5·337 + 1
431	3449	3449 = 2·2·2·431 + 1
433	3467	3467 = 2·2·2·433 + 3
353	3533	3533 = 2·5·353 + 3
311	3733	3733 = 2·2·3·311 + 1
383	3833	3833 = 2·5·383 + 3
661	3967	3967 = 2·3·661 + 1
997	3989	3989 = 2·2·997 + 1
1019	4079	4079 = 2·2·1019 + 3
1031	4127	4127 = 2·2·1031 + 3
263	4211	4211 = 2·2·2·2·263 + 3
439	4391	4391 = 2·5·439 + 1
449	4493	4493 = 2·5·449 + 3
563	4507	4507 = 2·2·2·563 + 3
251	4519	4519 = 2·3·3·251 + 1
379	4549	4549 = 2·2·3·379 + 1
239	4783	4783 = 2·2·5·239 + 3
479	4793	4793 = 2·5·479 + 3
487	4871	4871 = 2·5·487 + 1
223	4909	4909 = 2·11·223 + 3
1229	4919	4919 = 2·2·1229 + 3
617	4937	4937 = 2·2·2·617 + 1
313	5009	5009 = 2·2·2·2·313 + 1
853	5119	5119 = 2·3·853 + 1
647	5179	5179 = 2·2·2·647 + 3
1297	5189	5189 = 2·2·1297 + 1
523	5231	5231 = 2·5·523 + 1
331	5297	5297 = 2·2·2·2·331 + 1
673	5387	5387 = 2·2·2·673 + 3
677	5417	5417 = 2·2·2·677 + 1
227	5449	5449 = 2·2·2·3·227 + 1
547	5471	5471 = 2·5·547 + 1
463	5557	5557 = 2·2·3·463 + 1
281	5623	5623 = 2·2·5·281 + 3
1409	5639	5639 = 2·2·1409 + 3
569	5693	5693 = 2·5·569 + 3
571	5711	5711 = 2·5·571 + 1
1429	5717	5717 = 2·2·1429 + 1
1451	5807	5807 = 2·2·1451 + 3
419	5867	5867 = 2·7·419 + 1
1481	5927	5927 = 2·2·1481 + 3
601	6011	6011 = 2·5·601 + 1
1511	6047	6047 = 2·2·1511 + 3
1033	6199	6199 = 2·3·1033 + 1
241	6269	6269 = 2·13·241 + 3
797	6379	6379 = 2·2·2·797 + 3
409	6547	6547 = 2·2·2·2·409 + 3
827	6619	6619 = 2·2·2·827 + 3
863	6907	6907 = 2·2·2·863 + 3
157	6911	6911 = 2·2·11·157 + 3
349	6983	6983 = 2·2·5·349 + 3
701	7013	7013 = 2·5·701 + 3
1193	7159	7159 = 2·3·1193 + 1
1201	7207	7207 = 2·3·1201 + 1
1811	7247	7247 = 2·2·1811 + 3
743	7433	7433 = 2·5·743 + 3
1889	7559	7559 = 2·2·1889 + 3
631	7573	7573 = 2·2·3·631 + 1
541	7577	7577 = 2·7·541 + 3
1901	7607	7607 = 2·2·1901 + 3
1931	7727	7727 = 2·2·1931 + 3
277	7757	7757 = 2·2·7·277 + 1
977	7817	7817 = 2·2·2·977 + 1
283	7927	7927 = 2·2·7·283 + 3
811	8111	8111 = 2·5·811 + 1
2029	8117	8117 = 2·2·2029 + 1
691	8293	8293 = 2·2·3·691 + 1
421	8423	8423 = 2·2·5·421 + 3
857	8573	8573 = 2·5·857 + 3
1087	8699	8699 = 2·2·2·1087 + 3
1453	8719	8719 = 2·3·1453 + 1
1093	8747	8747 = 2·2·2·1093 + 3
883	8831	8831 = 2·5·883 + 1
1151	9209	9209 = 2·2·2·1151 + 1
659	9227	9227 = 2·7·659 + 1
773	9277	9277 = 2·2·3·773 + 1
937	9371	9371 = 2·5·937 + 1
317	9511	9511 = 2·3·5·317 + 1
953	9533	9533 = 2·5·953 + 3
599	9587	9587 = 2·2·2·2·599 + 3
443	9749	9749 = 2·11·443 + 3
257	9767	9767 = 2·19·257 + 1
2459	9839	9839 = 2·2·2459 + 3
829	9949	9949 = 2·2·3·829 + 1
1693	10159	10159 = 2·3·1693 + 1
401	10427	10427 = 2·13·401 + 1
1307	10457	10457 = 2·2·2·1307 + 1
1063	10631	10631 = 2·5·1063 + 1
2699	10799	10799 = 2·2·2699 + 3
1361	10889	10889 = 2·2·2·1361 + 1
1367	10939	10939 = 2·2·2·1367 + 3
1373	10987	10987 = 2·2·2·1373 + 3
503	11069	11069 = 2·11·503 + 3
397	11117	11117 = 2·2·7·397 + 1
929	11149	11149 = 2·2·3·929 + 1
2819	11279	11279 = 2·2·2819 + 3
1181	11813	11813 = 2·5·1181 + 3
1009	12109	12109 = 2·2·3·1009 + 1
467	12143	12143 = 2·13·467 + 1
3037	12149	12149 = 2·2·3037 + 1
613	12263	12263 = 2·2·5·613 + 3
3067	12269	12269 = 2·2·3067 + 1
1543	12347	12347 = 2·2·2·1543 + 3
3109	12437	12437 = 2·2·3109 + 1
367	12479	12479 = 2·17·367 + 1
2081	12487	12487 = 2·3·2081 + 1
1567	12539	12539 = 2·2·2·1567 + 3
641	12823	12823 = 2·2·5·641 + 3
587	12917	12917 = 2·11·587 + 3
2153	12919	12919 = 2·3·2153 + 1
389	13229	13229 = 2·17·389 + 3
947	13259	13259 = 2·7·947 + 1
1109	13309	13309 = 2·2·3·1109 + 1
2221	13327	13327 = 2·3·2221 + 1
1123	13477	13477 = 2·2·3·1123 + 1
3449	13799	13799 = 2·2·3449 + 3
991	13877	13877 = 2·7·991 + 3
3491	13967	13967 = 2·2·3491 + 3
3499	13997	13997 = 2·2·3499 + 1
3539	14159	14159 = 2·2·3539 + 3
1039	14549	14549 = 2·7·1039 + 3
521	14591	14591 = 2·2·7·521 + 3
821	14779	14779 = 2·3·3·821 + 1
1489	14891	14891 = 2·5·1489 + 1
3739	14957	14957 = 2·2·3739 + 1
1069	14969	14969 = 2·7·1069 + 3
1877	15017	15017 = 2·2·2·1877 + 1
3769	15077	15077 = 2·2·3769 + 1
1907	15259	15259 = 2·2·2·1907 + 3
3821	15287	15287 = 2·2·3821 + 3
1913	15307	15307 = 2·2·2·1913 + 3
1279	15349	15349 = 2·2·3·1279 + 1
769	15383	15383 = 2·2·5·769 + 3
1291	15493	15493 = 2·2·3·1291 + 1
2593	15559	15559 = 2·3·2593 + 1
3911	15647	15647 = 2·2·3911 + 3
2621	15727	15727 = 2·3·2621 + 1
877	15787	15787 = 2·3·3·877 + 1
1579	15791	15791 = 2·5·1579 + 1
1609	16091	16091 = 2·5·1609 + 1
2017	16139	16139 = 2·2·2·2017 + 3
2741	16447	16447 = 2·3·2741 + 1
2753	16519	16519 = 2·3·2753 + 1
1381	16573	16573 = 2·2·3·1381 + 1
1663	16631	16631 = 2·5·1663 + 1
347	16657	16657 = 2·2·2·2·3·347 + 1
2111	16889	16889 = 2·2·2·2111 + 1
653	16979	16979 = 2·13·653 + 1
1423	17077	17077 = 2·2·3·1423 + 1
1709	17093	17093 = 2·5·1709 + 3
373	17159	17159 = 2·23·373 + 1
1459	17509	17509 = 2·2·3·1459 + 1
1259	17627	17627 = 2·7·1259 + 1
739	17737	17737 = 2·2·2·3·739 + 1
4447	17789	17789 = 2·2·4447 + 1
557	17827	17827 = 2·2·2·2·2·557 + 3
4567	18269	18269 = 2·2·4567 + 1
3061	18367	18367 = 2·3·3061 + 1
1021	18379	18379 = 2·3·3·1021 + 1
1871	18713	18713 = 2·5·1871 + 3
1873	18731	18731 = 2·5·1873 + 1
1051	18919	18919 = 2·3·3·1051 + 1
593	18979	18979 = 2·2·2·2·2·593 + 3
2411	19289	19289 = 2·2·2·2411 + 1
2447	19577	19577 = 2·2·2·2447 + 1
983	19661	19661 = 2·2·5·983 + 1
1237	19793	19793 = 2·2·2·2·1237 + 1
4987	19949	19949 = 2·2·4987 + 1
1997	19973	19973 = 2·5·1997 + 3
1013	20261	20261 = 2·2·5·1013 + 1
5081	20327	20327 = 2·2·5081 + 3
2543	20347	20347 = 2·2·2·2543 + 3
1699	20389	20389 = 2·2·3·1699 + 1
2039	20393	20393 = 2·5·2039 + 3
3413	20479	20479 = 2·3·3413 + 1
1289	20627	20627 = 2·2·2·2·1289 + 3
5179	20717	20717 = 2·2·5179 + 1
2087	20873	20873 = 2·5·2087 + 3
2633	21067	21067 = 2·2·2·2633 + 3
2647	21179	21179 = 2·2·2·2647 + 3
2677	21419	21419 = 2·2·2·2677 + 3
2683	21467	21467 = 2·2·2·2683 + 3
2687	21499	21499 = 2·2·2·2687 + 3
5399	21599	21599 = 2·2·5399 + 3
1801	21613	21613 = 2·2·3·1801 + 1
5441	21767	21767 = 2·2·5441 + 3
1091	21821	21821 = 2·2·5·1091 + 1
683	21859	21859 = 2·2·2·2·2·683 + 3
2203	22031	22031 = 2·5·2203 + 1
787	22039	22039 = 2·2·7·787 + 3
1103	22063	22063 = 2·2·5·1103 + 3
5557	22229	22229 = 2·2·5557 + 1
1117	22343	22343 = 2·2·5·1117 + 3
1879	22549	22549 = 2·2·3·1879 + 1
3761	22567	22567 = 2·3·3761 + 1
5659	22637	22637 = 2·2·5659 + 1
709	22691	22691 = 2·2·2·2·2·709 + 3
1621	22697	22697 = 2·7·1621 + 3
2281	22811	22811 = 2·5·2281 + 1
2287	22871	22871 = 2·5·2287 + 1
2297	22973	22973 = 2·5·2297 + 3
887	23063	23063 = 2·13·887 + 1
2887	23099	23099 = 2·2·2·2887 + 3
1933	23197	23197 = 2·2·3·1933 + 1
1667	23339	23339 = 2·7·1667 + 1
5839	23357	23357 = 2·2·5839 + 1
5849	23399	23399 = 2·2·5849 + 3
1471	23539	23539 = 2·2·2·2·1471 + 3
2953	23627	23627 = 2·2·2·2953 + 3
1187	23743	23743 = 2·2·5·1187 + 3
2381	23813	23813 = 2·5·2381 + 3
2399	23993	23993 = 2·5·2399 + 3
6079	24317	24317 = 2·2·6079 + 1
3041	24329	24329 = 2·2·2·3041 + 1
1523	24371	24371 = 2·2·2·2·1523 + 3
6101	24407	24407 = 2·2·6101 + 3
6131	24527	24527 = 2·2·6131 + 3
881	24671	24671 = 2·2·7·881 + 3
4133	24799	24799 = 2·3·4133 + 1
6229	24917	24917 = 2·2·6229 + 1
2503	25031	25031 = 2·5·2503 + 1
3137	25097	25097 = 2·2·2·3137 + 1
971	25247	25247 = 2·13·971 + 1
3163	25307	25307 = 2·2·2·3163 + 3
4241	25447	25447 = 2·3·4241 + 1
1163	25589	25589 = 2·11·1163 + 3
859	25771	25771 = 2·3·5·859 + 1
6449	25799	25799 = 2·2·6449 + 3
1301	26021	26021 = 2·2·5·1301 + 1
2617	26171	26171 = 2·5·2617 + 1
6547	26189	26189 = 2·2·6547 + 1
3307	26459	26459 = 2·2·2·3307 + 3
2663	26633	26633 = 2·5·2663 + 3
4441	26647	26647 = 2·3·4441 + 1
607	26711	26711 = 2·2·11·607 + 3
1217	26777	26777 = 2·11·1217 + 3
2689	26891	26891 = 2·5·2689 + 1
967	27077	27077 = 2·2·7·967 + 1
1049	27277	27277 = 2·13·1049 + 3
4561	27367	27367 = 2·3·4561 + 1
761	27397	27397 = 2·2·3·3·761 + 1
1249	27479	27479 = 2·11·1249 + 1
1153	27673	27673 = 2·2·2·3·1153 + 1
823	27983	27983 = 2·17·823 + 1
2333	27997	27997 = 2·2·3·2333 + 1
2339	28069	28069 = 2·2·3·2339 + 1
3527	28219	28219 = 2·2·2·3527 + 3
1283	28229	28229 = 2·11·1283 + 3
1571	28279	28279 = 2·3·3·1571 + 1
7079	28319	28319 = 2·2·7079 + 3
1777	28433	28433 = 2·2·2·2·1777 + 1
751	28541	28541 = 2·19·751 + 3
2857	28571	28571 = 2·5·2857 + 1
7151	28607	28607 = 2·2·7151 + 3
3581	28649	28649 = 2·2·2·3581 + 1
1303	28669	28669 = 2·11·1303 + 3
4813	28879	28879 = 2·3·4813 + 1
2423	29077	29077 = 2·2·3·2423 + 1
1627	29287	29287 = 2·3·3·1627 + 1
2099	29387	29387 = 2·7·2099 + 1
7349	29399	29399 = 2·2·7349 + 3
2957	29573	29573 = 2·5·2957 + 3
1483	29663	29663 = 2·2·5·1483 + 3
1487	29741	29741 = 2·2·5·1487 + 1
2131	29837	29837 = 2·7·2131 + 3
4993	29959	29959 = 2·3·4993 + 1
7507	30029	30029 = 2·2·7507 + 1
941	30113	30113 = 2·2·2·2·2·941 + 1
3767	30139	30139 = 2·2·2·3767 + 3
3793	30347	30347 = 2·2·2·3793 + 3
2539	30469	30469 = 2·2·3·2539 + 1
7639	30557	30557 = 2·2·7639 + 1
3089	30893	30893 = 2·5·3089 + 3
2579	30949	30949 = 2·2·3·2579 + 1
1549	30983	30983 = 2·2·5·1549 + 3
1559	31183	31183 = 2·2·5·1559 + 3
3907	31259	31259 = 2·2·2·3907 + 3
2237	31319	31319 = 2·7·2237 + 1
3917	31337	31337 = 2·2·2·3917 + 1
3923	31387	31387 = 2·2·2·3923 + 3
7867	31469	31469 = 2·2·7867 + 1
2251	31517	31517 = 2·7·2251 + 3
3943	31547	31547 = 2·2·2·3943 + 3
7901	31607	31607 = 2·2·7901 + 3
1583	31663	31663 = 2·2·5·1583 + 3
1223	31799	31799 = 2·13·1223 + 1
1327	31849	31849 = 2·2·2·3·1327 + 1
1231	32009	32009 = 2·13·1231 + 3
8017	32069	32069 = 2·2·8017 + 1
1607	32141	32141 = 2·2·5·1607 + 1
3221	32213	32213 = 2·5·3221 + 3
2309	32327	32327 = 2·7·2309 + 1
5393	32359	32359 = 2·3·5393 + 1
1619	32381	32381 = 2·2·5·1619 + 1
2711	32533	32533 = 2·2·3·2711 + 1
4073	32587	32587 = 2·2·2·4073 + 3
2069	33107	33107 = 2·2·2·2·2069 + 3
8287	33149	33149 = 2·2·8287 + 1
3319	33191	33191 = 2·5·3319 + 1
1847	33247	33247 = 2·3·3·1847 + 1
757	33311	33311 = 2·2·11·757 + 3
8329	33317	33317 = 2·2·8329 + 1
1399	33577	33577 = 2·2·2·3·1399 + 1
2801	33613	33613 = 2·2·3·2801 + 1
4217	33739	33739 = 2·2·2·4217 + 3
2113	33809	33809 = 2·2·2·2·2113 + 1
1129	33871	33871 = 2·3·5·1129 + 1
8539	34157	34157 = 2·2·8539 + 1
4283	34267	34267 = 2·2·2·4283 + 3
1721	34421	34421 = 2·2·5·1721 + 1
8647	34589	34589 = 2·2·8647 + 1
2477	34679	34679 = 2·7·2477 + 1
8689	34757	34757 = 2·2·8689 + 1
1097	35107	35107 = 2·2·2·2·2·1097 + 3
3557	35573	35573 = 2·5·3557 + 3
8969	35879	35879 = 2·2·8969 + 3
1499	35977	35977 = 2·2·2·3·1499 + 1
9067	36269	36269 = 2·2·9067 + 1
2591	36277	36277 = 2·7·2591 + 3
9157	36629	36629 = 2·2·9157 + 1
919	36761	36761 = 2·2·2·5·919 + 1
9221	36887	36887 = 2·2·9221 + 3
2311	36979	36979 = 2·2·2·2·2311 + 3
1553	37273	37273 = 2·2·2·3·1553 + 1
9319	37277	37277 = 2·2·9319 + 1
2671	37397	37397 = 2·7·2671 + 3
9397	37589	37589 = 2·2·9397 + 1
733	38119	38119 = 2·2·13·733 + 3
491	38299	38299 = 2·3·13·491 + 1
1597	38329	38329 = 2·2·2·3·1597 + 1
3229	38749	38749 = 2·2·3·3229 + 1
3889	38891	38891 = 2·5·3889 + 1
1783	39227	39227 = 2·11·1783 + 1
1787	39317	39317 = 2·11·1787 + 3
1789	39359	39359 = 2·11·1789 + 1
1321	39631	39631 = 2·3·5·1321 + 1
2837	39719	39719 = 2·7·2837 + 1
2207	39727	39727 = 2·3·3·2207 + 1
643	39869	39869 = 2·31·643 + 3
3323	39877	39877 = 2·2·3·3323 + 1
1999	39983	39983 = 2·2·5·1999 + 3
4003	40031	40031 = 2·5·4003 + 1
6673	40039	40039 = 2·3·6673 + 1
1433	40127	40127 = 2·2·7·1433 + 3
2531	40499	40499 = 2·2·2·2·2531 + 3
2897	40559	40559 = 2·7·2897 + 1
5087	40697	40697 = 2·2·2·5087 + 1
10177	40709	40709 = 2·2·10177 + 1
2549	40787	40787 = 2·2·2·2·2549 + 3
2551	40819	40819 = 2·2·2·2·2551 + 3
5147	41179	41179 = 2·2·2·5147 + 3
5153	41227	41227 = 2·2·2·5153 + 3
5197	41579	41579 = 2·2·2·5197 + 3
1733	41593	41593 = 2·2·2·3·1733 + 1
2971	41597	41597 = 2·7·2971 + 3
5237	41897	41897 = 2·2·2·5237 + 1
1171	42157	42157 = 2·2·3·3·1171 + 1
10589	42359	42359 = 2·2·10589 + 3
1061	42443	42443 = 2·2·2·5·1061 + 3
10639	42557	42557 = 2·2·10639 + 1
10691	42767	42767 = 2·2·10691 + 3
10709	42839	42839 = 2·2·10709 + 3
5381	43049	43049 = 2·2·2·5381 + 1
3593	43117	43117 = 2·2·3·3593 + 1
7193	43159	43159 = 2·3·7193 + 1
2161	43223	43223 = 2·2·5·2161 + 3
4339	43391	43391 = 2·5·4339 + 1
1447	43411	43411 = 2·3·5·1447 + 1
3631	43573	43573 = 2·2·3·3631 + 1
1213	43669	43669 = 2·2·3·3·1213 + 1
1987	43717	43717 = 2·11·1987 + 3
2437	43867	43867 = 2·3·3·2437 + 1
4397	43973	43973 = 2·5·4397 + 3
2749	43987	43987 = 2·2·2·2·2749 + 3
5503	44027	44027 = 2·2·2·5503 + 3
11047	44189	44189 = 2·2·11047 + 1
5531	44249	44249 = 2·2·2·5531 + 1
11171	44687	44687 = 2·2·11171 + 3
457	44789	44789 = 2·7·7·457 + 3
3733	44797	44797 = 2·2·3·3733 + 1
4513	45131	45131 = 2·5·4513 + 1
7541	45247	45247 = 2·3·7541 + 1
809	45307	45307 = 2·2·2·7·809 + 3
2267	45341	45341 = 2·2·5·2267 + 1
2843	45491	45491 = 2·2·2·2·2843 + 3
3257	45599	45599 = 2·7·3257 + 1
1759	45737	45737 = 2·13·1759 + 3
11471	45887	45887 = 2·2·11471 + 3
2089	45959	45959 = 2·11·2089 + 1
11497	45989	45989 = 2·2·11497 + 1
11549	46199	46199 = 2·2·11549 + 3
3853	46237	46237 = 2·2·3·3853 + 1
11587	46349	46349 = 2·2·11587 + 1
5807	46457	46457 = 2·2·2·5807 + 1
3881	46573	46573 = 2·2·3·3881 + 1
7853	47119	47119 = 2·3·7853 + 1
2143	47149	47149 = 2·11·2143 + 3
11801	47207	47207 = 2·2·11801 + 3
1979	47497	47497 = 2·2·2·3·1979 + 1
2969	47507	47507 = 2·2·2·2·2969 + 3
4751	47513	47513 = 2·5·4751 + 3
4759	47591	47591 = 2·5·4759 + 1
11909	47639	47639 = 2·2·11909 + 3
1493	47777	47777 = 2·2·2·2·2·1493 + 1
11959	47837	47837 = 2·2·11959 + 1
3001	48017	48017 = 2·2·2·2·3001 + 1
4013	48157	48157 = 2·2·3·4013 + 1
12049	48197	48197 = 2·2·12049 + 1
2417	48341	48341 = 2·2·5·2417 + 1
12101	48407	48407 = 2·2·12101 + 3
12119	48479	48479 = 2·2·12119 + 3
3467	48539	48539 = 2·7·3467 + 1
3511	49157	49157 = 2·7·3511 + 3
3083	49331	49331 = 2·2·2·2·3083 + 3
4111	49333	49333 = 2·2·3·4111 + 1
2473	49463	49463 = 2·2·5·2473 + 3
8273	49639	49639 = 2·3·8273 + 1
2767	49807	49807 = 2·3·3·2767 + 1
2269	49919	49919 = 2·11·2269 + 1
3121	49937	49937 = 2·2·2·2·3121 + 1
4999	49991	49991 = 2·5·4999 + 1
12517	50069	50069 = 2·2·12517 + 1
5011	50111	50111 = 2·5·5011 + 1
839	50341	50341 = 2·2·3·5·839 + 1
6317	50539	50539 = 2·2·2·6317 + 3
6323	50587	50587 = 2·2·2·6323 + 3
5059	50591	50591 = 2·5·5059 + 1
4231	50773	50773 = 2·2·3·4231 + 1
3187	50993	50993 = 2·2·2·2·3187 + 1
1823	51047	51047 = 2·2·7·1823 + 3
4261	51133	51133 = 2·2·3·4261 + 1
12821	51287	51287 = 2·2·12821 + 3
3209	51347	51347 = 2·2·2·2·3209 + 3
12899	51599	51599 = 2·2·12899 + 3
12959	51839	51839 = 2·2·12959 + 3
12967	51869	51869 = 2·2·12967 + 1
5189	51893	51893 = 2·5·5189 + 3
3709	51929	51929 = 2·7·3709 + 3
2609	52181	52181 = 2·2·5·2609 + 1
1637	52387	52387 = 2·2·2·2·2·1637 + 3
5273	52733	52733 = 2·5·5273 + 3
3301	52817	52817 = 2·2·2·2·3301 + 1
13229	52919	52919 = 2·2·13229 + 3
3329	53267	53267 = 2·2·2·2·3329 + 3
8893	53359	53359 = 2·3·8893 + 1
2693	53861	53861 = 2·2·5·2693 + 1
6737	53897	53897 = 2·2·2·6737 + 1
3851	53917	53917 = 2·7·3851 + 3
2467	54277	54277 = 2·11·2467 + 3
5431	54311	54311 = 2·5·5431 + 1
5477	54773	54773 = 2·5·5477 + 3
6863	54907	54907 = 2·2·2·6863 + 3
13729	54917	54917 = 2·2·13729 + 1
3947	55259	55259 = 2·7·3947 + 1
2777	55541	55541 = 2·2·5·2777 + 1
5563	55631	55631 = 2·5·5563 + 1
5569	55691	55691 = 2·5·5569 + 1
5573	55733	55733 = 2·5·5573 + 3
4651	55813	55813 = 2·2·3·4651 + 1
13999	55997	55997 = 2·2·13999 + 1
14009	56039	56039 = 2·2·14009 + 3
1753	56099	56099 = 2·2·2·2·2·1753 + 3
3533	56531	56531 = 2·2·2·2·3533 + 3
2357	56569	56569 = 2·2·2·3·2357 + 1
14149	56597	56597 = 2·2·14149 + 1
14249	56999	56999 = 2·2·14249 + 3
5717	57173	57173 = 2·5·5717 + 3
14321	57287	57287 = 2·2·14321 + 3
3583	57329	57329 = 2·2·2·2·3583 + 1
4099	57389	57389 = 2·7·4099 + 3
4783	57397	57397 = 2·2·3·4783 + 1
1601	57637	57637 = 2·2·3·3·1601 + 1
9613	57679	57679 = 2·3·9613 + 1
7211	57689	57689 = 2·2·2·7211 + 1
5779	57791	57791 = 2·5·5779 + 1
3613	57809	57809 = 2·2·2·2·3613 + 1
7237	57899	57899 = 2·2·2·7237 + 3
4139	57947	57947 = 2·7·4139 + 1
5801	58013	58013 = 2·5·5801 + 3
907	58049	58049 = 2·2·2·2·2·2·907 + 1
4157	58199	58199 = 2·7·4157 + 1
4159	58229	58229 = 2·7·4159 + 3
5851	58511	58511 = 2·5·5851 + 1
5861	58613	58613 = 2·5·5861 + 3
14669	58679	58679 = 2·2·14669 + 3
4909	58909	58909 = 2·2·3·4909 + 1
14741	58967	58967 = 2·2·14741 + 3
4219	59069	59069 = 2·7·4219 + 3
1741	59197	59197 = 2·17·1741 + 3
9901	59407	59407 = 2·3·9901 + 1
4259	59629	59629 = 2·7·4259 + 3
1867	59747	59747 = 2·2·2·2·2·1867 + 3
1993	59791	59791 = 2·3·5·1993 + 1
2999	59981	59981 = 2·2·5·2999 + 1
911	60127	60127 = 2·3·11·911 + 1
3011	60223	60223 = 2·2·5·3011 + 3
6029	60293	60293 = 2·5·6029 + 3
7577	60617	60617 = 2·2·2·7577 + 1
15161	60647	60647 = 2·2·15161 + 3
2341	60869	60869 = 2·13·2341 + 3
1277	61297	61297 = 2·2·2·2·3·1277 + 1
3833	61331	61331 = 2·2·2·2·3833 + 3
5113	61357	61357 = 2·2·3·5113 + 1
6151	61511	61511 = 2·5·6151 + 1
7703	61627	61627 = 2·2·2·7703 + 3
7727	61819	61819 = 2·2·2·7727 + 3
2213	61967	61967 = 2·2·7·2213 + 3
6199	61991	61991 = 2·5·6199 + 1
2833	62327	62327 = 2·11·2833 + 1
7793	62347	62347 = 2·2·2·7793 + 3
15619	62477	62477 = 2·2·15619 + 1
6263	62633	62633 = 2·5·6263 + 3
5231	62773	62773 = 2·2·3·5231 + 1
15787	63149	63149 = 2·2·15787 + 1
1439	63317	63317 = 2·2·11·1439 + 1
2441	63467	63467 = 2·13·2441 + 1
10601	63607	63607 = 2·3·10601 + 1
6361	63611	63611 = 2·5·6361 + 1
16001	64007	64007 = 2·2·16001 + 3
4001	64019	64019 = 2·2·2·2·4001 + 3
3203	64063	64063 = 2·2·5·3203 + 3
2141	64231	64231 = 2·3·5·2141 + 1
6427	64271	64271 = 2·5·6427 + 1
3571	64279	64279 = 2·3·3·3571 + 1
6481	64811	64811 = 2·5·6481 + 1
4637	64919	64919 = 2·7·4637 + 1
3607	64927	64927 = 2·3·3·3607 + 1
8117	64937	64937 = 2·2·2·8117 + 1
16249	64997	64997 = 2·2·16249 + 1
3253	65063	65063 = 2·2·5·3253 + 3
4079	65267	65267 = 2·2·2·2·4079 + 3
2179	65371	65371 = 2·3·5·2179 + 1
3271	65423	65423 = 2·2·5·3271 + 3
16421	65687	65687 = 2·2·16421 + 3
8233	65867	65867 = 2·2·2·8233 + 3
1319	65951	65951 = 2·5·5·1319 + 1
8263	66107	66107 = 2·2·2·8263 + 3
6619	66191	66191 = 2·5·6619 + 1
4153	66449	66449 = 2·2·2·2·4153 + 1
6653	66533	66533 = 2·5·6653 + 3
3347	66943	66943 = 2·2·5·3347 + 3
2797	67129	67129 = 2·2·2·3·2797 + 1
3359	67181	67181 = 2·2·5·3359 + 1
4201	67217	67217 = 2·2·2·2·4201 + 1
16811	67247	67247 = 2·2·16811 + 3
8443	67547	67547 = 2·2·2·8443 + 3
1697	67883	67883 = 2·2·2·5·1697 + 3
11321	67927	67927 = 2·3·11321 + 1
8563	68507	68507 = 2·2·2·8563 + 3
17159	68639	68639 = 2·2·17159 + 3
5743	68917	68917 = 2·2·3·5743 + 1
8627	69019	69019 = 2·2·2·8627 + 3
17257	69029	69029 = 2·2·17257 + 1
3463	69263	69263 = 2·2·5·3463 + 3
5791	69493	69493 = 2·2·3·5791 + 1
6959	69593	69593 = 2·5·6959 + 3
3167	69677	69677 = 2·11·3167 + 3
8737	69899	69899 = 2·2·2·8737 + 3
6991	69911	69911 = 2·5·6991 + 1
8741	69929	69929 = 2·2·2·8741 + 1
11701	70207	70207 = 2·3·11701 + 1
1951	70237	70237 = 2·2·3·3·1951 + 1
1531	70429	70429 = 2·23·1531 + 3
8807	70457	70457 = 2·2·2·8807 + 1
2939	70537	70537 = 2·2·2·3·2939 + 1
5039	70549	70549 = 2·7·5039 + 3
7057	70571	70571 = 2·5·7057 + 1
3529	70583	70583 = 2·2·5·3529 + 3
2083	70823	70823 = 2·17·2083 + 1
11833	70999	70999 = 2·3·11833 + 1
5099	71387	71387 = 2·7·5099 + 1
2557	71597	71597 = 2·2·7·2557 + 1
11941	71647	71647 = 2·3·11941 + 1
3259	71699	71699 = 2·11·3259 + 1
11953	71719	71719 = 2·3·11953 + 1
11981	71887	71887 = 2·3·11981 + 1
18041	72167	72167 = 2·2·18041 + 3
3617	72341	72341 = 2·2·5·3617 + 1
3623	72461	72461 = 2·2·5·3623 + 1
7253	72533	72533 = 2·5·7253 + 3
12113	72679	72679 = 2·3·12113 + 1
18191	72767	72767 = 2·2·18191 + 3
18217	72869	72869 = 2·2·18217 + 1
2027	72973	72973 = 2·2·3·3·2027 + 1
3659	73181	73181 = 2·2·5·3659 + 1
4583	73331	73331 = 2·2·2·2·4583 + 3
3671	73421	73421 = 2·2·5·3671 + 1
18397	73589	73589 = 2·2·18397 + 1
18439	73757	73757 = 2·2·18439 + 1
18461	73847	73847 = 2·2·18461 + 3
3079	73897	73897 = 2·2·2·3·3079 + 1
4621	73939	73939 = 2·2·2·2·4621 + 3
3361	73943	73943 = 2·11·3361 + 1
5297	74159	74159 = 2·7·5297 + 1
3719	74381	74381 = 2·2·5·3719 + 1
9311	74489	74489 = 2·2·2·9311 + 1
18679	74717	74717 = 2·2·18679 + 1
9341	74729	74729 = 2·2·2·9341 + 1
4673	74771	74771 = 2·2·2·2·4673 + 3
2879	74857	74857 = 2·13·2879 + 3
9377	75017	75017 = 2·2·2·9377 + 1
18787	75149	75149 = 2·2·18787 + 1
18859	75437	75437 = 2·2·18859 + 1
2903	75479	75479 = 2·13·2903 + 1
12613	75679	75679 = 2·3·12613 + 1
9463	75707	75707 = 2·2·2·9463 + 3
4733	75731	75731 = 2·2·2·2·4733 + 3
2707	75797	75797 = 2·2·7·2707 + 1
7583	75833	75833 = 2·5·7583 + 3
9547	76379	76379 = 2·2·2·9547 + 3
3823	76463	76463 = 2·2·5·3823 + 3
2393	76579	76579 = 2·2·2·2·2·2393 + 3
7673	76733	76733 = 2·5·7673 + 3
1747	76871	76871 = 2·2·11·1747 + 3
3863	77261	77261 = 2·2·5·3863 + 1
19319	77279	77279 = 2·2·19319 + 3
9677	77417	77417 = 2·2·2·9677 + 1
12953	77719	77719 = 2·3·12953 + 1
9733	77867	77867 = 2·2·2·9733 + 3
6491	77893	77893 = 2·2·3·6491 + 1
13001	78007	78007 = 2·3·13001 + 1
5581	78137	78137 = 2·7·5581 + 3
7817	78173	78173 = 2·5·7817 + 3
4357	78427	78427 = 2·3·3·4357 + 1
19609	78437	78437 = 2·2·19609 + 1
7879	78791	78791 = 2·5·7879 + 1
19699	78797	78797 = 2·2·19699 + 1
19709	78839	78839 = 2·2·19709 + 3
4391	79039	79039 = 2·3·3·4391 + 1
1723	79259	79259 = 2·23·1723 + 1
5669	79367	79367 = 2·7·5669 + 1
19889	79559	79559 = 2·2·19889 + 3
19991	79967	79967 = 2·2·19991 + 3
2861	80111	80111 = 2·2·7·2861 + 3
3643	80147	80147 = 2·11·3643 + 1
13381	80287	80287 = 2·3·13381 + 1
20107	80429	80429 = 2·2·20107 + 1
5749	80489	80489 = 2·7·5749 + 3
1831	80567	80567 = 2·2·11·1831 + 3
2377	80819	80819 = 2·17·2377 + 1
8093	80933	80933 = 2·5·8093 + 3
2383	81023	81023 = 2·17·2383 + 1
6763	81157	81157 = 2·2·3·6763 + 1
5077	81233	81233 = 2·2·2·2·5077 + 1
4517	81307	81307 = 2·3·3·4517 + 1
10193	81547	81547 = 2·2·2·10193 + 3
20407	81629	81629 = 2·2·20407 + 1
20411	81647	81647 = 2·2·20411 + 3
3407	81769	81769 = 2·2·2·3·3407 + 1
20509	82037	82037 = 2·2·20509 + 1
5867	82139	82139 = 2·7·5867 + 1
8237	82373	82373 = 2·5·8237 + 3
10313	82507	82507 = 2·2·2·10313 + 3
5897	82559	82559 = 2·7·5897 + 1
3469	83257	83257 = 2·2·2·3·3469 + 1
21011	84047	84047 = 2·2·21011 + 3
2003	84127	84127 = 2·3·7·2003 + 1
5261	84179	84179 = 2·2·2·2·5261 + 3
4211	84223	84223 = 2·2·5·4211 + 3
5281	84499	84499 = 2·2·2·2·5281 + 3
21179	84719	84719 = 2·2·21179 + 3
10607	84859	84859 = 2·2·2·10607 + 3
5309	84947	84947 = 2·2·2·2·5309 + 3
8513	85133	85133 = 2·5·8513 + 3
2243	85237	85237 = 2·19·2243 + 3
7129	85549	85549 = 2·2·3·7129 + 1
1861	85607	85607 = 2·23·1861 + 1
8573	85733	85733 = 2·5·8573 + 3
7159	85909	85909 = 2·2·3·7159 + 1
10753	86027	86027 = 2·2·2·10753 + 3
21589	86357	86357 = 2·2·21589 + 1
7219	86629	86629 = 2·2·3·7219 + 1
8669	86693	86693 = 2·5·8669 + 3
1973	86813	86813 = 2·2·11·1973 + 1
4831	86959	86959 = 2·3·3·4831 + 1
5437	86993	86993 = 2·2·2·2·5437 + 1
8707	87071	87071 = 2·5·8707 + 1
21787	87149	87149 = 2·2·21787 + 1
8783	87833	87833 = 2·5·8783 + 3
5501	88019	88019 = 2·2·2·2·5501 + 3
5521	88339	88339 = 2·2·2·2·5521 + 3
4421	88423	88423 = 2·2·5·4421 + 3
4021	88463	88463 = 2·11·4021 + 1
8849	88493	88493 = 2·5·8849 + 3
22147	88589	88589 = 2·2·22147 + 1
3181	89069	89069 = 2·2·7·3181 + 1
22271	89087	89087 = 2·2·22271 + 3
4951	89119	89119 = 2·3·3·4951 + 1
8923	89231	89231 = 2·5·8923 + 1
3433	89261	89261 = 2·13·3433 + 3
22349	89399	89399 = 2·2·22349 + 3
7451	89413	89413 = 2·2·3·7451 + 1
3727	89449	89449 = 2·2·2·3·3727 + 1
5591	89459	89459 = 2·2·2·2·5591 + 3
2239	89561	89561 = 2·2·2·5·2239 + 1
3461	89989	89989 = 2·13·3461 + 3
9001	90011	90011 = 2·5·9001 + 1
1669	90127	90127 = 2·3·3·3·1669 + 1
11273	90187	90187 = 2·2·2·11273 + 3
22669	90677	90677 = 2·2·22669 + 1
9091	90911	90911 = 2·5·9091 + 1
22807	91229	91229 = 2·2·22807 + 1
1427	91331	91331 = 2·2·2·2·2·2·1427 + 3
4597	91943	91943 = 2·2·5·4597 + 3
23099	92399	92399 = 2·2·23099 + 3
3313	92767	92767 = 2·2·7·3313 + 3
2729	92789	92789 = 2·17·2729 + 3
6661	93257	93257 = 2·7·6661 + 3
23321	93287	93287 = 2·2·23321 + 3
15581	93487	93487 = 2·3·15581 + 1
5843	93491	93491 = 2·2·2·2·5843 + 3
3343	93607	93607 = 2·2·7·3343 + 3
5881	94099	94099 = 2·2·2·2·5881 + 3
15733	94399	94399 = 2·3·15733 + 1
2053	94439	94439 = 2·23·2053 + 1
7873	94477	94477 = 2·2·3·7873 + 1
7883	94597	94597 = 2·2·3·7883 + 1
23677	94709	94709 = 2·2·23677 + 1
2963	94819	94819 = 2·2·2·2·2·2963 + 3
2371	94841	94841 = 2·2·2·5·2371 + 1
6779	94907	94907 = 2·7·6779 + 1
5939	95027	95027 = 2·2·2·2·5939 + 3
3169	95071	95071 = 2·3·5·3169 + 1
23819	95279	95279 = 2·2·23819 + 3
23857	95429	95429 = 2·2·23857 + 1
2273	95467	95467 = 2·3·7·2273 + 1
15913	95479	95479 = 2·3·15913 + 1
2389	95561	95561 = 2·2·2·5·2389 + 1
23899	95597	95597 = 2·2·23899 + 1
23929	95717	95717 = 2·2·23929 + 1
12007	96059	96059 = 2·2·2·12007 + 3
16033	96199	96199 = 2·3·16033 + 1
12041	96329	96329 = 2·2·2·12041 + 1
9643	96431	96431 = 2·5·9643 + 1
6899	96587	96587 = 2·7·6899 + 1
3457	96797	96797 = 2·2·7·3457 + 1
9689	96893	96893 = 2·5·9689 + 3
24239	96959	96959 = 2·2·24239 + 3
8081	96973	96973 = 2·2·3·8081 + 1
24281	97127	97127 = 2·2·24281 + 3
8101	97213	97213 = 2·2·3·8101 + 1
6947	97259	97259 = 2·7·6947 + 1
12197	97577	97577 = 2·2·2·12197 + 1
12251	98009	98009 = 2·2·2·12251 + 1
24551	98207	98207 = 2·2·24551 + 3
2731	98317	98317 = 2·2·3·3·2731 + 1
3517	98479	98479 = 2·2·7·3517 + 3
4933	98663	98663 = 2·2·5·4933 + 3
9871	98711	98711 = 2·5·9871 + 1
24709	98837	98837 = 2·2·24709 + 1
24749	98999	98999 = 2·2·24749 + 3
16561	99367	99367 = 2·3·16561 + 1
16573	99439	99439 = 2·3·16573 + 1
12437	99497	99497 = 2·2·2·12437 + 1
8311	99733	99733 = 2·2·3·8311 + 1
12473	99787	99787 = 2·2·2·12473 + 3
8363	100357	100357 = 2·2·3·8363 + 1
10039	100391	100391 = 2·5·10039 + 1
16741	100447	100447 = 2·3·16741 + 1
10061	100613	100613 = 2·5·10061 + 3
8389	100669	100669 = 2·2·3·8389 + 1
7229	101207	101207 = 2·7·7229 + 1
4603	101267	101267 = 2·11·4603 + 1
10151	101513	101513 = 2·5·10151 + 3
10169	101693	101693 = 2·5·10169 + 3
6359	101747	101747 = 2·2·2·2·6359 + 3
25447	101789	101789 = 2·2·25447 + 1
4639	102059	102059 = 2·11·4639 + 1
4643	102149	102149 = 2·11·4643 + 3
25579	102317	102317 = 2·2·25579 + 1
7309	102329	102329 = 2·7·7309 + 3
25601	102407	102407 = 2·2·25601 + 3
25609	102437	102437 = 2·2·25609 + 1
10253	102533	102533 = 2·5·10253 + 3
17093	102559	102559 = 2·3·17093 + 1
4663	102587	102587 = 2·11·4663 + 1
6451	103217	103217 = 2·2·2·2·6451 + 1
3691	103349	103349 = 2·2·7·3691 + 1
12923	103387	103387 = 2·2·2·12923 + 3
12973	103787	103787 = 2·2·2·12973 + 3
10399	103991	103991 = 2·5·10399 + 1
4007	104183	104183 = 2·13·4007 + 1
13037	104297	104297 = 2·2·2·13037 + 1
7457	104399	104399 = 2·7·7457 + 1
26189	104759	104759 = 2·2·26189 + 3
8731	104773	104773 = 2·2·3·8731 + 1
13103	104827	104827 = 2·2·2·13103 + 3
6553	104849	104849 = 2·2·2·2·6553 + 1
8753	105037	105037 = 2·2·3·8753 + 1
6569	105107	105107 = 2·2·2·2·6569 + 3
6571	105137	105137 = 2·2·2·2·6571 + 1
7517	105239	105239 = 2·7·7517 + 1
4789	105359	105359 = 2·11·4789 + 1
13183	105467	105467 = 2·2·2·13183 + 3
7559	105829	105829 = 2·7·7559 + 3
13241	105929	105929 = 2·2·2·13241 + 1
4091	106367	106367 = 2·13·4091 + 1
13327	106619	106619 = 2·2·2·13327 + 3
13331	106649	106649 = 2·2·2·13331 + 1
13337	106699	106699 = 2·2·2·13337 + 3
2137	106853	106853 = 2·5·5·2137 + 3
10687	106871	106871 = 2·5·10687 + 1
6691	107057	107057 = 2·2·2·2·6691 + 1
8933	107197	107197 = 2·2·3·8933 + 1
2063	107279	107279 = 2·2·13·2063 + 3
6709	107347	107347 = 2·2·2·2·6709 + 3
4129	107357	107357 = 2·13·4129 + 3
3847	107717	107717 = 2·2·7·3847 + 1
26959	107837	107837 = 2·2·26959 + 1
6007	108127	108127 = 2·3·3·6007 + 1
3191	108497	108497 = 2·17·3191 + 3
3877	108557	108557 = 2·2·7·3877 + 1
27259	109037	109037 = 2·2·27259 + 1
3637	109111	109111 = 2·3·5·3637 + 1
6823	109169	109169 = 2·2·2·2·6823 + 1
6829	109267	109267 = 2·2·2·2·6829 + 3
13693	109547	109547 = 2·2·2·13693 + 3
6091	109639	109639 = 2·3·3·6091 + 1
5483	109661	109661 = 2·2·5·5483 + 1
27479	109919	109919 = 2·2·27479 + 3
3931	110069	110069 = 2·2·7·3931 + 1
18353	110119	110119 = 2·3·18353 + 1
9203	110437	110437 = 2·2·3·9203 + 1
13807	110459	110459 = 2·2·2·13807 + 3
2909	110543	110543 = 2·19·2909 + 1
2129	110711	110711 = 2·2·13·2129 + 3
11093	110933	110933 = 2·5·11093 + 3
7937	111119	111119 = 2·7·7937 + 1
2927	111227	111227 = 2·19·2927 + 1
27817	111269	111269 = 2·2·27817 + 1
13933	111467	111467 = 2·2·2·13933 + 3
4649	111577	111577 = 2·2·2·3·4649 + 1
2791	111641	111641 = 2·2·2·5·2791 + 1
6983	111731	111731 = 2·2·2·2·6983 + 3
11177	111773	111773 = 2·5·11177 + 3
27967	111869	111869 = 2·2·27967 + 1
13997	111977	111977 = 2·2·2·13997 + 1
7001	112019	112019 = 2·2·2·2·7001 + 3
18701	112207	112207 = 2·3·18701 + 1
18713	112279	112279 = 2·3·18713 + 1
28099	112397	112397 = 2·2·28099 + 1
14057	112459	112459 = 2·2·2·14057 + 3
11257	112571	112571 = 2·5·11257 + 1
4027	112757	112757 = 2·2·7·4027 + 1
28219	112877	112877 = 2·2·28219 + 1
5651	113021	113021 = 2·2·5·5651 + 1
5653	113063	113063 = 2·2·5·5653 + 3
11311	113111	113111 = 2·5·11311 + 1
9431	113173	113173 = 2·2·3·9431 + 1
4729	113497	113497 = 2·2·2·3·4729 + 1
14207	113657	113657 = 2·2·2·14207 + 1
28429	113717	113717 = 2·2·28429 + 1
9479	113749	113749 = 2·2·3·9479 + 1
5689	113783	113783 = 2·2·5·5689 + 3
2713	113947	113947 = 2·3·7·2713 + 1
28549	114197	114197 = 2·2·28549 + 1
19081	114487	114487 = 2·3·19081 + 1
5209	114599	114599 = 2·11·5209 + 1
3371	114617	114617 = 2·17·3371 + 3
28687	114749	114749 = 2·2·28687 + 1
7177	114833	114833 = 2·2·2·2·7177 + 1
19141	114847	114847 = 2·3·19141 + 1
14387	115099	115099 = 2·2·2·14387 + 3
9619	115429	115429 = 2·2·3·9619 + 1
9661	115933	115933 = 2·2·3·9661 + 1
14503	116027	116027 = 2·2·2·14503 + 3
19373	116239	116239 = 2·3·19373 + 1
5821	116423	116423 = 2·2·5·5821 + 3
4481	116507	116507 = 2·13·4481 + 1
11719	117191	117191 = 2·5·11719 + 1
14657	117259	117259 = 2·2·2·14657 + 3
5333	117329	117329 = 2·11·5333 + 3
29347	117389	117389 = 2·2·29347 + 1
7351	117619	117619 = 2·2·2·2·7351 + 3
11777	117773	117773 = 2·5·11777 + 3
5903	118061	118061 = 2·2·5·5903 + 1
29531	118127	118127 = 2·2·29531 + 3
14771	118169	118169 = 2·2·2·14771 + 1
9851	118213	118213 = 2·2·3·9851 + 1
4549	118277	118277 = 2·13·4549 + 3
4943	118633	118633 = 2·2·2·3·4943 + 1
7417	118673	118673 = 2·2·2·2·7417 + 1
11903	119033	119033 = 2·5·11903 + 3
19841	119047	119047 = 2·3·19841 + 1
4253	119087	119087 = 2·2·7·4253 + 3
2293	119237	119237 = 2·2·13·2293 + 1
9949	119389	119389 = 2·2·3·9949 + 1
3989	119671	119671 = 2·3·5·3989 + 1
19973	119839	119839 = 2·3·19973 + 1
6011	120223	120223 = 2·2·5·6011 + 3
7523	120371	120371 = 2·2·2·2·7523 + 3
15053	120427	120427 = 2·2·2·15053 + 3
15073	120587	120587 = 2·2·2·15073 + 3
6701	120619	120619 = 2·3·3·6701 + 1
30169	120677	120677 = 2·2·30169 + 1
30187	120749	120749 = 2·2·30187 + 1
10069	120829	120829 = 2·2·3·10069 + 1
6047	120943	120943 = 2·2·5·6047 + 3
7561	120977	120977 = 2·2·2·2·7561 + 1
20173	121039	121039 = 2·3·20173 + 1
6053	121063	121063 = 2·2·5·6053 + 3
4327	121157	121157 = 2·2·7·4327 + 1
4337	121439	121439 = 2·2·7·4337 + 3
30367	121469	121469 = 2·2·30367 + 1
15193	121547	121547 = 2·2·2·15193 + 3
30389	121559	121559 = 2·2·30389 + 3
4057	121711	121711 = 2·3·5·4057 + 1
10159	121909	121909 = 2·2·3·10159 + 1
3049	121963	121963 = 2·2·2·5·3049 + 3
4691	121967	121967 = 2·13·4691 + 1
8719	122069	122069 = 2·7·8719 + 3
30529	122117	122117 = 2·2·30529 + 1
12239	122393	122393 = 2·5·12239 + 3
10211	122533	122533 = 2·2·3·10211 + 1
30649	122597	122597 = 2·2·30649 + 1
6133	122663	122663 = 2·2·5·6133 + 3
12289	122891	122891 = 2·5·12289 + 1
15377	123017	123017 = 2·2·2·15377 + 1
20521	123127	123127 = 2·3·20521 + 1
15401	123209	123209 = 2·2·2·15401 + 1
15413	123307	123307 = 2·2·2·15413 + 3
30851	123407	123407 = 2·2·30851 + 3
8831	123637	123637 = 2·7·8831 + 3
12391	123911	123911 = 2·5·12391 + 1
15497	123979	123979 = 2·2·2·15497 + 3
12413	124133	124133 = 2·5·12413 + 3
31069	124277	124277 = 2·2·31069 + 1
6217	124343	124343 = 2·2·5·6217 + 3
10369	124429	124429 = 2·2·3·10369 + 1
10433	125197	125197 = 2·2·3·10433 + 1
4177	125311	125311 = 2·3·5·4177 + 1
6269	125383	125383 = 2·2·5·6269 + 3
5701	125423	125423 = 2·11·5701 + 1
10459	125509	125509 = 2·2·3·10459 + 1
4483	125527	125527 = 2·2·7·4483 + 3
15737	125899	125899 = 2·2·2·15737 + 3
10501	126013	126013 = 2·2·3·10501 + 1
12647	126473	126473 = 2·5·12647 + 3
3023	126967	126967 = 2·3·7·3023 + 1
7951	127217	127217 = 2·2·2·2·7951 + 1
6367	127343	127343 = 2·2·5·6367 + 3
6389	127781	127781 = 2·2·5·6389 + 1
32119	128477	128477 = 2·2·32119 + 1
3779	128489	128489 = 2·17·3779 + 3
10729	128749	128749 = 2·2·3·10729 + 1
12911	129113	129113 = 2·5·12911 + 3
4969	129197	129197 = 2·13·4969 + 3
16187	129497	129497 = 2·2·2·16187 + 1
32381	129527	129527 = 2·2·32381 + 3
10799	129589	129589 = 2·2·3·10799 + 1
21601	129607	129607 = 2·3·21601 + 1
21661	129967	129967 = 2·3·21661 + 1
5419	130057	130057 = 2·2·2·3·5419 + 1
32531	130127	130127 = 2·2·32531 + 3
21713	130279	130279 = 2·3·21713 + 1
32587	130349	130349 = 2·2·32587 + 1
16301	130409	130409 = 2·2·2·16301 + 1
6521	130423	130423 = 2·2·5·6521 + 3
7247	130447	130447 = 2·3·3·7247 + 1
32647	130589	130589 = 2·2·32647 + 1
5443	130633	130633 = 2·2·2·3·5443 + 1
32707	130829	130829 = 2·2·32707 + 1
13121	131213	131213 = 2·5·13121 + 3
32839	131357	131357 = 2·2·32839 + 1
9391	131477	131477 = 2·7·9391 + 3
4703	131687	131687 = 2·2·7·4703 + 3
16493	131947	131947 = 2·2·2·16493 + 3
5507	132169	132169 = 2·2·2·3·5507 + 1
8293	132689	132689 = 2·2·2·2·8293 + 1
2659	132953	132953 = 2·5·5·2659 + 3
9511	133157	133157 = 2·7·9511 + 3
13339	133391	133391 = 2·5·13339 + 1
6679	133583	133583 = 2·2·5·6679 + 3
33427	133709	133709 = 2·2·33427 + 1
6689	133781	133781 = 2·2·5·6689 + 1
33479	133919	133919 = 2·2·33479 + 3
33487	133949	133949 = 2·2·33487 + 1
33521	134087	134087 = 2·2·33521 + 3
4793	134207	134207 = 2·2·7·4793 + 3
7477	134587	134587 = 2·3·3·7477 + 1
8429	134867	134867 = 2·2·2·2·8429 + 3
22481	134887	134887 = 2·3·22481 + 1
33749	134999	134999 = 2·2·33749 + 3
22501	135007	135007 = 2·3·22501 + 1
33769	135077	135077 = 2·2·33769 + 1
4507	135211	135211 = 2·3·5·4507 + 1
16931	135449	135449 = 2·2·2·16931 + 1
6163	135589	135589 = 2·11·6163 + 3
22621	135727	135727 = 2·3·22621 + 1
13613	136133	136133 = 2·5·13613 + 3
6197	136337	136337 = 2·11·6197 + 3
11369	136429	136429 = 2·2·3·11369 + 1
4877	136559	136559 = 2·2·7·4877 + 3
8543	136691	136691 = 2·2·2·2·8543 + 3
3797	136693	136693 = 2·2·3·3·3797 + 1
4273	136739	136739 = 2·2·2·2·2·4273 + 3
9791	137077	137077 = 2·7·9791 + 3
34319	137279	137279 = 2·2·34319 + 3
17167	137339	137339 = 2·2·2·17167 + 3
34369	137477	137477 = 2·2·34369 + 1
17207	137659	137659 = 2·2·2·17207 + 3
9857	137999	137999 = 2·7·9857 + 1
4937	138239	138239 = 2·2·7·4937 + 3
13873	138731	138731 = 2·5·13873 + 1
5783	138793	138793 = 2·2·2·3·5783 + 1
34729	138917	138917 = 2·2·34729 + 1
4967	139079	139079 = 2·2·7·4967 + 3
8699	139187	139187 = 2·2·2·2·8699 + 3
7741	139339	139339 = 2·3·3·7741 + 1
34849	139397	139397 = 2·2·34849 + 1
6343	139547	139547 = 2·11·6343 + 1
4363	139619	139619 = 2·2·2·2·2·4363 + 3
23293	139759	139759 = 2·3·23293 + 1
14011	140111	140111 = 2·5·14011 + 1
6373	140207	140207 = 2·11·6373 + 1
35059	140237	140237 = 2·2·35059 + 1
14033	140333	140333 = 2·5·14033 + 3
17573	140587	140587 = 2·2·2·17573 + 3
3701	140639	140639 = 2·19·3701 + 1
2011	140773	140773 = 2·5·7·2011 + 3
2351	141061	141061 = 2·2·3·5·2351 + 1
8819	141107	141107 = 2·2·2·2·8819 + 3
2521	141179	141179 = 2·2·2·7·2521 + 3
17657	141257	141257 = 2·2·2·17657 + 1
4423	141539	141539 = 2·2·2·2·2·4423 + 3
5449	141677	141677 = 2·13·5449 + 3
17713	141707	141707 = 2·2·2·17713 + 3
7121	142421	142421 = 2·2·5·7121 + 1
4451	142433	142433 = 2·2·2·2·2·4451 + 1
35617	142469	142469 = 2·2·35617 + 1
7127	142543	142543 = 2·2·5·7127 + 3
17837	142697	142697 = 2·2·2·17837 + 1
14281	142811	142811 = 2·5·14281 + 1
17863	142907	142907 = 2·2·2·17863 + 3
11933	143197	143197 = 2·2·3·11933 + 1
23873	143239	143239 = 2·3·23873 + 1
17923	143387	143387 = 2·2·2·17923 + 3
3119	143477	143477 = 2·23·3119 + 3
10259	143629	143629 = 2·7·10259 + 3
7187	143743	143743 = 2·2·5·7187 + 3
35999	143999	143999 = 2·2·35999 + 3
4801	144031	144031 = 2·3·5·4801 + 1
14407	144071	144071 = 2·5·14407 + 1
4519	144611	144611 = 2·2·2·2·2·4519 + 3
4523	144737	144737 = 2·2·2·2·2·4523 + 1
5171	144791	144791 = 2·2·7·5171 + 3
36251	145007	145007 = 2·2·36251 + 3
14519	145193	145193 = 2·5·14519 + 3
4289	145829	145829 = 2·17·4289 + 3
12161	145933	145933 = 2·2·3·12161 + 1
10429	146009	146009 = 2·7·10429 + 3
24373	146239	146239 = 2·3·24373 + 1
36629	146519	146519 = 2·2·36629 + 3
5233	146527	146527 = 2·2·7·5233 + 3
36709	146837	146837 = 2·2·36709 + 1
3673	146921	146921 = 2·2·2·5·3673 + 1
36761	147047	147047 = 2·2·36761 + 3
3677	147083	147083 = 2·2·2·5·3677 + 3
12269	147229	147229 = 2·2·3·12269 + 1
9209	147347	147347 = 2·2·2·2·9209 + 3
18427	147419	147419 = 2·2·2·18427 + 3
9239	147827	147827 = 2·2·2·2·9239 + 3
3697	147881	147881 = 2·2·2·5·3697 + 1
12329	147949	147949 = 2·2·3·12329 + 1
37039	148157	148157 = 2·2·37039 + 1
37049	148199	148199 = 2·2·37049 + 3
1613	148399	148399 = 2·2·23·1613 + 3
9293	148691	148691 = 2·2·2·2·9293 + 3
37181	148727	148727 = 2·2·37181 + 3
2657	148793	148793 = 2·2·2·7·2657 + 1
6203	148873	148873 = 2·2·2·3·6203 + 1
6781	149183	149183 = 2·11·6781 + 1
12433	149197	149197 = 2·2·3·12433 + 1
8291	149239	149239 = 2·3·3·8291 + 1
9337	149393	149393 = 2·2·2·2·9337 + 1
37379	149519	149519 = 2·2·37379 + 3
5347	149717	149717 = 2·2·7·5347 + 1
12479	149749	149749 = 2·2·3·12479 + 1
6257	150169	150169 = 2·2·2·3·6257 + 1
6827	150197	150197 = 2·11·6827 + 3
7529	150583	150583 = 2·2·5·7529 + 3
9413	150611	150611 = 2·2·2·2·9413 + 3
6277	150649	150649 = 2·2·2·3·6277 + 1
9419	150707	150707 = 2·2·2·2·9419 + 3
10771	150797	150797 = 2·7·10771 + 3
9439	151027	151027 = 2·2·2·2·9439 + 3
12601	151213	151213 = 2·2·3·12601 + 1
9461	151379	151379 = 2·2·2·2·9461 + 3
15139	151391	151391 = 2·5·15139 + 1
6883	151429	151429 = 2·11·6883 + 3
15187	151871	151871 = 2·5·15187 + 1
37991	151967	151967 = 2·2·37991 + 3
7603	152063	152063 = 2·2·5·7603 + 3
19031	152249	152249 = 2·2·2·19031 + 1
19037	152297	152297 = 2·2·2·19037 + 1
5869	152597	152597 = 2·13·5869 + 3
6949	152879	152879 = 2·11·6949 + 1
5471	153191	153191 = 2·2·7·5471 + 3
10949	153287	153287 = 2·7·10949 + 1
8527	153487	153487 = 2·3·3·8527 + 1
38377	153509	153509 = 2·2·38377 + 1
7681	153623	153623 = 2·2·5·7681 + 3
7687	153743	153743 = 2·2·5·7687 + 3
9631	154097	154097 = 2·2·2·2·9631 + 1
38569	154277	154277 = 2·2·38569 + 1
15461	154613	154613 = 2·5·15461 + 3
11057	154799	154799 = 2·7·11057 + 1
4093	155537	155537 = 2·19·4093 + 3
8641	155539	155539 = 2·3·3·8641 + 1
15569	155693	155693 = 2·5·15569 + 3
19463	155707	155707 = 2·2·2·19463 + 3
25981	155887	155887 = 2·3·25981 + 1
15601	156011	156011 = 2·5·15601 + 1
3547	156071	156071 = 2·2·11·3547 + 3
26053	156319	156319 = 2·3·26053 + 1
19541	156329	156329 = 2·2·2·19541 + 1
19543	156347	156347 = 2·2·2·19543 + 3
26161	156967	156967 = 2·3·26161 + 1
13099	157189	157189 = 2·2·3·13099 + 1
15727	157271	157271 = 2·5·15727 + 1
9839	157427	157427 = 2·2·2·2·9839 + 3
4373	157429	157429 = 2·2·3·3·4373 + 1
19697	157579	157579 = 2·2·2·19697 + 3
39419	157679	157679 = 2·2·39419 + 3
9883	158129	158129 = 2·2·2·2·9883 + 1
7907	158143	158143 = 2·2·5·7907 + 3
9923	158771	158771 = 2·2·2·2·9923 + 3
9929	158867	158867 = 2·2·2·2·9929 + 3
1657	159073	159073 = 2·2·2·2·2·3·1657 + 1
26513	159079	159079 = 2·3·26513 + 1
39779	159119	159119 = 2·2·39779 + 3
39847	159389	159389 = 2·2·39847 + 1
8861	159499	159499 = 2·3·3·8861 + 1
5711	159911	159911 = 2·2·7·5711 + 3
19997	159977	159977 = 2·2·2·19997 + 1
26693	160159	160159 = 2·3·26693 + 1
5737	160637	160637 = 2·2·7·5737 + 1
5023	160739	160739 = 2·2·2·2·2·5023 + 3
7307	160757	160757 = 2·11·7307 + 3
16103	161033	161033 = 2·5·16103 + 3
10079	161267	161267 = 2·2·2·2·10079 + 3
5387	161611	161611 = 2·3·5·5387 + 1
11551	161717	161717 = 2·7·11551 + 3
7369	162119	162119 = 2·11·7369 + 1
5413	162391	162391 = 2·3·5·5413 + 1
27073	162439	162439 = 2·3·27073 + 1
16273	162731	162731 = 2·5·16273 + 1
20357	162859	162859 = 2·2·2·20357 + 3
20393	163147	163147 = 2·2·2·20393 + 3
16319	163193	163193 = 2·5·16319 + 3
8161	163223	163223 = 2·2·5·8161 + 3
16361	163613	163613 = 2·5·16361 + 3
11699	163789	163789 = 2·7·11699 + 3
5119	163811	163811 = 2·2·2·2·2·5119 + 3
13679	164149	164149 = 2·2·3·13679 + 1
13681	164173	164173 = 2·2·3·13681 + 1
41077	164309	164309 = 2·2·41077 + 1
5479	164371	164371 = 2·3·5·5479 + 1
16447	164471	164471 = 2·5·16447 + 1
3919	164599	164599 = 2·3·7·3919 + 1
8231	164623	164623 = 2·2·5·8231 + 3
9187	165367	165367 = 2·3·3·9187 + 1
8269	165383	165383 = 2·2·5·8269 + 3
20681	165449	165449 = 2·2·2·20681 + 1
41381	165527	165527 = 2·2·41381 + 3
13799	165589	165589 = 2·2·3·13799 + 1
16603	166031	166031 = 2·5·16603 + 1
41539	166157	166157 = 2·2·41539 + 1
20807	166457	166457 = 2·2·2·20807 + 1
41621	166487	166487 = 2·2·41621 + 3
41669	166679	166679 = 2·2·41669 + 3
41729	166919	166919 = 2·2·41729 + 3
6421	166949	166949 = 2·13·6421 + 3
9277	166987	166987 = 2·3·3·9277 + 1
16703	167033	167033 = 2·5·16703 + 3
4919	167249	167249 = 2·17·4919 + 3
8369	167381	167381 = 2·2·5·8369 + 1
27901	167407	167407 = 2·3·27901 + 1
5981	167471	167471 = 2·2·7·5981 + 3
4409	167543	167543 = 2·19·4409 + 1
10477	167633	167633 = 2·2·2·2·10477 + 1
41969	167879	167879 = 2·2·41969 + 3
16829	168293	168293 = 2·5·16829 + 3
42131	168527	168527 = 2·2·42131 + 3
42157	168629	168629 = 2·2·42157 + 1
16871	168713	168713 = 2·5·16871 + 3
7669	168719	168719 = 2·11·7669 + 1
42221	168887	168887 = 2·2·42221 + 3
16889	168893	168893 = 2·5·16889 + 3
7039	168937	168937 = 2·2·2·3·7039 + 1
3019	169067	169067 = 2·2·2·7·3019 + 3
21157	169259	169259 = 2·2·2·21157 + 3
21163	169307	169307 = 2·2·2·21163 + 3
3391	169553	169553 = 2·5·5·3391 + 3
7069	169657	169657 = 2·2·2·3·7069 + 1
7723	169909	169909 = 2·11·7723 + 3
4721	169957	169957 = 2·2·3·3·4721 + 1
8501	170021	170021 = 2·2·5·8501 + 1
10631	170099	170099 = 2·2·2·2·10631 + 3
21283	170267	170267 = 2·2·2·21283 + 3
42611	170447	170447 = 2·2·42611 + 3
7103	170473	170473 = 2·2·2·3·7103 + 1
10663	170609	170609 = 2·2·2·2·10663 + 1
42667	170669	170669 = 2·2·42667 + 1
8537	170741	170741 = 2·2·5·8537 + 1
4271	170843	170843 = 2·2·2·5·4271 + 3
12227	171179	171179 = 2·7·12227 + 1
5351	171233	171233 = 2·2·2·2·2·5351 + 1
28573	171439	171439 = 2·3·28573 + 1
21433	171467	171467 = 2·2·2·21433 + 3
14303	171637	171637 = 2·2·3·14303 + 1
42967	171869	171869 = 2·2·42967 + 1
4297	171881	171881 = 2·2·2·5·4297 + 1
14341	172093	172093 = 2·2·3·14341 + 1
21521	172169	172169 = 2·2·2·21521 + 1
21563	172507	172507 = 2·2·2·21563 + 3
8629	172583	172583 = 2·2·5·8629 + 3
43177	172709	172709 = 2·2·43177 + 1
28793	172759	172759 = 2·3·28793 + 1
43207	172829	172829 = 2·2·43207 + 1
14411	172933	172933 = 2·2·3·14411 + 1
21647	173177	173177 = 2·2·2·21647 + 1
7877	173297	173297 = 2·11·7877 + 3
8677	173543	173543 = 2·2·5·8677 + 3
28933	173599	173599 = 2·3·28933 + 1
8693	173861	173861 = 2·2·5·8693 + 1
12421	173897	173897 = 2·7·12421 + 3
17431	174311	174311 = 2·5·17431 + 1
17443	174431	174431 = 2·5·17443 + 1
43649	174599	174599 = 2·2·43649 + 3
43691	174767	174767 = 2·2·43691 + 3
8747	174943	174943 = 2·2·5·8747 + 3
29173	175039	175039 = 2·3·29173 + 1
17569	175691	175691 = 2·5·17569 + 1
14653	175837	175837 = 2·2·3·14653 + 1
43987	175949	175949 = 2·2·43987 + 1
17599	175991	175991 = 2·5·17599 + 1
44059	176237	176237 = 2·2·44059 + 1
22037	176299	176299 = 2·2·2·22037 + 3
44089	176357	176357 = 2·2·44089 + 1
12611	176557	176557 = 2·7·12611 + 3
14723	176677	176677 = 2·2·3·14723 + 1
29581	177487	177487 = 2·3·29581 + 1
44449	177797	177797 = 2·2·44449 + 1
5927	177811	177811 = 2·3·5·5927 + 1
9887	177967	177967 = 2·3·3·9887 + 1
22247	177979	177979 = 2·2·2·22247 + 3
14843	178117	178117 = 2·2·3·14843 + 1
4051	178247	178247 = 2·2·11·4051 + 3
12739	178349	178349 = 2·7·12739 + 3
7433	178393	178393 = 2·2·2·3·7433 + 1
29761	178567	178567 = 2·3·29761 + 1
44699	178799	178799 = 2·2·44699 + 3
9941	178939	178939 = 2·3·3·9941 + 1
4973	179029	179029 = 2·2·3·3·4973 + 1
17911	179111	179111 = 2·5·17911 + 1
14939	179269	179269 = 2·2·3·14939 + 1
2803	179393	179393 = 2·2·2·2·2·2·2803 + 1
9967	179407	179407 = 2·3·3·9967 + 1
44879	179519	179519 = 2·2·44879 + 3
17957	179573	179573 = 2·5·17957 + 3
6911	179689	179689 = 2·13·6911 + 3
7489	179737	179737 = 2·2·2·3·7489 + 1
17981	179813	179813 = 2·5·17981 + 3
5623	179939	179939 = 2·2·2·2·2·5623 + 3
8999	179981	179981 = 2·2·5·8999 + 1
11261	180179	180179 = 2·2·2·2·11261 + 3
22543	180347	180347 = 2·2·2·22543 + 3
9059	181183	181183 = 2·2·5·9059 + 3
18121	181211	181211 = 2·5·18121 + 1
30293	181759	181759 = 2·3·30293 + 1
5051	181837	181837 = 2·2·3·3·5051 + 1
6067	182011	182011 = 2·3·5·6067 + 1
11383	182129	182129 = 2·2·2·2·11383 + 1
45569	182279	182279 = 2·2·45569 + 3
11399	182387	182387 = 2·2·2·2·11399 + 3
15199	182389	182389 = 2·2·3·15199 + 1
22811	182489	182489 = 2·2·2·22811 + 1
8297	182537	182537 = 2·11·8297 + 3
45697	182789	182789 = 2·2·45697 + 1
15241	182893	182893 = 2·2·3·15241 + 1
7043	183119	183119 = 2·13·7043 + 1
10181	183259	183259 = 2·3·3·10181 + 1
5741	183713	183713 = 2·2·2·2·2·5741 + 1
45979	183917	183917 = 2·2·45979 + 1
3541	184133	184133 = 2·2·13·3541 + 1
6577	184157	184157 = 2·2·7·6577 + 1
15359	184309	184309 = 2·2·3·15359 + 1
15361	184333	184333 = 2·2·3·15361 + 1
15373	184477	184477 = 2·2·3·15373 + 1
18457	184571	184571 = 2·5·18457 + 1
30781	184687	184687 = 2·3·30781 + 1
46181	184727	184727 = 2·2·46181 + 3
7699	184777	184777 = 2·2·2·3·7699 + 1
10271	184879	184879 = 2·3·3·10271 + 1
3559	185069	185069 = 2·2·13·3559 + 1
8423	185309	185309 = 2·11·8423 + 3
9281	185621	185621 = 2·2·5·9281 + 1
46447	185789	185789 = 2·2·46447 + 1
18583	185831	185831 = 2·5·18583 + 1
11617	185873	185873 = 2·2·2·2·11617 + 1
15493	185917	185917 = 2·2·3·15493 + 1
10331	185959	185959 = 2·3·3·10331 + 1
23297	186377	186377 = 2·2·2·23297 + 1
46619	186479	186479 = 2·2·46619 + 3
31121	186727	186727 = 2·3·31121 + 1
4679	187163	187163 = 2·2·2·5·4679 + 3
18719	187193	187193 = 2·5·18719 + 3
46819	187277	187277 = 2·2·46819 + 1
23417	187339	187339 = 2·2·2·23417 + 3
9371	187423	187423 = 2·2·5·9371 + 3
13397	187559	187559 = 2·7·13397 + 1
6703	187687	187687 = 2·2·7·6703 + 3
23473	187787	187787 = 2·2·2·23473 + 3
7829	187897	187897 = 2·2·2·3·7829 + 1
18797	187973	187973 = 2·5·18797 + 3
23557	188459	188459 = 2·2·2·23557 + 3
15739	188869	188869 = 2·2·3·15739 + 1
23633	189067	189067 = 2·2·2·23633 + 3
47287	189149	189149 = 2·2·47287 + 1
10531	189559	189559 = 2·3·3·10531 + 1
47497	189989	189989 = 2·2·47497 + 1
6793	190207	190207 = 2·2·7·6793 + 3
23801	190409	190409 = 2·2·2·23801 + 1
23813	190507	190507 = 2·2·2·23813 + 3
13619	190667	190667 = 2·7·13619 + 1
11923	190769	190769 = 2·2·2·2·11923 + 1
19087	190871	190871 = 2·5·19087 + 1
23887	191099	191099 = 2·2·2·23887 + 3
47809	191237	191237 = 2·2·47809 + 1
13691	191677	191677 = 2·7·13691 + 3
7993	191833	191833 = 2·2·2·3·7993 + 1
6397	191911	191911 = 2·3·5·6397 + 1
5647	191999	191999 = 2·17·5647 + 1
48079	192317	192317 = 2·2·48079 + 1
9623	192463	192463 = 2·2·5·9623 + 3
9629	192581	192581 = 2·2·5·9629 + 1
13759	192629	192629 = 2·7·13759 + 3
16063	192757	192757 = 2·2·3·16063 + 1
24107	192859	192859 = 2·2·2·24107 + 3
48221	192887	192887 = 2·2·48221 + 3
16091	193093	193093 = 2·2·3·16091 + 1
8779	193139	193139 = 2·11·8779 + 1
24197	193577	193577 = 2·2·2·24197 + 1
2851	193871	193871 = 2·2·17·2851 + 3
24247	193979	193979 = 2·2·2·24247 + 3
32413	194479	194479 = 2·3·32413 + 1
12163	194609	194609 = 2·2·2·2·12163 + 1
32441	194647	194647 = 2·3·32441 + 1
16229	194749	194749 = 2·2·3·16229 + 1
9743	194861	194861 = 2·2·5·9743 + 1
48761	195047	195047 = 2·2·48761 + 3
19507	195071	195071 = 2·5·19507 + 1
6967	195077	195077 = 2·2·7·6967 + 1
9787	195743	195743 = 2·2·5·9787 + 3
6997	195919	195919 = 2·2·7·6997 + 3
10891	196039	196039 = 2·3·3·10891 + 1
7549	196277	196277 = 2·13·7549 + 3
32713	196279	196279 = 2·3·32713 + 1
16369	196429	196429 = 2·2·3·16369 + 1
8929	196439	196439 = 2·11·8929 + 1
12301	196817	196817 = 2·2·2·2·12301 + 1
4931	197243	197243 = 2·2·2·5·4931 + 3
8219	197257	197257 = 2·2·2·3·8219 + 1
19727	197273	197273 = 2·5·19727 + 3
7591	197369	197369 = 2·13·7591 + 3
32941	197647	197647 = 2·3·32941 + 1
16481	197773	197773 = 2·2·3·16481 + 1
49477	197909	197909 = 2·2·49477 + 1
49481	197927	197927 = 2·2·49481 + 3
6599	197971	197971 = 2·3·5·6599 + 1
24767	198139	198139 = 2·2·2·24767 + 3
4957	198281	198281 = 2·2·2·5·4957 + 1
24793	198347	198347 = 2·2·2·24793 + 3
16529	198349	198349 = 2·2·3·16529 + 1
19853	198533	198533 = 2·5·19853 + 3
16553	198637	198637 = 2·2·3·16553 + 1
33161	198967	198967 = 2·3·33161 + 1
49811	199247	199247 = 2·2·49811 + 3
24917	199337	199337 = 2·2·2·24917 + 1
19937	199373	199373 = 2·5·19937 + 3
16619	199429	199429 = 2·2·3·16619 + 1
11087	199567	199567 = 2·3·3·11087 + 1
49919	199679	199679 = 2·2·49919 + 3
16661	199933	199933 = 2·2·3·16661 + 1
7691	199967	199967 = 2·13·7691 + 1
50021	200087	200087 = 2·2·50021 + 3
16691	200293	200293 = 2·2·3·16691 + 1
20089	200891	200891 = 2·5·20089 + 1
9133	200927	200927 = 2·11·9133 + 1
8377	201049	201049 = 2·2·2·3·8377 + 1
14369	201167	201167 = 2·7·14369 + 1
12577	201233	201233 = 2·2·2·2·12577 + 1
10091	201823	201823 = 2·2·5·10091 + 3
20183	201833	201833 = 2·5·20183 + 3
33641	201847	201847 = 2·3·33641 + 1
33721	202327	202327 = 2·3·33721 + 1
3373	202381	202381 = 2·2·3·5·3373 + 1
25301	202409	202409 = 2·2·2·25301 + 1
16879	202549	202549 = 2·2·3·16879 + 1
8447	202729	202729 = 2·2·2·3·8447 + 1
25343	202747	202747 = 2·2·2·25343 + 3
10141	202823	202823 = 2·2·5·10141 + 3
25357	202859	202859 = 2·2·2·25357 + 3
50741	202967	202967 = 2·2·50741 + 3
8467	203209	203209 = 2·2·2·3·8467 + 1
25423	203387	203387 = 2·2·2·25423 + 3
9257	203657	203657 = 2·11·9257 + 3
25537	204299	204299 = 2·2·2·25537 + 3
3929	204311	204311 = 2·2·13·3929 + 3
7297	204319	204319 = 2·2·7·7297 + 3
17033	204397	204397 = 2·2·3·17033 + 1
51109	204437	204437 = 2·2·51109 + 1
10223	204461	204461 = 2·2·5·10223 + 1
20479	204791	204791 = 2·5·20479 + 1
51199	204797	204797 = 2·2·51199 + 1
12809	204947	204947 = 2·2·2·2·12809 + 3
12829	205267	205267 = 2·2·2·2·12829 + 3
4889	205339	205339 = 2·3·7·4889 + 1
11411	205399	205399 = 2·3·3·11411 + 1
20543	205433	205433 = 2·5·20543 + 3
6043	205463	205463 = 2·17·6043 + 1
10289	205783	205783 = 2·2·5·10289 + 3
5417	205847	205847 = 2·19·5417 + 1
11447	206047	206047 = 2·3·3·11447 + 1
20641	206411	206411 = 2·5·20641 + 1
34421	206527	206527 = 2·3·34421 + 1
51659	206639	206639 = 2·2·51659 + 3
34513	207079	207079 = 2·3·34513 + 1
20719	207191	207191 = 2·5·20719 + 1
25903	207227	207227 = 2·2·2·25903 + 3
6917	207511	207511 = 2·3·5·6917 + 1
25943	207547	207547 = 2·2·2·25943 + 3
51907	207629	207629 = 2·2·51907 + 1
17333	207997	207997 = 2·2·3·17333 + 1
3251	208067	208067 = 2·2·2·2·2·2·3251 + 3
14867	208139	208139 = 2·7·14867 + 1
9467	208277	208277 = 2·11·9467 + 3
14879	208309	208309 = 2·7·14879 + 3
13049	208787	208787 = 2·2·2·2·13049 + 3
4019	208991	208991 = 2·2·13·4019 + 3
17419	209029	209029 = 2·2·3·17419 + 1
52289	209159	209159 = 2·2·52289 + 3
26153	209227	209227 = 2·2·2·26153 + 3
10463	209263	209263 = 2·2·5·10463 + 3
7481	209471	209471 = 2·2·7·7481 + 3
52379	209519	209519 = 2·2·52379 + 3
52387	209549	209549 = 2·2·52387 + 1
14969	209567	209567 = 2·7·14969 + 1
20981	209813	209813 = 2·5·20981 + 3
21001	210011	210011 = 2·5·21001 + 1
26267	210139	210139 = 2·2·2·26267 + 3
21017	210173	210173 = 2·5·21017 + 3
8087	210263	210263 = 2·13·8087 + 1
8089	210317	210317 = 2·13·8089 + 3
35053	210319	210319 = 2·3·35053 + 1
26293	210347	210347 = 2·2·2·26293 + 3
15031	210437	210437 = 2·7·15031 + 3
52631	210527	210527 = 2·2·52631 + 3
52639	210557	210557 = 2·2·52639 + 1
21067	210671	210671 = 2·5·21067 + 1
15061	210857	210857 = 2·7·15061 + 3
52807	211229	211229 = 2·2·52807 + 1
52837	211349	211349 = 2·2·52837 + 1
15107	211499	211499 = 2·7·15107 + 1
13219	211507	211507 = 2·2·2·2·13219 + 3
10597	211943	211943 = 2·2·5·10597 + 3
52999	211997	211997 = 2·2·52999 + 1
17669	212029	212029 = 2·2·3·17669 + 1
53051	212207	212207 = 2·2·53051 + 3
3803	212969	212969 = 2·2·2·7·3803 + 1
21313	213131	213131 = 2·5·21313 + 1
26717	213737	213737 = 2·2·2·26717 + 1
21383	213833	213833 = 2·5·21383 + 3
17839	214069	214069 = 2·2·3·17839 + 1
3967	214219	214219 = 2·3·3·3·3967 + 1
1949	214391	214391 = 2·5·11·1949 + 1
15319	214469	214469 = 2·7·15319 + 3
35753	214519	214519 = 2·3·35753 + 1
53639	214559	214559 = 2·2·53639 + 3
4127	214607	214607 = 2·2·13·4127 + 3
13417	214673	214673 = 2·2·2·2·13417 + 1
10739	214783	214783 = 2·2·5·10739 + 3
53849	215399	215399 = 2·2·53849 + 3
6337	215459	215459 = 2·17·6337 + 1
21569	215693	215693 = 2·5·21569 + 3
26987	215899	215899 = 2·2·2·26987 + 3
15439	216149	216149 = 2·7·15439 + 3
7207	216211	216211 = 2·3·5·7207 + 1
21673	216731	216731 = 2·5·21673 + 1
3389	216899	216899 = 2·2·2·2·2·2·3389 + 3
18089	217069	217069 = 2·2·3·18089 + 1
13591	217457	217457 = 2·2·2·2·13591 + 1
18131	217573	217573 = 2·2·3·18131 + 1
15541	217577	217577 = 2·7·15541 + 3
27197	217579	217579 = 2·2·2·27197 + 3
15551	217717	217717 = 2·7·15551 + 3
21817	218171	218171 = 2·5·21817 + 1
21859	218591	218591 = 2·5·21859 + 1
6073	218629	218629 = 2·2·3·3·6073 + 1
54679	218717	218717 = 2·2·54679 + 1
10939	218783	218783 = 2·2·5·10939 + 3
18233	218797	218797 = 2·2·3·18233 + 1
36473	218839	218839 = 2·3·36473 + 1
9973	219407	219407 = 2·11·9973 + 1
18301	219613	219613 = 2·2·3·18301 + 1
54941	219767	219767 = 2·2·54941 + 3
54949	219797	219797 = 2·2·54949 + 1
6869	219809	219809 = 2·2·2·2·2·6869 + 1
54959	219839	219839 = 2·2·54959 + 3
4229	219911	219911 = 2·2·13·4229 + 3
11003	220063	220063 = 2·2·5·11003 + 3
4591	220369	220369 = 2·2·2·2·3·4591 + 1
55117	220469	220469 = 2·2·55117 + 1
22051	220511	220511 = 2·5·22051 + 1
36781	220687	220687 = 2·3·36781 + 1
55219	220877	220877 = 2·2·55219 + 1
55229	220919	220919 = 2·2·55229 + 3
5527	221083	221083 = 2·2·2·5·5527 + 3
18433	221197	221197 = 2·2·3·18433 + 1
27653	221227	221227 = 2·2·2·27653 + 3
15809	221327	221327 = 2·7·15809 + 1
7927	221957	221957 = 2·2·7·7927 + 1
27763	222107	222107 = 2·2·2·27763 + 3
7933	222127	222127 = 2·2·7·7933 + 3
13901	222419	222419 = 2·2·2·2·13901 + 3
55609	222437	222437 = 2·2·55609 + 1
55631	222527	222527 = 2·2·55631 + 3
55661	222647	222647 = 2·2·55661 + 3
22279	222791	222791 = 2·5·22279 + 1
4463	223151	223151 = 2·5·5·4463 + 1
55819	223277	223277 = 2·2·55819 + 1
55829	223319	223319 = 2·2·55829 + 3
27917	223337	223337 = 2·2·2·27917 + 1
11173	223463	223463 = 2·2·5·11173 + 3
27943	223547	223547 = 2·2·2·27943 + 3
8599	223577	223577 = 2·13·8599 + 3
10163	223589	223589 = 2·11·10163 + 3
11213	224261	224261 = 2·2·5·11213 + 1
8011	224309	224309 = 2·2·7·8011 + 1
56081	224327	224327 = 2·2·56081 + 3
7019	224611	224611 = 2·2·2·2·2·7019 + 3
28087	224699	224699 = 2·2·2·28087 + 3
22483	224831	224831 = 2·5·22483 + 1
11251	225023	225023 = 2·2·5·11251 + 3
5923	225077	225077 = 2·19·5923 + 3
22567	225671	225671 = 2·5·22567 + 1
28211	225689	225689 = 2·2·2·28211 + 1
10273	226007	226007 = 2·11·10273 + 1
22613	226133	226133 = 2·5·22613 + 3
5953	226217	226217 = 2·19·5953 + 3
28297	226379	226379 = 2·2·2·28297 + 3
3331	226511	226511 = 2·2·17·3331 + 3
14173	226769	226769 = 2·2·2·2·14173 + 1
22699	226991	226991 = 2·5·22699 + 1
22709	227093	227093 = 2·5·22709 + 3
12637	227467	227467 = 2·3·3·12637 + 1
56891	227567	227567 = 2·2·56891 + 3
22769	227693	227693 = 2·5·22769 + 3
28463	227707	227707 = 2·2·2·28463 + 3
11423	228461	228461 = 2·2·5·11423 + 1
22877	228773	228773 = 2·5·22877 + 3
16349	228887	228887 = 2·7·16349 + 1
11467	229343	229343 = 2·2·5·11467 + 3
12757	229627	229627 = 2·3·3·12757 + 1
11489	229781	229781 = 2·2·5·11489 + 1
57487	229949	229949 = 2·2·57487 + 1
11503	230063	230063 = 2·2·5·11503 + 3
57529	230117	230117 = 2·2·57529 + 1
14389	230227	230227 = 2·2·2·2·14389 + 3
12791	230239	230239 = 2·3·3·12791 + 1
11519	230383	230383 = 2·2·5·11519 + 3
38453	230719	230719 = 2·3·38453 + 1
7213	230819	230819 = 2·2·2·2·2·7213 + 3
23087	230873	230873 = 2·5·23087 + 3
28867	230939	230939 = 2·2·2·28867 + 3
5021	230969	230969 = 2·23·5021 + 3
19259	231109	231109 = 2·2·3·19259 + 1
19273	231277	231277 = 2·2·3·19273 + 1
57829	231317	231317 = 2·2·57829 + 1
57839	231359	231359 = 2·2·57839 + 3
19309	231709	231709 = 2·2·3·19309 + 1
23189	231893	231893 = 2·5·23189 + 3
29027	232217	232217 = 2·2·2·29027 + 1
19379	232549	232549 = 2·2·3·19379 + 1
7753	232591	232591 = 2·3·5·7753 + 1
14551	232819	232819 = 2·2·2·2·14551 + 3
58211	232847	232847 = 2·2·58211 + 3
8317	232877	232877 = 2·2·7·8317 + 1
6857	233141	233141 = 2·17·6857 + 3
38873	233239	233239 = 2·3·38873 + 1
4861	233329	233329 = 2·2·2·2·3·4861 + 1
10613	233489	233489 = 2·11·10613 + 3
29201	233609	233609 = 2·2·2·29201 + 1
58417	233669	233669 = 2·2·58417 + 1
14621	233939	233939 = 2·2·2·2·14621 + 3
9013	234341	234341 = 2·13·9013 + 3
9769	234457	234457 = 2·2·2·3·9769 + 1
16759	234629	234629 = 2·7·16759 + 3
7333	234659	234659 = 2·2·2·2·2·7333 + 3
58687	234749	234749 = 2·2·58687 + 1
39133	234799	234799 = 2·3·39133 + 1
4349	234847	234847 = 2·3·3·3·4349 + 1
11743	234863	234863 = 2·2·5·11743 + 3
39161	234967	234967 = 2·3·39161 + 1
29411	235289	235289 = 2·2·2·29411 + 1
58889	235559	235559 = 2·2·58889 + 3
58979	235919	235919 = 2·2·58979 + 3
8431	236069	236069 = 2·2·7·8431 + 1
59021	236087	236087 = 2·2·59021 + 3
29537	236297	236297 = 2·2·2·29537 + 1
59107	236429	236429 = 2·2·59107 + 1
23689	236891	236891 = 2·5·23689 + 1
8461	236909	236909 = 2·2·7·8461 + 1
6581	236917	236917 = 2·2·3·3·6581 + 1
29633	237067	237067 = 2·2·2·29633 + 3
16981	237737	237737 = 2·7·16981 + 3
9151	237929	237929 = 2·13·9151 + 3
17011	238157	238157 = 2·7·17011 + 3
23831	238313	238313 = 2·5·23831 + 3
7949	238471	238471 = 2·3·5·7949 + 1
7459	238691	238691 = 2·2·2·2·2·7459 + 3
11939	238781	238781 = 2·2·5·11939 + 1
7027	238919	238919 = 2·17·7027 + 1
59809	239237	239237 = 2·2·59809 + 1
17099	239389	239389 = 2·7·17099 + 3
10909	239999	239999 = 2·11·10909 + 1
15013	240209	240209 = 2·2·2·2·15013 + 1
8009	240271	240271 = 2·3·5·8009 + 1
30047	240379	240379 = 2·2·2·30047 + 3
5009	240433	240433 = 2·2·2·2·3·5009 + 1
60149	240599	240599 = 2·2·60149 + 3
17191	240677	240677 = 2·7·17191 + 3
12037	240743	240743 = 2·2·5·12037 + 3
4817	240853	240853 = 2·5·5·4817 + 3
12071	241421	241421 = 2·2·5·12071 + 1
24169	241691	241691 = 2·5·24169 + 1
13441	241939	241939 = 2·3·3·13441 + 1
20219	242629	242629 = 2·2·3·20219 + 1
20249	242989	242989 = 2·2·3·20249 + 1
60779	243119	243119 = 2·2·60779 + 3
61027	244109	244109 = 2·2·61027 + 1
5813	244147	244147 = 2·3·7·5813 + 1
11119	244619	244619 = 2·11·11119 + 1
13597	244747	244747 = 2·3·3·13597 + 1
15299	244787	244787 = 2·2·2·2·15299 + 3
20431	245173	245173 = 2·2·3·20431 + 1
9433	245261	245261 = 2·13·9433 + 3
15331	245299	245299 = 2·2·2·2·15331 + 3
30677	245419	245419 = 2·2·2·30677 + 3
61409	245639	245639 = 2·2·61409 + 3
6143	245723	245723 = 2·2·2·5·6143 + 3
17609	246527	246527 = 2·7·17609 + 1
30817	246539	246539 = 2·2·2·30817 + 3
24671	246713	246713 = 2·5·24671 + 3
15427	246833	246833 = 2·2·2·2·15427 + 1
5879	246919	246919 = 2·3·7·5879 + 1
6173	246923	246923 = 2·2·2·5·6173 + 3
24697	246971	246971 = 2·5·24697 + 1
61751	247007	247007 = 2·2·61751 + 3
41213	247279	247279 = 2·3·41213 + 1
8837	247439	247439 = 2·2·7·8837 + 3
12373	247463	247463 = 2·2·5·12373 + 3
13751	247519	247519 = 2·3·3·13751 + 1
61961	247847	247847 = 2·2·61961 + 3
10333	247993	247993 = 2·2·2·3·10333 + 1
15511	248177	248177 = 2·2·2·2·15511 + 1
31033	248267	248267 = 2·2·2·31033 + 3
11287	248317	248317 = 2·11·11287 + 3
31123	248987	248987 = 2·2·2·31123 + 3
24953	249533	249533 = 2·5·24953 + 3
24967	249671	249671 = 2·5·24967 + 1
62501	250007	250007 = 2·2·62501 + 3
3299	250727	250727 = 2·2·19·3299 + 3
41801	250807	250807 = 2·3·41801 + 1
17939	251149	251149 = 2·7·17939 + 3
31397	251179	251179 = 2·2·2·31397 + 3
62869	251477	251477 = 2·2·62869 + 1
4493	251609	251609 = 2·2·2·7·4493 + 1
41981	251887	251887 = 2·3·41981 + 1
31517	252139	252139 = 2·2·2·31517 + 3
25229	252293	252293 = 2·5·25229 + 3
31663	253307	253307 = 2·2·2·31663 + 3
63367	253469	253469 = 2·2·63367 + 1
14087	253567	253567 = 2·3·3·14087 + 1
63419	253679	253679 = 2·2·63419 + 3
21143	253717	253717 = 2·2·3·21143 + 1
18181	254537	254537 = 2·7·18181 + 3
9803	254879	254879 = 2·13·9803 + 1
31873	254987	254987 = 2·2·2·31873 + 3
10627	255049	255049 = 2·2·2·3·10627 + 1
5101	255053	255053 = 2·5·5·5101 + 3
63799	255197	255197 = 2·2·63799 + 1
25541	255413	255413 = 2·5·25541 + 3
9833	255659	255659 = 2·13·9833 + 1
15991	255859	255859 = 2·2·2·2·15991 + 3
25603	256031	256031 = 2·5·25603 + 1
32027	256219	256219 = 2·2·2·32027 + 3
5827	256391	256391 = 2·2·11·5827 + 3
64189	256757	256757 = 2·2·64189 + 1
16073	257171	257171 = 2·2·2·2·16073 + 3
32203	257627	257627 = 2·2·2·32203 + 3
5857	257711	257711 = 2·2·11·5857 + 3
12889	257783	257783 = 2·2·5·12889 + 3
21499	257989	257989 = 2·2·3·21499 + 1
18451	258317	258317 = 2·7·18451 + 3
32377	259019	259019 = 2·2·2·32377 + 3
5639	259397	259397 = 2·23·5639 + 3
64879	259517	259517 = 2·2·64879 + 1
18539	259547	259547 = 2·7·18539 + 1
8123	259937	259937 = 2·2·2·2·2·8123 + 1
25999	259991	259991 = 2·5·25999 + 1
14447	260047	260047 = 2·3·3·14447 + 1
10837	260089	260089 = 2·2·2·3·10837 + 1
26021	260213	260213 = 2·5·26021 + 3
65099	260399	260399 = 2·2·65099 + 3
21701	260413	260413 = 2·2·3·21701 + 1
6211	260863	260863 = 2·3·7·6211 + 1
32621	260969	260969 = 2·2·2·32621 + 1
26107	261071	261071 = 2·5·26107 + 1
11867	261077	261077 = 2·11·11867 + 3
21803	261637	261637 = 2·2·3·21803 + 1
9349	261773	261773 = 2·2·7·9349 + 1
43633	261799	261799 = 2·3·43633 + 1
65479	261917	261917 = 2·2·65479 + 1
6907	262469	262469 = 2·19·6907 + 3
10937	262489	262489 = 2·2·2·3·10937 + 1
43753	262519	262519 = 2·3·43753 + 1
43801	262807	262807 = 2·3·43801 + 1
65719	262877	262877 = 2·2·65719 + 1
13159	263183	263183 = 2·2·5·13159 + 3
9403	263287	263287 = 2·2·7·9403 + 3
13171	263423	263423 = 2·2·5·13171 + 3
5987	263429	263429 = 2·2·11·5987 + 1
65899	263597	263597 = 2·2·65899 + 1
32983	263867	263867 = 2·2·2·32983 + 3
26393	263933	263933 = 2·5·26393 + 3
18869	264167	264167 = 2·7·18869 + 1
18911	264757	264757 = 2·7·18911 + 3
12043	264949	264949 = 2·11·12043 + 3
44201	265207	265207 = 2·3·44201 + 1
9473	265247	265247 = 2·2·7·9473 + 3
11059	265417	265417 = 2·2·2·3·11059 + 1
26561	265613	265613 = 2·5·26561 + 3
33223	265787	265787 = 2·2·2·33223 + 3
16633	266129	266129 = 2·2·2·2·16633 + 1
13309	266183	266183 = 2·2·5·13309 + 3
26641	266411	266411 = 2·5·26641 + 1
66749	266999	266999 = 2·2·66749 + 3
26713	267131	267131 = 2·5·26713 + 1
66791	267167	267167 = 2·2·66791 + 3
16699	267187	267187 = 2·2·2·2·16699 + 3
8353	267299	267299 = 2·2·2·2·2·8353 + 3
13367	267341	267341 = 2·2·5·13367 + 1
44621	267727	267727 = 2·3·44621 + 1
26801	268013	268013 = 2·5·26801 + 3
26813	268133	268133 = 2·5·26813 + 3
19157	268199	268199 = 2·7·19157 + 1
16763	268211	268211 = 2·2·2·2·16763 + 3
33533	268267	268267 = 2·2·2·33533 + 3
9587	268439	268439 = 2·2·7·9587 + 3
67121	268487	268487 = 2·2·67121 + 3
67129	268517	268517 = 2·2·67129 + 1
26861	268613	268613 = 2·5·26861 + 3
11197	268729	268729 = 2·2·2·3·11197 + 1
26881	268811	268811 = 2·5·26881 + 1
33647	269177	269177 = 2·2·2·33647 + 1
44953	269719	269719 = 2·3·44953 + 1
13487	269741	269741 = 2·2·5·13487 + 1
13499	269981	269981 = 2·2·5·13499 + 1
33757	270059	270059 = 2·2·2·33757 + 3
67559	270239	270239 = 2·2·67559 + 3
27031	270311	270311 = 2·5·27031 + 1
6761	270443	270443 = 2·2·2·5·6761 + 3
13523	270463	270463 = 2·2·5·13523 + 3
16921	270737	270737 = 2·2·2·2·16921 + 1
45161	270967	270967 = 2·3·45161 + 1
12323	271109	271109 = 2·11·12323 + 3
9041	271231	271231 = 2·3·5·9041 + 1
67819	271277	271277 = 2·2·67819 + 1
9049	271471	271471 = 2·3·5·9049 + 1
9697	271517	271517 = 2·2·7·9697 + 1
67957	271829	271829 = 2·2·67957 + 1
11329	271897	271897 = 2·2·2·3·11329 + 1
2719	271903	271903 = 2·2·5·5·2719 + 3
9721	272189	272189 = 2·2·7·9721 + 1
34033	272267	272267 = 2·2·2·34033 + 3
19457	272399	272399 = 2·7·19457 + 1
19469	272567	272567 = 2·7·19469 + 1
13649	272983	272983 = 2·2·5·13649 + 3
68261	273047	273047 = 2·2·68261 + 3
2789	273323	273323 = 2·7·7·2789 + 1
68449	273797	273797 = 2·2·68449 + 1
17123	273971	273971 = 2·2·2·2·17123 + 3
8059	274007	274007 = 2·17·8059 + 1
22853	274237	274237 = 2·2·3·22853 + 1
27427	274271	274271 = 2·5·27427 + 1
7621	274357	274357 = 2·2·3·3·7621 + 1
13721	274423	274423 = 2·2·5·13721 + 3
68669	274679	274679 = 2·2·68669 + 3
9811	274709	274709 = 2·2·7·9811 + 1
27481	274811	274811 = 2·5·27481 + 1
6871	274843	274843 = 2·2·2·5·6871 + 3
6247	274871	274871 = 2·2·11·6247 + 3
34361	274889	274889 = 2·2·2·34361 + 1
15287	275167	275167 = 2·3·3·15287 + 1
8609	275489	275489 = 2·2·2·2·2·8609 + 1
34457	275657	275657 = 2·2·2·34457 + 1
17231	275699	275699 = 2·2·2·2·17231 + 3
17239	275827	275827 = 2·2·2·2·17239 + 3
34487	275897	275897 = 2·2·2·34487 + 1
22993	275917	275917 = 2·2·3·22993 + 1
12547	276037	276037 = 2·11·12547 + 3
19739	276347	276347 = 2·7·19739 + 1
46073	276439	276439 = 2·3·46073 + 1
13829	276581	276581 = 2·2·5·13829 + 1
13831	276623	276623 = 2·2·5·13831 + 3
6287	276629	276629 = 2·2·11·6287 + 1
12583	276827	276827 = 2·11·12583 + 1
6299	277157	277157 = 2·2·11·6299 + 1
8663	277217	277217 = 2·2·2·2·2·8663 + 1
8681	277793	277793 = 2·2·2·2·2·8681 + 1
11593	278233	278233 = 2·2·2·3·11593 + 1
8713	278819	278819 = 2·2·2·2·2·8713 + 3
34897	279179	279179 = 2·2·2·34897 + 3
4657	279421	279421 = 2·2·3·5·4657 + 1
12713	279689	279689 = 2·11·12713 + 3
19979	279707	279707 = 2·7·19979 + 1
69941	279767	279767 = 2·2·69941 + 3
28001	280013	280013 = 2·5·28001 + 3
35027	280219	280219 = 2·2·2·35027 + 3
11677	280249	280249 = 2·2·2·3·11677 + 1
20029	280409	280409 = 2·7·20029 + 3
17539	280627	280627 = 2·2·2·2·17539 + 3
17551	280817	280817 = 2·2·2·2·17551 + 1
70237	280949	280949 = 2·2·70237 + 1
20071	280997	280997 = 2·7·20071 + 3
5407	281167	281167 = 2·2·13·5407 + 3
70297	281189	281189 = 2·2·70297 + 1
10831	281609	281609 = 2·13·10831 + 3
7411	281621	281621 = 2·19·7411 + 3
2347	281641	281641 = 2·2·2·3·5·2347 + 1
14083	281663	281663 = 2·2·5·14083 + 3
20129	281807	281807 = 2·7·20129 + 1
46993	281959	281959 = 2·3·46993 + 1
28201	282011	282011 = 2·5·28201 + 1
20147	282059	282059 = 2·7·20147 + 1
47093	282559	282559 = 2·3·47093 + 1
35327	282617	282617 = 2·2·2·35327 + 1
10099	282773	282773 = 2·2·7·10099 + 1
35353	282827	282827 = 2·2·2·35353 + 3
5657	282851	282851 = 2·5·5·5657 + 1
70769	283079	283079 = 2·2·70769 + 3
9437	283111	283111 = 2·3·5·9437 + 1
10889	283117	283117 = 2·13·10889 + 3
70849	283397	283397 = 2·2·70849 + 1
28351	283511	283511 = 2·5·28351 + 1
14177	283541	283541 = 2·2·5·14177 + 1
70901	283607	283607 = 2·2·70901 + 3
15767	283807	283807 = 2·3·3·15767 + 1
12907	283957	283957 = 2·11·12907 + 3
28409	284093	284093 = 2·5·28409 + 3
20297	284159	284159 = 2·7·20297 + 1
8887	284387	284387 = 2·2·2·2·2·8887 + 3
14221	284423	284423 = 2·2·5·14221 + 3
71119	284477	284477 = 2·2·71119 + 1
35573	284587	284587 = 2·2·2·35573 + 3
17791	284657	284657 = 2·2·2·2·17791 + 1
9491	284731	284731 = 2·3·5·9491 + 1
20341	284777	284777 = 2·7·20341 + 3
71329	285317	285317 = 2·2·71329 + 1
23789	285469	285469 = 2·2·3·23789 + 1
71399	285599	285599 = 2·2·71399 + 3
71437	285749	285749 = 2·2·71437 + 1
28607	286073	286073 = 2·5·28607 + 3
9539	286171	286171 = 2·3·5·9539 + 1
13009	286199	286199 = 2·11·13009 + 1
8419	286249	286249 = 2·17·8419 + 3
14327	286543	286543 = 2·2·5·14327 + 3
71809	287237	287237 = 2·2·71809 + 1
28729	287291	287291 = 2·5·28729 + 1
13063	287387	287387 = 2·11·13063 + 1
71899	287597	287597 = 2·2·71899 + 1
71917	287669	287669 = 2·2·71917 + 1
11987	287689	287689 = 2·2·2·3·11987 + 1
47981	287887	287887 = 2·3·47981 + 1
72019	288077	288077 = 2·2·72019 + 1
18013	288209	288209 = 2·2·2·2·18013 + 1
24029	288349	288349 = 2·2·3·24029 + 1
7589	288383	288383 = 2·19·7589 + 1
72161	288647	288647 = 2·2·72161 + 3
18059	288947	288947 = 2·2·2·2·18059 + 3
18061	288979	288979 = 2·2·2·2·18061 + 3
24083	288997	288997 = 2·2·3·24083 + 1
16061	289099	289099 = 2·3·3·16061 + 1
10337	289439	289439 = 2·2·7·10337 + 3
6301	289847	289847 = 2·23·6301 + 1
10357	289999	289999 = 2·2·7·10357 + 3
11161	290189	290189 = 2·13·11161 + 3
36277	290219	290219 = 2·2·2·36277 + 3
12109	290617	290617 = 2·2·2·3·12109 + 1
7649	290663	290663 = 2·19·7649 + 1
24251	291013	291013 = 2·2·3·24251 + 1
29129	291293	291293 = 2·5·29129 + 3
18211	291377	291377 = 2·2·2·2·18211 + 1
48593	291559	291559 = 2·3·48593 + 1
72911	291647	291647 = 2·2·72911 + 3
2917	291701	291701 = 2·2·5·5·2917 + 1
73039	292157	292157 = 2·2·73039 + 1
20879	292309	292309 = 2·7·20879 + 3
11243	292319	292319 = 2·13·11243 + 1
24379	292549	292549 = 2·2·3·24379 + 1
24391	292693	292693 = 2·2·3·24391 + 1
29297	292973	292973 = 2·5·29297 + 3
20939	293147	293147 = 2·7·20939 + 1
10487	293639	293639 = 2·2·7·10487 + 3
24473	293677	293677 = 2·2·3·24473 + 1
8167	294013	294013 = 2·2·3·3·8167 + 1
4903	294181	294181 = 2·2·3·5·4903 + 1
24533	294397	294397 = 2·2·3·24533 + 1
29443	294431	294431 = 2·5·29443 + 1
16381	294859	294859 = 2·3·3·16381 + 1
73751	295007	295007 = 2·2·73751 + 3
14783	295663	295663 = 2·2·5·14783 + 3
10567	295877	295877 = 2·2·7·10567 + 1
37003	296027	296027 = 2·2·2·37003 + 3
18523	296369	296369 = 2·2·2·2·18523 + 1
37061	296489	296489 = 2·2·2·37061 + 1
4787	296797	296797 = 2·31·4787 + 3
5303	296969	296969 = 2·2·2·7·5303 + 1
12379	297097	297097 = 2·2·2·3·12379 + 1
29753	297533	297533 = 2·5·29753 + 3
24799	297589	297589 = 2·2·3·24799 + 1
29803	298031	298031 = 2·5·29803 + 1
49681	298087	298087 = 2·3·49681 + 1
74587	298349	298349 = 2·2·74587 + 1
7109	298579	298579 = 2·3·7·7109 + 1
74699	298799	298799 = 2·2·74699 + 3
18691	299059	299059 = 2·2·2·2·18691 + 3
74771	299087	299087 = 2·2·74771 + 3
21391	299477	299477 = 2·7·21391 + 3
18731	299699	299699 = 2·2·2·2·18731 + 3
24979	299749	299749 = 2·2·3·24979 + 1
18743	299891	299891 = 2·2·2·2·18743 + 3
10711	299909	299909 = 2·2·7·10711 + 1
37517	300137	300137 = 2·2·2·37517 + 1
50053	300319	300319 = 2·3·50053 + 1
25033	300397	300397 = 2·2·3·25033 + 1
75161	300647	300647 = 2·2·75161 + 3
12527	300649	300649 = 2·2·2·3·12527 + 1
37607	300857	300857 = 2·2·2·37607 + 1
21491	300877	300877 = 2·7·21491 + 3
30089	300893	300893 = 2·5·30089 + 3
75329	301319	301319 = 2·2·75329 + 3
25111	301333	301333 = 2·2·3·25111 + 1
6551	301349	301349 = 2·23·6551 + 3
12569	301657	301657 = 2·2·2·3·12569 + 1
37747	301979	301979 = 2·2·2·37747 + 3
30211	302111	302111 = 2·5·30211 + 1
16787	302167	302167 = 2·3·3·16787 + 1
37813	302507	302507 = 2·2·2·37813 + 3
18913	302609	302609 = 2·2·2·2·18913 + 1
75689	302759	302759 = 2·2·75689 + 3
37871	302969	302969 = 2·2·2·37871 + 1
15149	302983	302983 = 2·2·5·15149 + 3
75821	303287	303287 = 2·2·75821 + 3
75941	303767	303767 = 2·2·75941 + 3
9497	303907	303907 = 2·2·2·2·2·9497 + 3
11689	303917	303917 = 2·13·11689 + 3
76031	304127	304127 = 2·2·76031 + 3
21751	304517	304517 = 2·7·21751 + 3
12689	304537	304537 = 2·2·2·3·12689 + 1
15233	304663	304663 = 2·2·5·15233 + 3
12697	304729	304729 = 2·2·2·3·12697 + 1
25411	304933	304933 = 2·2·3·25411 + 1
13879	305339	305339 = 2·11·13879 + 1
4243	305497	305497 = 2·2·2·3·3·4243 + 1
76537	306149	306149 = 2·2·76537 + 1
13921	306263	306263 = 2·11·13921 + 1
30643	306431	306431 = 2·5·30643 + 1
19181	306899	306899 = 2·2·2·2·19181 + 3
30703	307031	307031 = 2·5·30703 + 1
13967	307277	307277 = 2·11·13967 + 3
30763	307631	307631 = 2·5·30763 + 1
15391	307823	307823 = 2·2·5·15391 + 3
30809	308093	308093 = 2·5·30809 + 3
77029	308117	308117 = 2·2·77029 + 1
25679	308149	308149 = 2·2·3·25679 + 1
25693	308317	308317 = 2·2·3·25693 + 1
22031	308437	308437 = 2·7·22031 + 3
38561	308489	308489 = 2·2·2·38561 + 1
38567	308537	308537 = 2·2·2·38567 + 1
7717	308681	308681 = 2·2·2·5·7717 + 1
22079	309109	309109 = 2·7·22079 + 3
30937	309371	309371 = 2·5·30937 + 1
8597	309493	309493 = 2·2·3·3·8597 + 1
9109	309707	309707 = 2·17·9109 + 1
5167	310021	310021 = 2·2·3·5·5167 + 1
22159	310229	310229 = 2·7·22159 + 3
38861	310889	310889 = 2·2·2·38861 + 1
77797	311189	311189 = 2·2·77797 + 1
11969	311197	311197 = 2·13·11969 + 3
51893	311359	311359 = 2·3·51893 + 1
19489	311827	311827 = 2·2·2·2·19489 + 3
31277	312773	312773 = 2·5·31277 + 3
6803	312941	312941 = 2·23·6803 + 3
17387	312967	312967 = 2·3·3·17387 + 1
52201	313207	313207 = 2·3·52201 + 1
19583	313331	313331 = 2·2·2·2·19583 + 3
26111	313333	313333 = 2·2·3·26111 + 1
15667	313343	313343 = 2·2·5·15667 + 3
6271	313553	313553 = 2·5·5·6271 + 3
10457	313711	313711 = 2·3·5·10457 + 1
31393	313931	313931 = 2·5·31393 + 1
52433	314599	314599 = 2·3·52433 + 1
11239	314693	314693 = 2·2·7·11239 + 1
39383	315067	315067 = 2·2·2·39383 + 3
6311	315551	315551 = 2·5·5·6311 + 1
78919	315677	315677 = 2·2·78919 + 1
31607	316073	316073 = 2·5·31607 + 3
6329	316453	316453 = 2·5·5·6329 + 3
5107	316637	316637 = 2·31·5107 + 3
19801	316817	316817 = 2·2·2·2·19801 + 1
39607	316859	316859 = 2·2·2·39607 + 3
11317	316879	316879 = 2·2·7·11317 + 3
22637	316919	316919 = 2·7·22637 + 1
26423	317077	317077 = 2·2·3·26423 + 1
12203	317279	317279 = 2·13·12203 + 1
79349	317399	317399 = 2·2·79349 + 3
12211	317489	317489 = 2·13·12211 + 3
8821	317557	317557 = 2·2·3·3·8821 + 1
31769	317693	317693 = 2·5·31769 + 3
31771	317711	317711 = 2·5·31771 + 1
15887	317743	317743 = 2·2·5·15887 + 3
11353	317887	317887 = 2·2·7·11353 + 3
17681	318259	318259 = 2·3·3·17681 + 1
7963	318523	318523 = 2·2·2·5·7963 + 3
79669	318677	318677 = 2·2·79669 + 1
5693	318809	318809 = 2·2·2·7·5693 + 1
19927	318833	318833 = 2·2·2·2·19927 + 1
13297	319129	319129 = 2·2·2·3·13297 + 1
15959	319183	319183 = 2·2·5·15959 + 3
11437	320237	320237 = 2·2·7·11437 + 1
10009	320291	320291 = 2·2·2·2·2·10009 + 3
20021	320339	320339 = 2·2·2·2·20021 + 3
14563	320389	320389 = 2·11·14563 + 3
32059	320591	320591 = 2·5·32059 + 1
6971	320669	320669 = 2·23·6971 + 3
32069	320693	320693 = 2·5·32069 + 3
22907	320699	320699 = 2·7·22907 + 1
7643	321007	321007 = 2·3·7·7643 + 1
40127	321017	321017 = 2·2·2·40127 + 1
26759	321109	321109 = 2·2·3·26759 + 1
80309	321239	321239 = 2·2·80309 + 3
17851	321319	321319 = 2·3·3·17851 + 1
16067	321341	321341 = 2·2·5·16067 + 1
26783	321397	321397 = 2·2·3·26783 + 1
40193	321547	321547 = 2·2·2·40193 + 3
20101	321617	321617 = 2·2·2·2·20101 + 1
53633	321799	321799 = 2·3·53633 + 1
80527	322109	322109 = 2·2·80527 + 1
6719	322513	322513 = 2·2·2·2·3·6719 + 1
23039	322549	322549 = 2·7·23039 + 3
80651	322607	322607 = 2·2·80651 + 3
8963	322669	322669 = 2·2·3·3·8963 + 1
80681	322727	322727 = 2·2·80681 + 3
40343	322747	322747 = 2·2·2·40343 + 3
11527	322757	322757 = 2·2·7·11527 + 1
23071	322997	322997 = 2·7·23071 + 3
26951	323413	323413 = 2·2·3·26951 + 1
32359	323591	323591 = 2·5·32359 + 1
9521	323717	323717 = 2·17·9521 + 3
4049	323923	323923 = 2·2·2·2·5·4049 + 3
80989	323957	323957 = 2·2·80989 + 1
16217	324341	324341 = 2·2·5·16217 + 1
27043	324517	324517 = 2·2·3·27043 + 1
32479	324791	324791 = 2·5·32479 + 1
54133	324799	324799 = 2·3·54133 + 1
16267	325343	325343 = 2·2·5·16267 + 3
18097	325747	325747 = 2·3·3·18097 + 1
54413	326479	326479 = 2·3·54413 + 1
16333	326663	326663 = 2·2·5·16333 + 3
27239	326869	326869 = 2·2·3·27239 + 1
40867	326939	326939 = 2·2·2·40867 + 3
23357	326999	326999 = 2·7·23357 + 1
5641	327179	327179 = 2·29·5641 + 1
13633	327193	327193 = 2·2·2·3·13633 + 1
23431	328037	328037 = 2·7·23431 + 3
27361	328333	328333 = 2·2·3·27361 + 1
18251	328519	328519 = 2·3·3·18251 + 1
82207	328829	328829 = 2·2·82207 + 1
20563	329009	329009 = 2·2·2·2·20563 + 1
20593	329489	329489 = 2·2·2·2·20593 + 1
14983	329627	329627 = 2·11·14983 + 1
23549	329687	329687 = 2·7·23549 + 1
82499	329999	329999 = 2·2·82499 + 3
5003	330199	330199 = 2·3·11·5003 + 1
55073	330439	330439 = 2·3·55073 + 1
27539	330469	330469 = 2·2·3·27539 + 1
18367	330607	330607 = 2·3·3·18367 + 1
4723	330611	330611 = 2·5·7·4723 + 1
33073	330731	330731 = 2·5·33073 + 1
11813	330767	330767 = 2·2·7·11813 + 3
82721	330887	330887 = 2·2·82721 + 3
82729	330917	330917 = 2·2·82729 + 1
9739	331127	331127 = 2·17·9739 + 1
5519	331141	331141 = 2·2·3·5·5519 + 1
41413	331307	331307 = 2·2·2·41413 + 3
82837	331349	331349 = 2·2·82837 + 1
15077	331697	331697 = 2·11·15077 + 3
7547	332069	332069 = 2·2·11·7547 + 1
55381	332287	332287 = 2·3·55381 + 1
12781	332309	332309 = 2·13·12781 + 3
33247	332471	332471 = 2·5·33247 + 1
11887	332837	332837 = 2·2·7·11887 + 1
33287	332873	332873 = 2·5·33287 + 3
83299	333197	333197 = 2·2·83299 + 1
41651	333209	333209 = 2·2·2·41651 + 1
41681	333449	333449 = 2·2·2·41681 + 1
27791	333493	333493 = 2·2·3·27791 + 1
33353	333533	333533 = 2·5·33353 + 3
33391	333911	333911 = 2·5·33391 + 1
11927	333959	333959 = 2·2·7·11927 + 3
9283	334189	334189 = 2·2·3·3·9283 + 1
83579	334319	334319 = 2·2·83579 + 3
55793	334759	334759 = 2·3·55793 + 1
83719	334877	334877 = 2·2·83719 + 1
33503	335033	335033 = 2·5·33503 + 3
20983	335729	335729 = 2·2·2·2·20983 + 1
56041	336247	336247 = 2·3·56041 + 1
28031	336373	336373 = 2·2·3·28031 + 1
84131	336527	336527 = 2·2·84131 + 3
42073	336587	336587 = 2·2·2·42073 + 3
6733	336653	336653 = 2·5·5·6733 + 3
7321	336767	336767 = 2·23·7321 + 1
15313	336887	336887 = 2·11·15313 + 1
10529	336929	336929 = 2·2·2·2·2·10529 + 1
24091	337277	337277 = 2·7·24091 + 3
84349	337397	337397 = 2·2·84349 + 1
21089	337427	337427 = 2·2·2·2·21089 + 3
33751	337511	337511 = 2·5·33751 + 1
84401	337607	337607 = 2·2·84401 + 3
28163	337957	337957 = 2·2·3·28163 + 1
56333	337999	337999 = 2·3·56333 + 1
28183	338197	338197 = 2·2·3·28183 + 1
42407	339257	339257 = 2·2·2·42407 + 1
42433	339467	339467 = 2·2·2·42433 + 3
21221	339539	339539 = 2·2·2·2·21221 + 3
16979	339583	339583 = 2·2·5·16979 + 3
14153	339673	339673 = 2·2·2·3·14153 + 1
12143	340007	340007 = 2·2·7·12143 + 3
42533	340267	340267 = 2·2·2·42533 + 3
12157	340397	340397 = 2·2·7·12157 + 1
10657	341027	341027 = 2·2·2·2·2·10657 + 3
28439	341269	341269 = 2·2·3·28439 + 1
56941	341647	341647 = 2·3·56941 + 1
15559	342299	342299 = 2·11·15559 + 1
17117	342341	342341 = 2·2·5·17117 + 1
24469	342569	342569 = 2·7·24469 + 3
28579	342949	342949 = 2·2·3·28579 + 1
24509	343127	343127 = 2·7·24509 + 1
28603	343237	343237 = 2·2·3·28603 + 1
8581	343243	343243 = 2·2·2·5·8581 + 3
57221	343327	343327 = 2·3·57221 + 1
34337	343373	343373 = 2·5·34337 + 3
42953	343627	343627 = 2·2·2·42953 + 3
17183	343661	343661 = 2·2·5·17183 + 1
85931	343727	343727 = 2·2·85931 + 3
24571	343997	343997 = 2·7·24571 + 3
7499	344957	344957 = 2·23·7499 + 3
57493	344959	344959 = 2·3·57493 + 1
28759	345109	345109 = 2·2·3·28759 + 1
34543	345431	345431 = 2·5·34543 + 1
24677	345479	345479 = 2·7·24677 + 1
12343	345607	345607 = 2·2·7·12343 + 3
28813	345757	345757 = 2·2·3·28813 + 1
17291	345823	345823 = 2·2·5·17291 + 3
86467	345869	345869 = 2·2·86467 + 1
34613	346133	346133 = 2·5·34613 + 3
17321	346421	346421 = 2·2·5·17321 + 1
10853	347297	347297 = 2·2·2·2·2·10853 + 1
10859	347489	347489 = 2·2·2·2·2·10859 + 1
43481	347849	347849 = 2·2·2·43481 + 1
6961	348053	348053 = 2·5·5·6961 + 3
10883	348259	348259 = 2·2·2·2·2·10883 + 3
87071	348287	348287 = 2·2·87071 + 3
34843	348431	348431 = 2·5·34843 + 1
43597	348779	348779 = 2·2·2·43597 + 3
14537	348889	348889 = 2·2·2·3·14537 + 1
87299	349199	349199 = 2·2·87299 + 3
17471	349423	349423 = 2·2·5·17471 + 3
29123	349477	349477 = 2·2·3·29123 + 1
29153	349837	349837 = 2·2·3·29153 + 1
12497	349919	349919 = 2·2·7·12497 + 3
58321	349927	349927 = 2·3·58321 + 1
19441	349939	349939 = 2·3·3·19441 + 1
13463	350039	350039 = 2·13·13463 + 1
87539	350159	350159 = 2·2·87539 + 3
15919	350219	350219 = 2·11·15919 + 1
10301	350237	350237 = 2·17·10301 + 3
43793	350347	350347 = 2·2·2·43793 + 3
58453	350719	350719 = 2·3·58453 + 1
87697	350789	350789 = 2·2·87697 + 1
58481	350887	350887 = 2·3·58481 + 1
35141	351413	351413 = 2·5·35141 + 3
43963	351707	351707 = 2·2·2·43963 + 3
10993	351779	351779 = 2·2·2·2·2·10993 + 3
43991	351929	351929 = 2·2·2·43991 + 1
22003	352049	352049 = 2·2·2·2·22003 + 1
17627	352543	352543 = 2·2·5·17627 + 3
29401	352813	352813 = 2·2·3·29401 + 1
29429	353149	353149 = 2·2·3·29429 + 1
22091	353459	353459 = 2·2·2·2·22091 + 3
25261	353657	353657 = 2·7·25261 + 3
22111	353777	353777 = 2·2·2·2·22111 + 1
14753	354073	354073 = 2·2·2·3·14753 + 1
44267	354139	354139 = 2·2·2·44267 + 3
88661	354647	354647 = 2·2·88661 + 3
8069	355037	355037 = 2·2·11·8069 + 1
88919	355679	355679 = 2·2·88919 + 3
17807	356141	356141 = 2·2·5·17807 + 1
59513	357079	357079 = 2·3·59513 + 1
9931	357517	357517 = 2·2·3·3·9931 + 1
59621	357727	357727 = 2·3·59621 + 1
13763	357839	357839 = 2·13·13763 + 1
25577	358079	358079 = 2·7·25577 + 1
17909	358181	358181 = 2·2·5·17909 + 1
7789	358297	358297 = 2·23·7789 + 3
35831	358313	358313 = 2·5·35831 + 3
12799	358373	358373 = 2·2·7·12799 + 1
89659	358637	358637 = 2·2·89659 + 1
44843	358747	358747 = 2·2·2·44843 + 3
5279	358973	358973 = 2·2·17·5279 + 1
89767	359069	359069 = 2·2·89767 + 1
44893	359147	359147 = 2·2·2·44893 + 3
7487	359377	359377 = 2·2·2·2·3·7487 + 1
89959	359837	359837 = 2·2·89959 + 1
13841	359869	359869 = 2·13·13841 + 3
44987	359897	359897 = 2·2·2·44987 + 1
36007	360071	360071 = 2·5·36007 + 1
22531	360497	360497 = 2·2·2·2·22531 + 1
13883	360959	360959 = 2·13·13883 + 1
30091	361093	361093 = 2·2·3·30091 + 1
30103	361237	361237 = 2·2·3·30103 + 1
5323	361967	361967 = 2·2·17·5323 + 3
36209	362093	362093 = 2·5·36209 + 3
20117	362107	362107 = 2·3·3·20117 + 1
12073	362191	362191 = 2·3·5·12073 + 1
22643	362291	362291 = 2·2·2·2·22643 + 3
36263	362633	362633 = 2·5·36263 + 3
8243	362693	362693 = 2·2·11·8243 + 1
16487	362717	362717 = 2·11·16487 + 3
22679	362867	362867 = 2·2·2·2·22679 + 3
18149	362983	362983 = 2·2·5·18149 + 3
25931	363037	363037 = 2·7·25931 + 3
25939	363149	363149 = 2·7·25939 + 3
30319	363829	363829 = 2·2·3·30319 + 1
90971	363887	363887 = 2·2·90971 + 3
25997	363959	363959 = 2·7·25997 + 1
10723	364583	364583 = 2·17·10723 + 1
20261	364699	364699 = 2·3·3·20261 + 1
14051	365327	365327 = 2·13·14051 + 1
60913	365479	365479 = 2·3·60913 + 1
36559	365591	365591 = 2·5·36559 + 1
6529	365627	365627 = 2·2·2·7·6529 + 3
45863	366907	366907 = 2·2·2·45863 + 3
9173	366923	366923 = 2·2·2·5·9173 + 3
12241	367231	367231 = 2·3·5·12241 + 1
15307	367369	367369 = 2·2·2·3·15307 + 1
36767	367673	367673 = 2·5·36767 + 3
13147	368117	368117 = 2·2·7·13147 + 1
13177	368957	368957 = 2·2·7·13177 + 1
46133	369067	369067 = 2·2·2·46133 + 3
36919	369191	369191 = 2·5·36919 + 1
92317	369269	369269 = 2·2·92317 + 1
92479	369917	369917 = 2·2·92479 + 1
4871	370199	370199 = 2·2·19·4871 + 3
12347	370411	370411 = 2·3·5·12347 + 1
11579	370529	370529 = 2·2·2·2·2·11579 + 1
16843	370547	370547 = 2·11·16843 + 1
46327	370619	370619 = 2·2·2·46327 + 3
61781	370687	370687 = 2·3·61781 + 1
37087	370871	370871 = 2·5·37087 + 1
92767	371069	371069 = 2·2·92767 + 1
30949	371389	371389 = 2·2·3·30949 + 1
92861	371447	371447 = 2·2·92861 + 3
30983	371797	371797 = 2·2·3·30983 + 1
92959	371837	371837 = 2·2·92959 + 1
10957	372539	372539 = 2·17·10957 + 1
93199	372797	372797 = 2·2·93199 + 1
93371	373487	373487 = 2·2·93371 + 3
37363	373631	373631 = 2·5·37363 + 1
9343	373721	373721 = 2·2·2·5·9343 + 1
31153	373837	373837 = 2·2·3·31153 + 1
46751	374009	374009 = 2·2·2·46751 + 1
37409	374093	374093 = 2·5·37409 + 3
4457	374389	374389 = 2·2·3·7·4457 + 1
31223	374677	374677 = 2·2·3·31223 + 1
26777	374879	374879 = 2·7·26777 + 1
46867	374939	374939 = 2·2·2·46867 + 3
46877	375017	375017 = 2·2·2·46877 + 1
15629	375097	375097 = 2·2·2·3·15629 + 1
37511	375113	375113 = 2·5·37511 + 3
93787	375149	375149 = 2·2·93787 + 1
14431	375209	375209 = 2·13·14431 + 3
10427	375373	375373 = 2·2·3·3·10427 + 1
93911	375647	375647 = 2·2·93911 + 3
62633	375799	375799 = 2·3·62633 + 1
20897	376147	376147 = 2·3·3·20897 + 1
12541	376231	376231 = 2·3·5·12541 + 1
15679	376297	376297 = 2·2·2·3·15679 + 1
9907	376469	376469 = 2·19·9907 + 3
13451	376631	376631 = 2·2·7·13451 + 3
7243	376639	376639 = 2·2·13·7243 + 3
62801	376807	376807 = 2·3·62801 + 1
47111	376889	376889 = 2·2·2·47111 + 1
11779	376931	376931 = 2·2·2·2·2·11779 + 3
94421	377687	377687 = 2·2·94421 + 3
11807	377827	377827 = 2·2·2·2·2·11807 + 3
11117	377981	377981 = 2·17·11117 + 3
8221	378167	378167 = 2·23·8221 + 1
27017	378239	378239 = 2·7·27017 + 1
11827	378467	378467 = 2·2·2·2·2·11827 + 3
37889	378893	378893 = 2·5·37889 + 3
18947	378941	378941 = 2·2·5·18947 + 1
47387	379097	379097 = 2·2·2·47387 + 1
27091	379277	379277 = 2·7·27091 + 3
94849	379397	379397 = 2·2·94849 + 1
23741	379859	379859 = 2·2·2·2·23741 + 3
37993	379931	379931 = 2·5·37993 + 1
94999	379997	379997 = 2·2·94999 + 1
21121	380179	380179 = 2·3·3·21121 + 1
10007	380267	380267 = 2·19·10007 + 1
17293	380447	380447 = 2·11·17293 + 1
27211	380957	380957 = 2·7·27211 + 3
95261	381047	381047 = 2·2·95261 + 3
38153	381533	381533 = 2·5·38153 + 3
63601	381607	381607 = 2·3·63601 + 1
27299	382189	382189 = 2·7·27299 + 3
38239	382391	382391 = 2·5·38239 + 1
47807	382457	382457 = 2·2·2·47807 + 1
6833	382649	382649 = 2·2·2·7·6833 + 1
38287	382871	382871 = 2·5·38287 + 1
38329	383291	383291 = 2·5·38329 + 1
47951	383609	383609 = 2·2·2·47951 + 1
13711	383909	383909 = 2·2·7·13711 + 1
24001	384017	384017 = 2·2·2·2·24001 + 1
13723	384247	384247 = 2·2·7·13723 + 3
19219	384383	384383 = 2·2·5·19219 + 3
12823	384691	384691 = 2·3·5·12823 + 1
32063	384757	384757 = 2·2·3·32063 + 1
96269	385079	385079 = 2·2·96269 + 3
27509	385127	385127 = 2·7·27509 + 1
14813	385139	385139 = 2·13·14813 + 1
13757	385199	385199 = 2·2·7·13757 + 3
21407	385327	385327 = 2·3·3·21407 + 1
38543	385433	385433 = 2·5·38543 + 3
14831	385607	385607 = 2·13·14831 + 1
13789	386093	386093 = 2·2·7·13789 + 1
14851	386129	386129 = 2·13·14851 + 3
16097	386329	386329 = 2·2·2·3·16097 + 1
6037	386369	386369 = 2·2·2·2·2·2·6037 + 1
48311	386489	386489 = 2·2·2·48311 + 1
96731	386927	386927 = 2·2·96731 + 3
96799	387197	387197 = 2·2·96799 + 1
21517	387307	387307 = 2·3·3·21517 + 1
19381	387623	387623 = 2·2·5·19381 + 3
17623	387707	387707 = 2·11·17623 + 1
64621	387727	387727 = 2·3·64621 + 1
19387	387743	387743 = 2·2·5·19387 + 3
7757	387853	387853 = 2·5·5·7757 + 3
96979	387917	387917 = 2·2·96979 + 1
10781	388117	388117 = 2·2·3·3·10781 + 1
64693	388159	388159 = 2·3·64693 + 1
48523	388187	388187 = 2·2·2·48523 + 3
19427	388541	388541 = 2·2·5·19427 + 1
64921	389527	389527 = 2·3·64921 + 1
38959	389591	389591 = 2·5·38959 + 1
48733	389867	389867 = 2·2·2·48733 + 3
39019	390191	390191 = 2·5·39019 + 1
65033	390199	390199 = 2·3·65033 + 1
17747	390437	390437 = 2·11·17747 + 3
24419	390707	390707 = 2·2·2·2·24419 + 3
24421	390739	390739 = 2·2·2·2·24421 + 3
32569	390829	390829 = 2·2·3·32569 + 1
8147	391057	391057 = 2·2·2·2·3·8147 + 1
7823	391151	391151 = 2·5·5·7823 + 1
97849	391397	391397 = 2·2·97849 + 1
97871	391487	391487 = 2·2·97871 + 3
21757	391627	391627 = 2·3·3·21757 + 1
98017	392069	392069 = 2·2·98017 + 1
28019	392267	392267 = 2·7·28019 + 1
15101	392629	392629 = 2·13·15101 + 3
28069	392969	392969 = 2·7·28069 + 3
9829	393161	393161 = 2·2·2·5·9829 + 1
13109	393271	393271 = 2·3·5·13109 + 1
98321	393287	393287 = 2·2·98321 + 3
98369	393479	393479 = 2·2·98369 + 3
28111	393557	393557 = 2·7·28111 + 3
39359	393593	393593 = 2·5·39359 + 3
32803	393637	393637 = 2·2·3·32803 + 1
98419	393677	393677 = 2·2·98419 + 1
14071	393989	393989 = 2·2·7·14071 + 1
16427	394249	394249 = 2·2·2·3·16427 + 1
16433	394393	394393 = 2·2·2·3·16433 + 1
19751	395023	395023 = 2·2·5·19751 + 3
39509	395093	395093 = 2·5·39509 + 3
49393	395147	395147 = 2·2·2·49393 + 3
13187	395611	395611 = 2·3·5·13187 + 1
28307	396299	396299 = 2·7·28307 + 1
9007	396311	396311 = 2·2·11·9007 + 3
33029	396349	396349 = 2·2·3·33029 + 1
18043	396947	396947 = 2·11·18043 + 1
15269	396997	396997 = 2·13·15269 + 3
18047	397037	397037 = 2·11·18047 + 3
33091	397093	397093 = 2·2·3·33091 + 1
99367	397469	397469 = 2·2·99367 + 1
14197	397517	397517 = 2·2·7·14197 + 1
28411	397757	397757 = 2·7·28411 + 3
66293	397759	397759 = 2·3·66293 + 1
49757	398059	398059 = 2·2·2·49757 + 3
99551	398207	398207 = 2·2·99551 + 3
19913	398261	398261 = 2·2·5·19913 + 1
11071	398557	398557 = 2·2·3·3·11071 + 1
12457	398627	398627 = 2·2·2·2·2·12457 + 3
99689	398759	398759 = 2·2·99689 + 3
24923	398771	398771 = 2·2·2·2·24923 + 3
49871	398969	398969 = 2·2·2·49871 + 1
11083	398989	398989 = 2·2·3·3·11083 + 1
18143	399149	399149 = 2·11·18143 + 3
28517	399239	399239 = 2·7·28517 + 1
16649	399577	399577 = 2·2·2·3·16649 + 1
18169	399719	399719 = 2·11·18169 + 1
11113	400069	400069 = 2·2·3·3·11113 + 1
14293	400207	400207 = 2·2·7·14293 + 3
28591	400277	400277 = 2·7·28591 + 3
28631	400837	400837 = 2·7·28631 + 3
28649	401087	401087 = 2·7·28649 + 1
66853	401119	401119 = 2·3·66853 + 1
50147	401179	401179 = 2·2·2·50147 + 3
15443	401519	401519 = 2·13·15443 + 1
18253	401567	401567 = 2·11·18253 + 1
40177	401771	401771 = 2·5·40177 + 1
66973	401839	401839 = 2·3·66973 + 1
11821	401917	401917 = 2·17·11821 + 3
100559	402239	402239 = 2·2·100559 + 3
15473	402299	402299 = 2·13·15473 + 1
50291	402329	402329 = 2·2·2·50291 + 1
18307	402757	402757 = 2·11·18307 + 3
28771	402797	402797 = 2·7·28771 + 3
50387	403097	403097 = 2·2·2·50387 + 1
50423	403387	403387 = 2·2·2·50423 + 3
10093	403721	403721 = 2·2·2·5·10093 + 1
10103	404123	404123 = 2·2·2·5·10103 + 3
33713	404557	404557 = 2·2·3·33713 + 1
40507	405071	405071 = 2·5·40507 + 1
12659	405089	405089 = 2·2·2·2·2·12659 + 1
33773	405277	405277 = 2·2·3·33773 + 1
10133	405323	405323 = 2·2·2·5·10133 + 3
101359	405437	405437 = 2·2·101359 + 1
101399	405599	405599 = 2·2·101399 + 3
28979	405709	405709 = 2·7·28979 + 3
101429	405719	405719 = 2·2·101429 + 3
101467	405869	405869 = 2·2·101467 + 1
33829	405949	405949 = 2·2·3·33829 + 1
67741	406447	406447 = 2·3·67741 + 1
12703	406499	406499 = 2·2·2·2·2·12703 + 3
67801	406807	406807 = 2·3·67801 + 1
50857	406859	406859 = 2·2·2·50857 + 3
14557	407599	407599 = 2·2·7·14557 + 3
101929	407717	407717 = 2·2·101929 + 1
40801	408011	408011 = 2·5·40801 + 1
51043	408347	408347 = 2·2·2·51043 + 3
40841	408413	408413 = 2·5·40841 + 3
34039	408469	408469 = 2·2·3·34039 + 1
40849	408491	408491 = 2·5·40849 + 1
22721	408979	408979 = 2·3·3·22721 + 1
15731	409007	409007 = 2·13·15731 + 1
5683	409177	409177 = 2·2·2·3·3·5683 + 1
40927	409271	409271 = 2·5·40927 + 1
15749	409477	409477 = 2·13·15749 + 3
102397	409589	409589 = 2·2·102397 + 1
40973	409733	409733 = 2·5·40973 + 3
20507	410141	410141 = 2·2·5·20507 + 1
25657	410513	410513 = 2·2·2·2·25657 + 1
102679	410717	410717 = 2·2·102679 + 1
29339	410747	410747 = 2·7·29339 + 1
14683	411127	411127 = 2·2·7·14683 + 3
51407	411259	411259 = 2·2·2·51407 + 3
29389	411449	411449 = 2·7·29389 + 3
102881	411527	411527 = 2·2·102881 + 3
34301	411613	411613 = 2·2·3·34301 + 1
34303	411637	411637 = 2·2·3·34303 + 1
41183	411833	411833 = 2·5·41183 + 3
41203	412031	412031 = 2·5·41203 + 1
10303	412123	412123 = 2·2·2·5·10303 + 3
25763	412211	412211 = 2·2·2·2·25763 + 3
34351	412213	412213 = 2·2·3·34351 + 1
103099	412397	412397 = 2·2·103099 + 1
6659	412859	412859 = 2·31·6659 + 1
10867	412949	412949 = 2·19·10867 + 3
12919	413411	413411 = 2·2·2·2·2·12919 + 3
15901	413429	413429 = 2·13·15901 + 3
34469	413629	413629 = 2·2·3·34469 + 1
23011	414199	414199 = 2·3·3·23011 + 1
69061	414367	414367 = 2·3·69061 + 1
51817	414539	414539 = 2·2·2·51817 + 3
25933	414929	414929 = 2·2·2·2·25933 + 1
14827	415159	415159 = 2·2·7·14827 + 3
10391	415643	415643 = 2·2·2·5·10391 + 3
69313	415879	415879 = 2·3·69313 + 1
41593	415931	415931 = 2·5·41593 + 1
34673	416077	416077 = 2·2·3·34673 + 1
34679	416149	416149 = 2·2·3·34679 + 1
18919	416219	416219 = 2·11·18919 + 1
23131	416359	416359 = 2·3·3·23131 + 1
14887	416839	416839 = 2·2·7·14887 + 3
41719	417191	417191 = 2·5·41719 + 1
17389	417337	417337 = 2·2·2·3·17389 + 1
13043	417377	417377 = 2·2·2·2·2·13043 + 1
12277	417419	417419 = 2·17·12277 + 1
104369	417479	417479 = 2·2·104369 + 3
20899	417983	417983 = 2·2·5·20899 + 3
19009	418199	418199 = 2·11·19009 + 1
20921	418423	418423 = 2·2·5·20921 + 3
41849	418493	418493 = 2·5·41849 + 3
14951	418631	418631 = 2·2·7·14951 + 3
104659	418637	418637 = 2·2·104659 + 1
104677	418709	418709 = 2·2·104677 + 1
9103	418739	418739 = 2·23·9103 + 1
41887	418871	418871 = 2·5·41887 + 1
16111	418889	418889 = 2·13·16111 + 3
26203	419249	419249 = 2·2·2·2·26203 + 1
20963	419261	419261 = 2·2·5·20963 + 1
21013	420263	420263 = 2·2·5·21013 + 3
21019	420383	420383 = 2·2·5·21019 + 3
52571	420569	420569 = 2·2·2·52571 + 1
35051	420613	420613 = 2·2·3·35051 + 1
30071	420997	420997 = 2·7·30071 + 3
16193	421019	421019 = 2·13·16193 + 1
52667	421339	421339 = 2·2·2·52667 + 3
105401	421607	421607 = 2·2·105401 + 3
42169	421691	421691 = 2·5·42169 + 1
42223	422231	422231 = 2·5·42223 + 1
14081	422431	422431 = 2·3·5·14081 + 1
30181	422537	422537 = 2·7·30181 + 3
15121	423389	423389 = 2·2·7·15121 + 1
52937	423497	423497 = 2·2·2·52937 + 1
23537	423667	423667 = 2·3·3·23537 + 1
105967	423869	423869 = 2·2·105967 + 1
105971	423887	423887 = 2·2·105971 + 3
106019	424079	424079 = 2·2·106019 + 3
7573	424091	424091 = 2·2·2·7·7573 + 3
70753	424519	424519 = 2·3·70753 + 1
9649	424559	424559 = 2·2·11·9649 + 3
35381	424573	424573 = 2·2·3·35381 + 1
6637	424769	424769 = 2·2·2·2·2·2·6637 + 1
26557	424913	424913 = 2·2·2·2·26557 + 1
53117	424939	424939 = 2·2·2·53117 + 3
106297	425189	425189 = 2·2·106297 + 1
17749	425977	425977 = 2·2·2·3·17749 + 1
6089	426233	426233 = 2·5·7·6089 + 3
71081	426487	426487 = 2·3·71081 + 1
42677	426773	426773 = 2·5·42677 + 3
42701	427013	427013 = 2·5·42701 + 3
11863	427069	427069 = 2·2·3·3·11863 + 1
35593	427117	427117 = 2·2·3·35593 + 1
19429	427439	427439 = 2·11·19429 + 1
23747	427447	427447 = 2·3·3·23747 + 1
19433	427529	427529 = 2·11·19433 + 3
12589	428027	428027 = 2·17·12589 + 1
42841	428411	428411 = 2·5·42841 + 1
107279	429119	429119 = 2·2·107279 + 3
26833	429329	429329 = 2·2·2·2·26833 + 1
42943	429431	429431 = 2·5·42943 + 1
53681	429449	429449 = 2·2·2·53681 + 1
12641	429797	429797 = 2·17·12641 + 3
53783	430267	430267 = 2·2·2·53783 + 3
26893	430289	430289 = 2·2·2·2·26893 + 1
35899	430789	430789 = 2·2·3·35899 + 1
107699	430799	430799 = 2·2·107699 + 3
17959	431017	431017 = 2·2·2·3·17959 + 1
8623	431153	431153 = 2·5·5·8623 + 3
13477	431267	431267 = 2·2·2·2·2·13477 + 3
11351	431339	431339 = 2·19·11351 + 1
17977	431449	431449 = 2·2·2·3·17977 + 1
43151	431513	431513 = 2·5·43151 + 3
26993	431891	431891 = 2·2·2·2·26993 + 3
14401	432031	432031 = 2·3·5·14401 + 1
30869	432167	432167 = 2·7·30869 + 1
108079	432317	432317 = 2·2·108079 + 1
21617	432343	432343 = 2·2·5·21617 + 3
108089	432359	432359 = 2·2·108089 + 3
108109	432437	432437 = 2·2·108109 + 1
108131	432527	432527 = 2·2·108131 + 3
108187	432749	432749 = 2·2·108187 + 1
19681	432983	432983 = 2·11·19681 + 1
108247	432989	432989 = 2·2·108247 + 1
36109	433309	433309 = 2·2·3·36109 + 1
108359	433439	433439 = 2·2·108359 + 3
108401	433607	433607 = 2·2·108401 + 3
21683	433661	433661 = 2·2·5·21683 + 1
24097	433747	433747 = 2·3·3·24097 + 1
54251	434009	434009 = 2·2·2·54251 + 1
108529	434117	434117 = 2·2·108529 + 1
43457	434573	434573 = 2·5·43457 + 3
16729	434957	434957 = 2·13·16729 + 3
108821	435287	435287 = 2·2·108821 + 3
27241	435859	435859 = 2·2·2·2·27241 + 3
31139	435947	435947 = 2·7·31139 + 1
54503	436027	436027 = 2·2·2·54503 + 3
31189	436649	436649 = 2·7·31189 + 3
31259	437629	437629 = 2·7·31259 + 3
43777	437771	437771 = 2·5·43777 + 1
18257	438169	438169 = 2·2·2·3·18257 + 1
21911	438223	438223 = 2·2·5·21911 + 3
109717	438869	438869 = 2·2·109717 + 1
18289	438937	438937 = 2·2·2·3·18289 + 1
109751	439007	439007 = 2·2·109751 + 3
109789	439157	439157 = 2·2·109789 + 1
109841	439367	439367 = 2·2·109841 + 3
43961	439613	439613 = 2·5·43961 + 3
21991	439823	439823 = 2·2·5·21991 + 3
44017	440171	440171 = 2·5·44017 + 1
12253	441109	441109 = 2·2·3·3·12253 + 1
55147	441179	441179 = 2·2·2·55147 + 3
24517	441307	441307 = 2·3·3·24517 + 1
36779	441349	441349 = 2·2·3·36779 + 1
36793	441517	441517 = 2·2·3·36793 + 1
9601	441647	441647 = 2·23·9601 + 1
110459	441839	441839 = 2·2·110459 + 3
27631	442097	442097 = 2·2·2·2·27631 + 1
15797	442319	442319 = 2·2·7·15797 + 3
73721	442327	442327 = 2·3·73721 + 1
110609	442439	442439 = 2·2·110609 + 3
15803	442487	442487 = 2·2·7·15803 + 3
18443	442633	442633 = 2·2·2·3·18443 + 1
55337	442699	442699 = 2·2·2·55337 + 3
36899	442789	442789 = 2·2·3·36899 + 1
110749	442997	442997 = 2·2·110749 + 1
36923	443077	443077 = 2·2·3·36923 + 1
8863	443153	443153 = 2·5·5·8863 + 3
55457	443659	443659 = 2·2·2·55457 + 3
44371	443711	443711 = 2·5·44371 + 1
36979	443749	443749 = 2·2·3·36979 + 1
11681	443879	443879 = 2·19·11681 + 1
110977	443909	443909 = 2·2·110977 + 1
55511	444089	444089 = 2·2·2·55511 + 1
74021	444127	444127 = 2·3·74021 + 1
44417	444173	444173 = 2·5·44417 + 3
6353	444713	444713 = 2·5·7·6353 + 3
44497	444971	444971 = 2·5·44497 + 1
22259	445183	445183 = 2·2·5·22259 + 3
22273	445463	445463 = 2·2·5·22273 + 3
55721	445769	445769 = 2·2·2·55721 + 1
44587	445871	445871 = 2·5·44587 + 1
27883	446129	446129 = 2·2·2·2·27883 + 1
11159	446363	446363 = 2·2·2·5·11159 + 3
111637	446549	446549 = 2·2·111637 + 1
55897	447179	447179 = 2·2·2·55897 + 3
20327	447197	447197 = 2·11·20327 + 3
15973	447247	447247 = 2·2·7·15973 + 3
24851	447319	447319 = 2·3·3·24851 + 1
111919	447677	447677 = 2·2·111919 + 1
11783	447757	447757 = 2·19·11783 + 3
44789	447893	447893 = 2·5·44789 + 3
112181	448727	448727 = 2·2·112181 + 3
13217	449381	449381 = 2·17·13217 + 3
112349	449399	449399 = 2·2·112349 + 3
44959	449591	449591 = 2·5·44959 + 1
37483	449797	449797 = 2·2·3·37483 + 1
56267	450137	450137 = 2·2·2·56267 + 1
22511	450223	450223 = 2·2·5·22511 + 3
112559	450239	450239 = 2·2·112559 + 3
112571	450287	450287 = 2·2·112571 + 3
112691	450767	450767 = 2·2·112691 + 3
17359	451337	451337 = 2·13·17359 + 3
56437	451499	451499 = 2·2·2·56437 + 3
7283	451547	451547 = 2·31·7283 + 1
112919	451679	451679 = 2·2·112919 + 3
11299	451961	451961 = 2·2·2·5·11299 + 1
56503	452027	452027 = 2·2·2·56503 + 3
11897	452087	452087 = 2·19·11897 + 1
32297	452159	452159 = 2·7·32297 + 1
14143	452579	452579 = 2·2·2·2·2·14143 + 3
15091	452731	452731 = 2·3·5·15091 + 1
113189	452759	452759 = 2·2·113189 + 3
22651	453023	453023 = 2·2·5·22651 + 3
28319	453107	453107 = 2·2·2·2·28319 + 3
16189	453293	453293 = 2·2·7·16189 + 1
113329	453317	453317 = 2·2·113329 + 1
45337	453371	453371 = 2·5·45337 + 1
18917	454009	454009 = 2·2·2·3·18917 + 1
8111	454219	454219 = 2·2·2·7·8111 + 3
113557	454229	454229 = 2·2·113557 + 1
22727	454541	454541 = 2·2·5·22727 + 1
17509	455237	455237 = 2·13·17509 + 3
20707	455557	455557 = 2·11·20707 + 3
8761	455573	455573 = 2·2·13·8761 + 1
113899	455597	455597 = 2·2·113899 + 1
113947	455789	455789 = 2·2·113947 + 1
45599	455993	455993 = 2·5·45599 + 3
76001	456007	456007 = 2·3·76001 + 1
57131	457049	457049 = 2·2·2·57131 + 1
114319	457277	457277 = 2·2·114319 + 1
45751	457511	457511 = 2·5·45751 + 1
57193	457547	457547 = 2·2·2·57193 + 3
57251	458009	458009 = 2·2·2·57251 + 1
114547	458189	458189 = 2·2·114547 + 1
114577	458309	458309 = 2·2·114577 + 1
114599	458399	458399 = 2·2·114599 + 3
9551	458449	458449 = 2·2·2·2·3·9551 + 1
114641	458567	458567 = 2·2·114641 + 3
32789	459047	459047 = 2·7·32789 + 1
16411	459509	459509 = 2·2·7·16411 + 1
16417	459677	459677 = 2·2·7·16417 + 1
57527	460217	460217 = 2·2·2·57527 + 1
115061	460247	460247 = 2·2·115061 + 3
23027	460543	460543 = 2·2·5·23027 + 3
28789	460627	460627 = 2·2·2·2·28789 + 3
28807	460913	460913 = 2·2·2·2·28807 + 1
10979	461119	461119 = 2·3·7·10979 + 1
76873	461239	461239 = 2·3·76873 + 1
115327	461309	461309 = 2·2·115327 + 1
115331	461327	461327 = 2·2·115331 + 3
14419	461411	461411 = 2·2·2·2·2·14419 + 3
32987	461819	461819 = 2·7·32987 + 1
10499	461957	461957 = 2·2·11·10499 + 1
46219	462191	462191 = 2·5·46219 + 1
115679	462719	462719 = 2·2·115679 + 3
23143	462863	462863 = 2·2·5·23143 + 3
23159	463181	463181 = 2·2·5·23159 + 1
13627	463319	463319 = 2·17·13627 + 1
25741	463339	463339 = 2·3·3·25741 + 1
21061	463343	463343 = 2·11·21061 + 1
25747	463447	463447 = 2·3·3·25747 + 1
46351	463511	463511 = 2·5·46351 + 1
57947	463579	463579 = 2·2·2·57947 + 3
14489	463649	463649 = 2·2·2·2·2·14489 + 1
57973	463787	463787 = 2·2·2·57973 + 3
19333	463993	463993 = 2·2·2·3·19333 + 1
33181	464537	464537 = 2·7·33181 + 3
58073	464587	464587 = 2·2·2·58073 + 3
13669	464749	464749 = 2·17·13669 + 3
11621	464843	464843 = 2·2·2·5·11621 + 3
16607	464999	464999 = 2·2·7·16607 + 3
77513	465079	465079 = 2·3·77513 + 1
14543	465379	465379 = 2·2·2·2·2·14543 + 3
17921	465947	465947 = 2·13·17921 + 1
9323	466153	466153 = 2·5·5·9323 + 3
11657	466283	466283 = 2·2·2·5·11657 + 3
14591	466913	466913 = 2·2·2·2·2·14591 + 1
21247	467437	467437 = 2·11·21247 + 3
46747	467471	467471 = 2·5·46747 + 1
116969	467879	467879 = 2·2·116969 + 3
46807	468071	468071 = 2·5·46807 + 1
46817	468173	468173 = 2·5·46817 + 3
10651	468647	468647 = 2·2·11·10651 + 3
11717	468683	468683 = 2·2·2·5·11717 + 3
46889	468893	468893 = 2·5·46889 + 3
117307	469229	469229 = 2·2·117307 + 1
29333	469331	469331 = 2·2·2·2·29333 + 3
39119	469429	469429 = 2·2·3·39119 + 1
117371	469487	469487 = 2·2·117371 + 3
39163	469957	469957 = 2·2·3·39163 + 1
15671	470131	470131 = 2·3·5·15671 + 1
21377	470297	470297 = 2·11·21377 + 3
33599	470389	470389 = 2·7·33599 + 3
23531	470621	470621 = 2·2·5·23531 + 1
10243	471179	471179 = 2·23·10243 + 1
13859	471209	471209 = 2·17·13859 + 3
9817	471217	471217 = 2·2·2·2·3·9817 + 1
33679	471509	471509 = 2·7·33679 + 3
47189	471893	471893 = 2·5·47189 + 3
117989	471959	471959 = 2·2·117989 + 3
14759	472289	472289 = 2·2·2·2·2·14759 + 1
78781	472687	472687 = 2·3·78781 + 1
6221	472799	472799 = 2·2·19·6221 + 3
21493	472847	472847 = 2·11·21493 + 1
15773	473191	473191 = 2·3·5·15773 + 1
118369	473477	473477 = 2·2·118369 + 1
14797	473507	473507 = 2·2·2·2·2·14797 + 3
39461	473533	473533 = 2·2·3·39461 + 1
118387	473549	473549 = 2·2·118387 + 1
33827	473579	473579 = 2·7·33827 + 1
78941	473647	473647 = 2·3·78941 + 1
11279	473719	473719 = 2·3·7·11279 + 1
23687	473741	473741 = 2·2·5·23687 + 1
19753	474073	474073 = 2·2·2·3·19753 + 1
33871	474197	474197 = 2·7·33871 + 3
118589	474359	474359 = 2·2·118589 + 3
47441	474413	474413 = 2·5·47441 + 3
6977	474437	474437 = 2·2·17·6977 + 1
59333	474667	474667 = 2·2·2·59333 + 3
33911	474757	474757 = 2·7·33911 + 3
79201	475207	475207 = 2·3·79201 + 1
26407	475327	475327 = 2·3·3·26407 + 1
59441	475529	475529 = 2·2·2·59441 + 1
16987	475639	475639 = 2·2·7·16987 + 3
16993	475807	475807 = 2·2·7·16993 + 3
29741	475859	475859 = 2·2·2·2·29741 + 3
19843	476233	476233 = 2·2·2·3·19843 + 1
21649	476279	476279 = 2·11·21649 + 1
119107	476429	476429 = 2·2·119107 + 1
17021	476591	476591 = 2·2·7·17021 + 3
7013	476887	476887 = 2·2·17·7013 + 3
14029	476989	476989 = 2·17·14029 + 3
12553	477017	477017 = 2·19·12553 + 3
26501	477019	477019 = 2·3·3·26501 + 1
17041	477149	477149 = 2·2·7·17041 + 1
17047	477317	477317 = 2·2·7·17047 + 1
23869	477383	477383 = 2·2·5·23869 + 3
6121	477439	477439 = 2·3·13·6121 + 1
119419	477677	477677 = 2·2·119419 + 1
47779	477791	477791 = 2·5·47779 + 1
29863	477809	477809 = 2·2·2·2·29863 + 1
34141	477977	477977 = 2·7·34141 + 3
34157	478199	478199 = 2·7·34157 + 1
23917	478343	478343 = 2·2·5·23917 + 3
18413	478739	478739 = 2·13·18413 + 1
39901	478813	478813 = 2·2·3·39901 + 1
79873	479239	479239 = 2·3·79873 + 1
23977	479543	479543 = 2·2·5·23977 + 3
39979	479749	479749 = 2·2·3·39979 + 1
47977	479771	479771 = 2·5·47977 + 1
17137	479839	479839 = 2·2·7·17137 + 3
23993	479861	479861 = 2·2·5·23993 + 1
26687	480367	480367 = 2·3·3·26687 + 1
24019	480383	480383 = 2·2·5·24019 + 3
21839	480461	480461 = 2·11·21839 + 3
24023	480463	480463 = 2·2·5·24023 + 3
48073	480731	480731 = 2·5·48073 + 1
10453	480839	480839 = 2·23·10453 + 1
21863	480989	480989 = 2·11·21863 + 3
120299	481199	481199 = 2·2·120299 + 3
18521	481549	481549 = 2·13·18521 + 3
60223	481787	481787 = 2·2·2·60223 + 3
40169	482029	482029 = 2·2·3·40169 + 1
120671	482687	482687 = 2·2·120671 + 3
48271	482711	482711 = 2·5·48271 + 1
60353	482827	482827 = 2·2·2·60353 + 3
60397	483179	483179 = 2·2·2·60397 + 3
120941	483767	483767 = 2·2·120941 + 3
16139	484171	484171 = 2·3·5·16139 + 1
17299	484373	484373 = 2·2·7·17299 + 1
48449	484493	484493 = 2·5·48449 + 3
60623	484987	484987 = 2·2·2·60623 + 3
34739	486349	486349 = 2·7·34739 + 3
8387	486449	486449 = 2·29·8387 + 3
48649	486491	486491 = 2·5·48649 + 1
121631	486527	486527 = 2·2·121631 + 3
24329	486583	486583 = 2·2·5·24329 + 3
15217	486947	486947 = 2·2·2·2·2·15217 + 3
27061	487099	487099 = 2·3·3·27061 + 1
24359	487183	487183 = 2·2·5·24359 + 3
27077	487387	487387 = 2·3·3·27077 + 1
34819	487469	487469 = 2·7·34819 + 3
121931	487727	487727 = 2·2·121931 + 3
61001	488009	488009 = 2·2·2·61001 + 1
81353	488119	488119 = 2·3·81353 + 1
22193	488249	488249 = 2·11·22193 + 3
24413	488261	488261 = 2·2·5·24413 + 1
40693	488317	488317 = 2·2·3·40693 + 1
122099	488399	488399 = 2·2·122099 + 3
12853	488417	488417 = 2·19·12853 + 3
20353	488473	488473 = 2·2·2·3·20353 + 1
17449	488573	488573 = 2·2·7·17449 + 1
30539	488627	488627 = 2·2·2·2·30539 + 3
24443	488861	488861 = 2·2·5·24443 + 1
18803	488879	488879 = 2·13·18803 + 1
9781	489053	489053 = 2·5·5·9781 + 3
40759	489109	489109 = 2·2·3·40759 + 1
122299	489197	489197 = 2·2·122299 + 1
20389	489337	489337 = 2·2·2·3·20389 + 1
61211	489689	489689 = 2·2·2·61211 + 1
122471	489887	489887 = 2·2·122471 + 3
48991	489911	489911 = 2·5·48991 + 1
22277	490097	490097 = 2·11·22277 + 3
24527	490541	490541 = 2·2·5·24527 + 1
11149	490559	490559 = 2·2·11·11149 + 3
40903	490837	490837 = 2·2·3·40903 + 1
14437	490859	490859 = 2·17·14437 + 1
122719	490877	490877 = 2·2·122719 + 1
35069	490967	490967 = 2·7·35069 + 1
15349	491171	491171 = 2·2·2·2·2·15349 + 3
122819	491279	491279 = 2·2·122819 + 3
5227	491339	491339 = 2·47·5227 + 1
81953	491719	491719 = 2·3·81953 + 1
30757	492113	492113 = 2·2·2·2·30757 + 1
61547	492377	492377 = 2·2·2·61547 + 1
61631	493049	493049 = 2·2·2·61631 + 1
27397	493147	493147 = 2·3·3·27397 + 1
82193	493159	493159 = 2·3·82193 + 1
18979	493457	493457 = 2·13·18979 + 3
123401	493607	493607 = 2·2·123401 + 3
41141	493693	493693 = 2·2·3·41141 + 1
30871	493937	493937 = 2·2·2·2·30871 + 1
22453	493967	493967 = 2·11·22453 + 1
13007	494269	494269 = 2·19·13007 + 3
30931	494899	494899 = 2·2·2·2·30931 + 3
123731	494927	494927 = 2·2·123731 + 3
123817	495269	495269 = 2·2·123817 + 1
17707	495797	495797 = 2·2·7·17707 + 1
19073	495899	495899 = 2·13·19073 + 1
27581	496459	496459 = 2·3·3·27581 + 1
124121	496487	496487 = 2·2·124121 + 3
7759	496579	496579 = 2·2·2·2·2·2·7759 + 3
82781	496687	496687 = 2·3·82781 + 1
31051	496817	496817 = 2·2·2·2·31051 + 1
27611	496999	496999 = 2·3·3·27611 + 1
16567	497011	497011 = 2·3·5·16567 + 1
49711	497111	497111 = 2·5·49711 + 1
11839	497239	497239 = 2·3·7·11839 + 1
31081	497297	497297 = 2·2·2·2·31081 + 1
20749	497977	497977 = 2·2·2·3·20749 + 1
20753	498073	498073 = 2·2·2·3·20753 + 1
124529	498119	498119 = 2·2·124529 + 3
16631	498931	498931 = 2·3·5·16631 + 1
62383	499067	499067 = 2·2·2·62383 + 3
124781	499127	499127 = 2·2·124781 + 3
49921	499211	499211 = 2·5·49921 + 1
49939	499391	499391 = 2·5·49939 + 1
12487	499481	499481 = 2·2·2·5·12487 + 1
13151	499739	499739 = 2·19·13151 + 1
62497	499979	499979 = 2·2·2·62497 + 3
62507	500057	500057 = 2·2·2·62507 + 1
12511	500443	500443 = 2·2·2·5·12511 + 3
50047	500471	500471 = 2·5·50047 + 1
13903	500509	500509 = 2·2·3·3·13903 + 1
16693	500791	500791 = 2·3·5·16693 + 1
125201	500807	500807 = 2·2·125201 + 3
27827	500887	500887 = 2·3·3·27827 + 1
31327	501233	501233 = 2·2·2·2·31327 + 1
17903	501287	501287 = 2·2·7·17903 + 3
22787	501317	501317 = 2·11·22787 + 3
35837	501719	501719 = 2·7·35837 + 1
7841	501827	501827 = 2·2·2·2·2·2·7841 + 3
14779	502487	502487 = 2·17·14779 + 1
25127	502543	502543 = 2·2·5·25127 + 3
50321	503213	503213 = 2·5·50321 + 3
83933	503599	503599 = 2·3·83933 + 1
25183	503663	503663 = 2·2·5·25183 + 3
125929	503717	503717 = 2·2·125929 + 1
50377	503771	503771 = 2·5·50377 + 1
13267	504149	504149 = 2·19·13267 + 3
36011	504157	504157 = 2·7·36011 + 3
126097	504389	504389 = 2·2·126097 + 1
9011	504617	504617 = 2·2·2·7·9011 + 1
50503	505031	505031 = 2·5·50503 + 1
13291	505061	505061 = 2·19·13291 + 3
16883	506491	506491 = 2·3·5·16883 + 1
63337	506699	506699 = 2·2·2·63337 + 3
19501	507029	507029 = 2·13·19501 + 3
126839	507359	507359 = 2·2·126839 + 3
18127	507557	507557 = 2·2·7·18127 + 1
14929	507589	507589 = 2·17·14929 + 3
25391	507821	507821 = 2·2·5·25391 + 1
50833	508331	508331 = 2·5·50833 + 1
127139	508559	508559 = 2·2·127139 + 3
21227	509449	509449 = 2·2·2·3·21227 + 1
50951	509513	509513 = 2·5·50951 + 3
42463	509557	509557 = 2·2·3·42463 + 1
18199	509573	509573 = 2·2·7·18199 + 1
50969	509693	509693 = 2·5·50969 + 3
63743	509947	509947 = 2·2·2·63743 + 3
42499	509989	509989 = 2·2·3·42499 + 1
63761	510089	510089 = 2·2·2·63761 + 1
127691	510767	510767 = 2·2·127691 + 3
63853	510827	510827 = 2·2·2·63853 + 3
85213	511279	511279 = 2·3·85213 + 1
31963	511409	511409 = 2·2·2·2·31963 + 1
42689	512269	512269 = 2·2·3·42689 + 1
32029	512467	512467 = 2·2·2·2·32029 + 3
8839	512663	512663 = 2·29·8839 + 1
32089	513427	513427 = 2·2·2·2·32089 + 3
85621	513727	513727 = 2·3·85621 + 1
28541	513739	513739 = 2·3·3·28541 + 1
128437	513749	513749 = 2·2·128437 + 1
8867	514289	514289 = 2·29·8867 + 3
25717	514343	514343 = 2·2·5·25717 + 3
42863	514357	514357 = 2·2·3·42863 + 1
85733	514399	514399 = 2·3·85733 + 1
8039	514499	514499 = 2·2·2·2·2·2·8039 + 3
51473	514733	514733 = 2·5·51473 + 3
128819	515279	515279 = 2·2·128819 + 3
128857	515429	515429 = 2·2·128857 + 1
25793	515861	515861 = 2·2·5·25793 + 1
51599	515993	515993 = 2·5·51599 + 3
36901	516617	516617 = 2·7·36901 + 3
86113	516679	516679 = 2·3·86113 + 1
10343	517151	517151 = 2·5·5·10343 + 1
19891	517169	517169 = 2·13·19891 + 3
7607	517277	517277 = 2·2·17·7607 + 1
21559	517417	517417 = 2·2·2·3·21559 + 1
32341	517459	517459 = 2·2·2·2·32341 + 3
18481	517469	517469 = 2·2·7·18481 + 1
10789	517873	517873 = 2·2·2·2·3·10789 + 1
129491	517967	517967 = 2·2·129491 + 3
64781	518249	518249 = 2·2·2·64781 + 1
129581	518327	518327 = 2·2·129581 + 3
129607	518429	518429 = 2·2·129607 + 1
8941	518579	518579 = 2·29·8941 + 1
51913	519131	519131 = 2·5·51913 + 1
8951	519161	519161 = 2·29·8951 + 3
25969	519383	519383 = 2·2·5·25969 + 3
51941	519413	519413 = 2·5·51941 + 3
26003	520063	520063 = 2·2·5·26003 + 3
65053	520427	520427 = 2·2·2·65053 + 3
32533	520529	520529 = 2·2·2·2·32533 + 1
52057	520571	520571 = 2·5·52057 + 1
23663	520589	520589 = 2·11·23663 + 3
43403	520837	520837 = 2·2·3·43403 + 1
130241	520967	520967 = 2·2·130241 + 3
37217	521039	521039 = 2·7·37217 + 1
65147	521177	521177 = 2·2·2·65147 + 1
10861	521329	521329 = 2·2·2·2·3·10861 + 1
52147	521471	521471 = 2·5·52147 + 1
65213	521707	521707 = 2·2·2·65213 + 3
130447	521789	521789 = 2·2·130447 + 1
52183	521831	521831 = 2·5·52183 + 1
37277	521879	521879 = 2·7·37277 + 1
26119	522383	522383 = 2·2·5·26119 + 3
32653	522449	522449 = 2·2·2·2·32653 + 1
37339	522749	522749 = 2·7·37339 + 3
65357	522857	522857 = 2·2·2·65357 + 1
65381	523049	523049 = 2·2·2·65381 + 1
21799	523177	523177 = 2·2·2·3·21799 + 1
29077	523387	523387 = 2·3·3·29077 + 1
26177	523543	523543 = 2·2·5·26177 + 3
65447	523577	523577 = 2·2·2·65447 + 1
20149	523877	523877 = 2·13·20149 + 3
130987	523949	523949 = 2·2·130987 + 1
14561	524197	524197 = 2·2·3·3·14561 + 1
65563	524507	524507 = 2·2·2·65563 + 3
87433	524599	524599 = 2·3·87433 + 1
65617	524939	524939 = 2·2·2·65617 + 3
26249	524981	524981 = 2·2·5·26249 + 1
87541	525247	525247 = 2·3·87541 + 1
65657	525257	525257 = 2·2·2·65657 + 1
32831	525299	525299 = 2·2·2·2·32831 + 3
43783	525397	525397 = 2·2·3·43783 + 1
52543	525431	525431 = 2·5·52543 + 1
29207	525727	525727 = 2·3·3·29207 + 1
65717	525739	525739 = 2·2·2·65717 + 3
131591	526367	526367 = 2·2·131591 + 3
65831	526649	526649 = 2·2·2·65831 + 1
20269	526997	526997 = 2·13·20269 + 3
9767	527419	527419 = 2·3·3·3·9767 + 1
131861	527447	527447 = 2·2·131861 + 3
3217	527591	527591 = 2·2·41·3217 + 3
29311	527599	527599 = 2·3·3·29311 + 1
26387	527741	527741 = 2·2·5·26387 + 1
37699	527789	527789 = 2·7·37699 + 3
16519	528611	528611 = 2·2·2·2·2·16519 + 3
29387	528967	528967 = 2·3·3·29387 + 1
26459	529183	529183 = 2·2·5·26459 + 3
22063	529513	529513 = 2·2·2·3·22063 + 1
37831	529637	529637 = 2·7·37831 + 3
33113	529811	529811 = 2·2·2·2·33113 + 3
14717	529813	529813 = 2·2·3·3·14717 + 1
12619	529999	529999 = 2·3·7·12619 + 1
132637	530549	530549 = 2·2·132637 + 1
132667	530669	530669 = 2·2·132667 + 1
132701	530807	530807 = 2·2·132701 + 3
132709	530837	530837 = 2·2·132709 + 1
44249	530989	530989 = 2·2·3·44249 + 1
24137	531017	531017 = 2·11·24137 + 3
44269	531229	531229 = 2·2·3·44269 + 1
14767	531613	531613 = 2·2·3·3·14767 + 1
26591	531821	531821 = 2·2·5·26591 + 1
17729	531871	531871 = 2·3·5·17729 + 1
66523	532187	532187 = 2·2·2·66523 + 3
133069	532277	532277 = 2·2·133069 + 1
53233	532331	532331 = 2·5·53233 + 1
53239	532391	532391 = 2·5·53239 + 1
13313	532523	532523 = 2·2·2·5·13313 + 3
44389	532669	532669 = 2·2·3·44389 + 1
12107	532709	532709 = 2·2·11·12107 + 1
53281	532811	532811 = 2·5·53281 + 1
33331	533297	533297 = 2·2·2·2·33331 + 1
17789	533671	533671 = 2·3·5·17789 + 1
133499	533999	533999 = 2·2·133499 + 3
44501	534013	534013 = 2·2·3·44501 + 1
133519	534077	534077 = 2·2·133519 + 1
17827	534811	534811 = 2·3·5·17827 + 1
133709	534839	534839 = 2·2·133709 + 3
12743	535207	535207 = 2·3·7·12743 + 1
22303	535273	535273 = 2·2·2·3·22303 + 1
66923	535387	535387 = 2·2·2·66923 + 3
53551	535511	535511 = 2·5·53551 + 1
133979	535919	535919 = 2·2·133979 + 3
53597	535973	535973 = 2·5·53597 + 3
38299	536189	536189 = 2·7·38299 + 3
22343	536233	536233 = 2·2·2·3·22343 + 1
67033	536267	536267 = 2·2·2·67033 + 3
14897	536293	536293 = 2·2·3·3·14897 + 1
26821	536423	536423 = 2·2·5·26821 + 3
13411	536441	536441 = 2·2·2·5·13411 + 1
44711	536533	536533 = 2·2·3·44711 + 1
134171	536687	536687 = 2·2·134171 + 3
44753	537037	537037 = 2·2·3·44753 + 1
89513	537079	537079 = 2·3·89513 + 1
19183	537127	537127 = 2·2·7·19183 + 3
67187	537497	537497 = 2·2·2·67187 + 1
26879	537583	537583 = 2·2·5·26879 + 3
53777	537773	537773 = 2·5·53777 + 3
13457	538283	538283 = 2·2·2·5·13457 + 3
134591	538367	538367 = 2·2·134591 + 3
38461	538457	538457 = 2·7·38461 + 3
134707	538829	538829 = 2·2·134707 + 1
89821	538927	538927 = 2·3·89821 + 1
134789	539159	539159 = 2·2·134789 + 3
44983	539797	539797 = 2·2·3·44983 + 1
67481	539849	539849 = 2·2·2·67481 + 1
135029	540119	540119 = 2·2·135029 + 3
67523	540187	540187 = 2·2·2·67523 + 3
67567	540539	540539 = 2·2·2·67567 + 3
38629	540809	540809 = 2·7·38629 + 3
24593	541049	541049 = 2·11·24593 + 3
54139	541391	541391 = 2·5·54139 + 1
13537	541483	541483 = 2·2·2·5·13537 + 3
45139	541669	541669 = 2·2·3·45139 + 1
135449	541799	541799 = 2·2·135449 + 3
9679	542027	542027 = 2·2·2·7·9679 + 3
13553	542123	542123 = 2·2·2·5·13553 + 3
67777	542219	542219 = 2·2·2·67777 + 3
33923	542771	542771 = 2·2·2·2·33923 + 3
24683	543029	543029 = 2·11·24683 + 3
135787	543149	543149 = 2·2·135787 + 1
6791	543281	543281 = 2·2·2·2·5·6791 + 1
135851	543407	543407 = 2·2·135851 + 3
136027	544109	544109 = 2·2·136027 + 1
14323	544277	544277 = 2·19·14323 + 3
54437	544373	544373 = 2·5·54437 + 3
19447	544517	544517 = 2·2·7·19447 + 1
90793	544759	544759 = 2·3·90793 + 1
45403	544837	544837 = 2·2·3·45403 + 1
27253	545063	545063 = 2·2·5·27253 + 3
14347	545189	545189 = 2·19·14347 + 3
54521	545213	545213 = 2·5·54521 + 3
19483	545527	545527 = 2·2·7·19483 + 3
27277	545543	545543 = 2·2·5·27277 + 3
27281	545621	545621 = 2·2·5·27281 + 1
45481	545773	545773 = 2·2·3·45481 + 1
8803	545789	545789 = 2·31·8803 + 3
136537	546149	546149 = 2·2·136537 + 1
54623	546233	546233 = 2·5·54623 + 3
17077	546467	546467 = 2·2·2·2·2·17077 + 3
27329	546583	546583 = 2·2·5·27329 + 3
21023	546599	546599 = 2·13·21023 + 1
19531	546869	546869 = 2·2·7·19531 + 1
136751	547007	547007 = 2·2·136751 + 3
136849	547397	547397 = 2·2·136849 + 1
39107	547499	547499 = 2·7·39107 + 1
24889	547559	547559 = 2·11·24889 + 1
68447	547577	547577 = 2·2·2·68447 + 1
22817	547609	547609 = 2·2·2·3·22817 + 1
68477	547819	547819 = 2·2·2·68477 + 3
9137	548221	548221 = 2·2·3·5·9137 + 1
19597	548719	548719 = 2·2·7·19597 + 3
10559	549071	549071 = 2·2·13·10559 + 3
68713	549707	549707 = 2·2·2·68713 + 3
54983	549833	549833 = 2·5·54983 + 3
21149	549877	549877 = 2·13·21149 + 3
68771	550169	550169 = 2·2·2·68771 + 1
27527	550541	550541 = 2·2·5·27527 + 1
45893	550717	550717 = 2·2·3·45893 + 1
68917	551339	551339 = 2·2·2·68917 + 3
11491	551569	551569 = 2·2·2·2·3·11491 + 1
34483	551729	551729 = 2·2·2·2·34483 + 1
91961	551767	551767 = 2·3·91961 + 1
55201	552011	552011 = 2·5·55201 + 1
18401	552031	552031 = 2·3·5·18401 + 1
69011	552089	552089 = 2·2·2·69011 + 1
39451	552317	552317 = 2·7·39451 + 3
46049	552589	552589 = 2·2·3·46049 + 1
138319	553277	553277 = 2·2·138319 + 1
23057	553369	553369 = 2·2·2·3·23057 + 1
23059	553417	553417 = 2·2·2·3·23059 + 1
23063	553513	553513 = 2·2·2·3·23063 + 1
69191	553529	553529 = 2·2·2·69191 + 1
34603	553649	553649 = 2·2·2·2·34603 + 1
55373	553733	553733 = 2·5·55373 + 3
69221	553769	553769 = 2·2·2·69221 + 1
46153	553837	553837 = 2·2·3·46153 + 1
69233	553867	553867 = 2·2·2·69233 + 3
55399	553991	553991 = 2·5·55399 + 1
10267	554419	554419 = 2·3·3·3·10267 + 1
27733	554663	554663 = 2·2·5·27733 + 3
19813	554767	554767 = 2·2·7·19813 + 3
69371	554969	554969 = 2·2·2·69371 + 1
18503	555091	555091 = 2·3·5·18503 + 1
69401	555209	555209 = 2·2·2·69401 + 1
46273	555277	555277 = 2·2·3·46273 + 1
138821	555287	555287 = 2·2·138821 + 3
25243	555349	555349 = 2·11·25243 + 3
69467	555739	555739 = 2·2·2·69467 + 3
17377	556067	556067 = 2·2·2·2·2·17377 + 3
27809	556181	556181 = 2·2·5·27809 + 1
34763	556211	556211 = 2·2·2·2·34763 + 3
13249	556459	556459 = 2·3·7·13249 + 1
39749	556487	556487 = 2·7·39749 + 1
6473	556679	556679 = 2·43·6473 + 1
139177	556709	556709 = 2·2·139177 + 1
46399	556789	556789 = 2·2·3·46399 + 1
25309	556799	556799 = 2·11·25309 + 1
69623	556987	556987 = 2·2·2·69623 + 3
139409	557639	557639 = 2·2·139409 + 3
139439	557759	557759 = 2·2·139439 + 3
93001	558007	558007 = 2·3·93001 + 1
139537	558149	558149 = 2·2·139537 + 1
139571	558287	558287 = 2·2·139571 + 3
46601	559213	559213 = 2·2·3·46601 + 1
39971	559597	559597 = 2·7·39971 + 3
17489	559649	559649 = 2·2·2·2·2·17489 + 1
55967	559673	559673 = 2·5·55967 + 3
93281	559687	559687 = 2·3·93281 + 1
23327	559849	559849 = 2·2·2·3·23327 + 1
25453	559967	559967 = 2·11·25453 + 1
40031	560437	560437 = 2·7·40031 + 3
140111	560447	560447 = 2·2·140111 + 3
70061	560489	560489 = 2·2·2·70061 + 1
9043	560669	560669 = 2·31·9043 + 3
93481	560887	560887 = 2·3·93481 + 1
46769	561229	561229 = 2·2·3·46769 + 1
93601	561607	561607 = 2·3·93601 + 1
35107	561713	561713 = 2·2·2·2·35107 + 1
20063	561767	561767 = 2·2·7·20063 + 3
140449	561797	561797 = 2·2·140449 + 1
28097	561943	561943 = 2·2·5·28097 + 3
46831	561973	561973 = 2·2·3·46831 + 1
18757	562711	562711 = 2·3·5·18757 + 1
13399	562759	562759 = 2·3·7·13399 + 1
28151	563021	563021 = 2·2·5·28151 + 1
140779	563117	563117 = 2·2·140779 + 1
35201	563219	563219 = 2·2·2·2·35201 + 3
140831	563327	563327 = 2·2·140831 + 3
93893	563359	563359 = 2·3·93893 + 1
28181	563623	563623 = 2·2·5·28181 + 3
4547	563831	563831 = 2·2·31·4547 + 3
70487	563897	563897 = 2·2·2·70487 + 1
23497	563929	563929 = 2·2·2·3·23497 + 1
56393	563933	563933 = 2·5·56393 + 3
25639	564059	564059 = 2·11·25639 + 1
70583	564667	564667 = 2·2·2·70583 + 3
18839	565171	565171 = 2·3·5·18839 + 1
94201	565207	565207 = 2·3·94201 + 1
35339	565427	565427 = 2·2·2·2·35339 + 3
47119	565429	565429 = 2·2·3·47119 + 1
47129	565549	565549 = 2·2·3·47129 + 1
35401	566417	566417 = 2·2·2·2·35401 + 1
47251	567013	567013 = 2·2·3·47251 + 1
35449	567187	567187 = 2·2·2·2·35449 + 3
35461	567377	567377 = 2·2·2·2·35461 + 1
40529	567407	567407 = 2·7·40529 + 1
70937	567499	567499 = 2·2·2·70937 + 3
56809	568091	568091 = 2·5·56809 + 1
71023	568187	568187 = 2·2·2·71023 + 3
47353	568237	568237 = 2·2·3·47353 + 1
12917	568349	568349 = 2·2·11·12917 + 1
35527	568433	568433 = 2·2·2·2·35527 + 1
25849	568679	568679 = 2·11·25849 + 1
20323	569047	569047 = 2·2·7·20323 + 3
17783	569057	569057 = 2·2·2·2·2·17783 + 1
142297	569189	569189 = 2·2·142297 + 1
20347	569717	569717 = 2·2·7·20347 + 1
47491	569893	569893 = 2·2·3·47491 + 1
142589	570359	570359 = 2·2·142589 + 3
71333	570667	570667 = 2·2·2·71333 + 3
142759	571037	571037 = 2·2·142759 + 1
142799	571199	571199 = 2·2·142799 + 3
57143	571433	571433 = 2·5·57143 + 3
71483	571867	571867 = 2·2·2·71483 + 3
142969	571877	571877 = 2·2·142969 + 1
8171	571973	571973 = 2·5·7·8171 + 3
26029	572639	572639 = 2·11·26029 + 1
57271	572711	572711 = 2·5·57271 + 1
71647	573179	573179 = 2·2·2·71647 + 3
8191	573371	573371 = 2·5·7·8191 + 1
47791	573493	573493 = 2·2·3·47791 + 1
20483	573527	573527 = 2·2·7·20483 + 3
26083	573829	573829 = 2·11·26083 + 3
95713	574279	574279 = 2·3·95713 + 1
143609	574439	574439 = 2·2·143609 + 3
71837	574699	574699 = 2·2·2·71837 + 3
41057	574799	574799 = 2·7·41057 + 1
57503	575033	575033 = 2·5·57503 + 3
71947	575579	575579 = 2·2·2·71947 + 3
11069	575591	575591 = 2·2·13·11069 + 3
71983	575867	575867 = 2·2·2·71983 + 3
19207	576211	576211 = 2·3·5·19207 + 1
72077	576617	576617 = 2·2·2·72077 + 1
41189	576647	576647 = 2·7·41189 + 1
57667	576671	576671 = 2·5·57667 + 1
16963	576743	576743 = 2·17·16963 + 1
19237	577111	577111 = 2·3·5·19237 + 1
36073	577169	577169 = 2·2·2·2·36073 + 1
32077	577387	577387 = 2·3·3·32077 + 1
144349	577397	577397 = 2·2·144349 + 1
6563	577547	577547 = 2·2·2·11·6563 + 3
144409	577637	577637 = 2·2·144409 + 1
144439	577757	577757 = 2·2·144439 + 1
72227	577817	577817 = 2·2·2·72227 + 1
22229	577957	577957 = 2·13·22229 + 3
10321	577979	577979 = 2·2·2·7·10321 + 3
144671	578687	578687 = 2·2·144671 + 3
144779	579119	579119 = 2·2·144779 + 3
41411	579757	579757 = 2·7·41411 + 3
11597	579851	579851 = 2·5·5·11597 + 1
72493	579947	579947 = 2·2·2·72493 + 3
20717	580079	580079 = 2·2·7·20717 + 3
29009	580183	580183 = 2·2·5·29009 + 3
29017	580343	580343 = 2·2·5·29017 + 3
72547	580379	580379 = 2·2·2·72547 + 3
145121	580487	580487 = 2·2·145121 + 3
36299	580787	580787 = 2·2·2·2·36299 + 3
72617	580939	580939 = 2·2·2·72617 + 3
145267	581069	581069 = 2·2·145267 + 1
26417	581177	581177 = 2·11·26417 + 3
29059	581183	581183 = 2·2·5·29059 + 3
22369	581597	581597 = 2·13·22369 + 3
72707	581657	581657 = 2·2·2·72707 + 1
22381	581909	581909 = 2·13·22381 + 3
58217	582173	582173 = 2·5·58217 + 3
36389	582227	582227 = 2·2·2·2·36389 + 3
72823	582587	582587 = 2·2·2·72823 + 3
145679	582719	582719 = 2·2·145679 + 3
145721	582887	582887 = 2·2·145721 + 3
18223	583139	583139 = 2·2·2·2·2·18223 + 3
41659	583229	583229 = 2·7·41659 + 3
97213	583279	583279 = 2·3·97213 + 1
97241	583447	583447 = 2·3·97241 + 1
58367	583673	583673 = 2·5·58367 + 3
20857	583997	583997 = 2·2·7·20857 + 1
29209	584183	584183 = 2·2·5·29209 + 3
13913	584347	584347 = 2·3·7·13913 + 1
20873	584447	584447 = 2·2·7·20873 + 3
18269	584609	584609 = 2·2·2·2·2·18269 + 1
29231	584621	584621 = 2·2·5·29231 + 1
146197	584789	584789 = 2·2·146197 + 1
29269	585383	585383 = 2·2·5·29269 + 3
146359	585437	585437 = 2·2·146359 + 1
36599	585587	585587 = 2·2·2·2·36599 + 3
58567	585671	585671 = 2·5·58567 + 1
41879	586309	586309 = 2·7·41879 + 3
48869	586429	586429 = 2·2·3·48869 + 1
29327	586541	586541 = 2·2·5·29327 + 1
146669	586679	586679 = 2·2·146669 + 3
6113	586849	586849 = 2·2·2·2·2·3·6113 + 1
41959	587429	587429 = 2·7·41959 + 3
48953	587437	587437 = 2·2·3·48953 + 1
36749	587987	587987 = 2·2·2·2·36749 + 3
147089	588359	588359 = 2·2·147089 + 3
17317	588779	588779 = 2·17·17317 + 1
14731	589243	589243 = 2·2·2·5·14731 + 3
98221	589327	589327 = 2·3·98221 + 1
11789	589451	589451 = 2·5·5·11789 + 1
147401	589607	589607 = 2·2·147401 + 3
29527	590543	590543 = 2·2·5·29527 + 3
98473	590839	590839 = 2·3·98473 + 1
36929	590867	590867 = 2·2·2·2·36929 + 3
73907	591259	591259 = 2·2·2·73907 + 3
29587	591743	591743 = 2·2·5·29587 + 3
147937	591749	591749 = 2·2·147937 + 1
49331	591973	591973 = 2·2·3·49331 + 1
8971	592087	592087 = 2·3·11·8971 + 1
16451	592237	592237 = 2·2·3·3·16451 + 1
148091	592367	592367 = 2·2·148091 + 3
49369	592429	592429 = 2·2·3·49369 + 1
18517	592547	592547 = 2·2·2·2·2·18517 + 3
13469	592639	592639 = 2·2·11·13469 + 3
14821	592843	592843 = 2·2·2·5·14821 + 3
59351	593513	593513 = 2·5·59351 + 3
148399	593597	593597 = 2·2·148399 + 1
59393	593933	593933 = 2·5·59393 + 3
37123	593969	593969 = 2·2·2·2·37123 + 1
37139	594227	594227 = 2·2·2·2·37139 + 3
59453	594533	594533 = 2·5·59453 + 3
14159	594679	594679 = 2·3·7·14159 + 1
18593	594977	594977 = 2·2·2·2·2·18593 + 1
11443	595039	595039 = 2·2·13·11443 + 3
29759	595181	595181 = 2·2·5·29759 + 1
148829	595319	595319 = 2·2·148829 + 3
37223	595571	595571 = 2·2·2·2·37223 + 3
148927	595709	595709 = 2·2·148927 + 1
15683	595957	595957 = 2·19·15683 + 3
42569	595967	595967 = 2·7·42569 + 1
27109	596399	596399 = 2·11·27109 + 1
74573	596587	596587 = 2·2·2·74573 + 3
59669	596693	596693 = 2·5·59669 + 3
29837	596741	596741 = 2·2·5·29837 + 1
21319	596933	596933 = 2·2·7·21319 + 1
22961	596987	596987 = 2·13·22961 + 1
18671	597473	597473 = 2·2·2·2·2·18671 + 1
149399	597599	597599 = 2·2·149399 + 3
99661	597967	597967 = 2·3·99661 + 1
24919	598057	598057 = 2·2·2·3·24919 + 1
23003	598079	598079 = 2·13·23003 + 1
149531	598127	598127 = 2·2·149531 + 3
19963	598891	598891 = 2·3·5·19963 + 1
99833	598999	598999 = 2·3·99833 + 1
23041	599069	599069 = 2·13·23041 + 3
59921	599213	599213 = 2·5·59921 + 3
149827	599309	599309 = 2·2·149827 + 1
29989	599783	599783 = 2·2·5·29989 + 3
30011	600221	600221 = 2·2·5·30011 + 1
33347	600247	600247 = 2·3·3·33347 + 1
60089	600893	600893 = 2·5·60089 + 3
50111	601333	601333 = 2·2·3·50111 + 1
37591	601457	601457 = 2·2·2·2·37591 + 1
60209	602093	602093 = 2·5·60209 + 3
9127	602383	602383 = 2·3·11·9127 + 1
37657	602513	602513 = 2·2·2·2·37657 + 1
150659	602639	602639 = 2·2·150659 + 3
23201	603227	603227 = 2·13·23201 + 1
75407	603257	603257 = 2·2·2·75407 + 1
60331	603311	603311 = 2·5·60331 + 1
20113	603391	603391 = 2·3·5·20113 + 1
100613	603679	603679 = 2·3·100613 + 1
60383	603833	603833 = 2·5·60383 + 3
33547	603847	603847 = 2·3·3·33547 + 1
25169	604057	604057 = 2·2·2·3·25169 + 1
75553	604427	604427 = 2·2·2·75553 + 3
23251	604529	604529 = 2·13·23251 + 3
30241	604823	604823 = 2·2·5·30241 + 3
75617	604939	604939 = 2·2·2·75617 + 3
60497	604973	604973 = 2·5·60497 + 3
23279	605257	605257 = 2·13·23279 + 3
100981	605887	605887 = 2·3·100981 + 1
9181	605947	605947 = 2·3·11·9181 + 1
151507	606029	606029 = 2·2·151507 + 1
75797	606379	606379 = 2·2·2·75797 + 3
50549	606589	606589 = 2·2·3·50549 + 1
37951	607219	607219 = 2·2·2·2·37951 + 3
60793	607931	607931 = 2·5·60793 + 1
38011	608177	608177 = 2·2·2·2·38011 + 1
60859	608591	608591 = 2·5·60859 + 1
21739	608693	608693 = 2·2·7·21739 + 1
152197	608789	608789 = 2·2·152197 + 1
43499	608987	608987 = 2·7·43499 + 1
38069	609107	609107 = 2·2·2·2·38069 + 3
60917	609173	609173 = 2·5·60917 + 3
16927	609373	609373 = 2·2·3·3·16927 + 1
152381	609527	609527 = 2·2·152381 + 3
38113	609809	609809 = 2·2·2·2·38113 + 1
9241	609907	609907 = 2·3·11·9241 + 1
15263	610523	610523 = 2·2·2·5·15263 + 3
15271	610843	610843 = 2·2·2·5·15271 + 3
25457	610969	610969 = 2·2·2·3·25457 + 1
152767	611069	611069 = 2·2·152767 + 1
25469	611257	611257 = 2·2·2·3·25469 + 1
152819	611279	611279 = 2·2·152819 + 3
61153	611531	611531 = 2·5·61153 + 1
30577	611543	611543 = 2·2·5·30577 + 3
15289	611561	611561 = 2·2·2·5·15289 + 1
152959	611837	611837 = 2·2·152959 + 1
43711	611957	611957 = 2·7·43711 + 3
38281	612497	612497 = 2·2·2·2·38281 + 1
13931	612967	612967 = 2·2·11·13931 + 3
21893	613007	613007 = 2·2·7·21893 + 3
43789	613049	613049 = 2·7·43789 + 3
19163	613219	613219 = 2·2·2·2·2·19163 + 3
23593	613421	613421 = 2·13·23593 + 3
51131	613573	613573 = 2·2·3·51131 + 1
23599	613577	613577 = 2·13·23599 + 3
51151	613813	613813 = 2·2·3·51151 + 1
153457	613829	613829 = 2·2·153457 + 1
27919	614219	614219 = 2·11·27919 + 1
61463	614633	614633 = 2·5·61463 + 3
153817	615269	615269 = 2·2·153817 + 1
34211	615799	615799 = 2·3·3·34211 + 1
21997	615919	615919 = 2·2·7·21997 + 3
28027	616597	616597 = 2·11·28027 + 3
30839	616783	616783 = 2·2·5·30839 + 3
14699	617359	617359 = 2·3·7·14699 + 1
13421	617369	617369 = 2·23·13421 + 3
102913	617479	617479 = 2·3·102913 + 1
38611	617777	617777 = 2·2·2·2·38611 + 1
22067	617879	617879 = 2·2·7·22067 + 3
15451	618041	618041 = 2·2·2·5·15451 + 1
38639	618227	618227 = 2·2·2·2·38639 + 3
77323	618587	618587 = 2·2·2·77323 + 3
28123	618707	618707 = 2·11·28123 + 1
154769	619079	619079 = 2·2·154769 + 3
38737	619793	619793 = 2·2·2·2·38737 + 1
62011	620111	620111 = 2·5·62011 + 1
62017	620171	620171 = 2·5·62017 + 1
31013	620261	620261 = 2·2·5·31013 + 1
62039	620393	620393 = 2·5·62039 + 3
38783	620531	620531 = 2·2·2·2·38783 + 3
155137	620549	620549 = 2·2·155137 + 1
62081	620813	620813 = 2·5·62081 + 3
38803	620849	620849 = 2·2·2·2·38803 + 1
25889	621337	621337 = 2·2·2·3·25889 + 1
62189	621893	621893 = 2·5·62189 + 3
25913	621913	621913 = 2·2·2·3·25913 + 1
9719	622019	622019 = 2·2·2·2·2·2·9719 + 3
155569	622277	622277 = 2·2·155569 + 1
155599	622397	622397 = 2·2·155599 + 1
103813	622879	622879 = 2·3·103813 + 1
34607	622927	622927 = 2·3·3·34607 + 1
31151	623023	623023 = 2·2·5·31151 + 3
15583	623321	623321 = 2·2·2·5·15583 + 1
156011	624047	624047 = 2·2·156011 + 3
22291	624149	624149 = 2·2·7·22291 + 1
156127	624509	624509 = 2·2·156127 + 1
52069	624829	624829 = 2·2·3·52069 + 1
52103	625237	625237 = 2·2·3·52103 + 1
28433	625529	625529 = 2·11·28433 + 3
34757	625627	625627 = 2·3·3·34757 + 1
39113	625811	625811 = 2·2·2·2·39113 + 3
28447	625837	625837 = 2·11·28447 + 3
15647	625883	625883 = 2·2·2·5·15647 + 3
52181	626173	626173 = 2·2·3·52181 + 1
26099	626377	626377 = 2·2·2·3·26099 + 1
31333	626663	626663 = 2·2·5·31333 + 3
156671	626687	626687 = 2·2·156671 + 3
156799	627197	627197 = 2·2·156799 + 1
22433	628127	628127 = 2·2·7·22433 + 3
44867	628139	628139 = 2·7·44867 + 1
104701	628207	628207 = 2·3·104701 + 1
78553	628427	628427 = 2·2·2·78553 + 3
24181	628709	628709 = 2·13·24181 + 3
39301	628819	628819 = 2·2·2·2·39301 + 3
62897	628973	628973 = 2·5·62897 + 3
26227	629449	629449 = 2·2·2·3·26227 + 1
62971	629711	629711 = 2·5·62971 + 1
39367	629873	629873 = 2·2·2·2·39367 + 1
28663	630587	630587 = 2·11·28663 + 1
28669	630719	630719 = 2·11·28669 + 1
52561	630733	630733 = 2·2·3·52561 + 1
31541	630823	630823 = 2·2·5·31541 + 3
28703	631469	631469 = 2·11·28703 + 3
157889	631559	631559 = 2·2·157889 + 3
15791	631643	631643 = 2·2·2·5·15791 + 3
78977	631817	631817 = 2·2·2·78977 + 1
39499	631987	631987 = 2·2·2·2·39499 + 3
22571	631991	631991 = 2·2·7·22571 + 3
15817	632683	632683 = 2·2·2·5·15817 + 3
35171	633079	633079 = 2·3·3·35171 + 1
19793	633379	633379 = 2·2·2·2·2·19793 + 3
158351	633407	633407 = 2·2·158351 + 3
15083	633487	633487 = 2·3·7·15083 + 1
45259	633629	633629 = 2·7·45259 + 3
39631	634097	634097 = 2·2·2·2·39631 + 1
19819	634211	634211 = 2·2·2·2·2·19819 + 3
31721	634421	634421 = 2·2·5·31721 + 1
31727	634541	634541 = 2·2·5·31727 + 1
79423	635387	635387 = 2·2·2·79423 + 3
52951	635413	635413 = 2·2·3·52951 + 1
21191	635731	635731 = 2·3·5·21191 + 1
79481	635849	635849 = 2·2·2·79481 + 1
31799	635981	635981 = 2·2·5·31799 + 1
63607	636071	636071 = 2·5·63607 + 1
63647	636473	636473 = 2·5·63647 + 3
79601	636809	636809 = 2·2·2·79601 + 1
39821	637139	637139 = 2·2·2·2·39821 + 3
39841	637459	637459 = 2·2·2·2·39841 + 3
79687	637499	637499 = 2·2·2·79687 + 3
159431	637727	637727 = 2·2·159431 + 3
53161	637933	637933 = 2·2·3·53161 + 1
53189	638269	638269 = 2·2·3·53189 + 1
63863	638633	638633 = 2·5·63863 + 3
79907	639259	639259 = 2·2·2·79907 + 3
79943	639547	639547 = 2·2·2·79943 + 3
22861	640109	640109 = 2·2·7·22861 + 1
160031	640127	640127 = 2·2·160031 + 3
21347	640411	640411 = 2·3·5·21347 + 1
9421	640631	640631 = 2·2·17·9421 + 3
26699	640777	640777 = 2·2·2·3·26699 + 1
80141	641129	641129 = 2·2·2·80141 + 1
80153	641227	641227 = 2·2·2·80153 + 3
80173	641387	641387 = 2·2·2·80173 + 3
80177	641419	641419 = 2·2·2·80177 + 3
24691	641969	641969 = 2·13·24691 + 3
64223	642233	642233 = 2·5·64223 + 3
22943	642407	642407 = 2·2·7·22943 + 3
40151	642419	642419 = 2·2·2·2·40151 + 3
64279	642791	642791 = 2·5·64279 + 1
64303	643031	643031 = 2·5·64303 + 1
80387	643099	643099 = 2·2·2·80387 + 3
32159	643183	643183 = 2·2·5·32159 + 3
32183	643661	643661 = 2·2·5·32183 + 1
40231	643697	643697 = 2·2·2·2·40231 + 1
32189	643781	643781 = 2·2·5·32189 + 1
35771	643879	643879 = 2·3·3·35771 + 1
64399	643991	643991 = 2·5·64399 + 1
80513	644107	644107 = 2·2·2·80513 + 3
14639	644117	644117 = 2·2·11·14639 + 1
161039	644159	644159 = 2·2·161039 + 3
46021	644297	644297 = 2·7·46021 + 3
40283	644531	644531 = 2·2·2·2·40283 + 3
29303	644669	644669 = 2·11·29303 + 3
16127	645083	645083 = 2·2·2·5·16127 + 3
7331	645131	645131 = 2·2·2·11·7331 + 3
80657	645257	645257 = 2·2·2·80657 + 1
80677	645419	645419 = 2·2·2·80677 + 3
80687	645497	645497 = 2·2·2·80687 + 1
161459	645839	645839 = 2·2·161459 + 3
64601	646013	646013 = 2·5·64601 + 3
23081	646271	646271 = 2·2·7·23081 + 3
46171	646397	646397 = 2·7·46171 + 3
16183	647321	647321 = 2·2·2·5·16183 + 1
46279	647909	647909 = 2·7·46279 + 3
53993	647917	647917 = 2·2·3·53993 + 1
81013	648107	648107 = 2·2·2·81013 + 3
162059	648239	648239 = 2·2·162059 + 3
21611	648331	648331 = 2·3·5·21611 + 1
162109	648437	648437 = 2·2·162109 + 1
19079	648689	648689 = 2·17·19079 + 3
32443	648863	648863 = 2·2·5·32443 + 3
46349	648887	648887 = 2·7·46349 + 1
12979	648953	648953 = 2·5·5·12979 + 3
54083	648997	648997 = 2·2·3·54083 + 1
162251	649007	649007 = 2·2·162251 + 3
12983	649151	649151 = 2·5·5·12983 + 1
81223	649787	649787 = 2·2·2·81223 + 3
46451	650317	650317 = 2·7·46451 + 3
23227	650359	650359 = 2·2·7·23227 + 3
29569	650519	650519 = 2·11·29569 + 1
162731	650927	650927 = 2·2·162731 + 3
46499	650987	650987 = 2·7·46499 + 1
65129	651293	651293 = 2·5·65129 + 3
40709	651347	651347 = 2·2·2·2·40709 + 3
36191	651439	651439 = 2·3·3·36191 + 1
32573	651461	651461 = 2·2·5·32573 + 1
54311	651733	651733 = 2·2·3·54311 + 1
10513	651809	651809 = 2·31·10513 + 3
20369	651811	651811 = 2·2·2·2·2·20369 + 3
32603	652063	652063 = 2·2·5·32603 + 3
36241	652339	652339 = 2·3·3·36241 + 1
81563	652507	652507 = 2·2·2·81563 + 3
163249	652997	652997 = 2·2·163249 + 1
40829	653267	653267 = 2·2·2·2·40829 + 3
16339	653561	653561 = 2·2·2·5·16339 + 1
81707	653659	653659 = 2·2·2·81707 + 3
32687	653743	653743 = 2·2·5·32687 + 3
163469	653879	653879 = 2·2·163469 + 3
25189	654917	654917 = 2·13·25189 + 3
65521	655211	655211 = 2·5·65521 + 1
20477	655267	655267 = 2·2·2·2·2·20477 + 3
40961	655379	655379 = 2·2·2·2·40961 + 3
14251	655547	655547 = 2·23·14251 + 1
109321	655927	655927 = 2·3·109321 + 1
32797	655943	655943 = 2·2·5·32797 + 3
54673	656077	656077 = 2·2·3·54673 + 1
65647	656471	656471 = 2·5·65647 + 1
109433	656599	656599 = 2·3·109433 + 1
65707	657071	657071 = 2·5·65707 + 1
65713	657131	657131 = 2·5·65713 + 1
29881	657383	657383 = 2·11·29881 + 1
12653	657959	657959 = 2·2·13·12653 + 3
14957	658111	658111 = 2·2·11·14957 + 3
36571	658279	658279 = 2·3·3·36571 + 1
109721	658327	658327 = 2·3·109721 + 1
25321	658349	658349 = 2·13·25321 + 3
164621	658487	658487 = 2·2·164621 + 3
21961	658831	658831 = 2·3·5·21961 + 1
164767	659069	659069 = 2·2·164767 + 1
10987	659221	659221 = 2·2·3·5·10987 + 1
164809	659237	659237 = 2·2·164809 + 1
164831	659327	659327 = 2·2·164831 + 3
32971	659423	659423 = 2·2·5·32971 + 3
164999	659999	659999 = 2·2·164999 + 3
165049	660197	660197 = 2·2·165049 + 1
22027	660811	660811 = 2·3·5·22027 + 1
20663	661217	661217 = 2·2·2·2·2·20663 + 1
110221	661327	661327 = 2·3·110221 + 1
66137	661373	661373 = 2·5·66137 + 3
23629	661613	661613 = 2·2·7·23629 + 1
47351	662917	662917 = 2·7·47351 + 3
33179	663583	663583 = 2·2·5·33179 + 3
33191	663821	663821 = 2·2·5·33191 + 1
20747	663907	663907 = 2·2·2·2·2·20747 + 3
55333	663997	663997 = 2·2·3·55333 + 1
166027	664109	664109 = 2·2·166027 + 1
23719	664133	664133 = 2·2·7·23719 + 1
66457	664571	664571 = 2·5·66457 + 1
25561	664589	664589 = 2·13·25561 + 3
83077	664619	664619 = 2·2·2·83077 + 3
110813	664879	664879 = 2·3·110813 + 1
166237	664949	664949 = 2·2·166237 + 1
14461	665207	665207 = 2·23·14461 + 1
55441	665293	665293 = 2·2·3·55441 + 1
41609	665747	665747 = 2·2·2·2·41609 + 3
36997	665947	665947 = 2·3·3·36997 + 1
55501	666013	666013 = 2·2·3·55501 + 1
16651	666041	666041 = 2·2·2·5·16651 + 1
83273	666187	666187 = 2·2·2·83273 + 3
47609	666527	666527 = 2·7·47609 + 1
83357	666857	666857 = 2·2·2·83357 + 1
166739	666959	666959 = 2·2·166739 + 3
33349	666983	666983 = 2·2·5·33349 + 3
166781	667127	667127 = 2·2·166781 + 3
33359	667181	667181 = 2·2·5·33359 + 1
66721	667211	667211 = 2·5·66721 + 1
47659	667229	667229 = 2·7·47659 + 3
18541	667477	667477 = 2·2·3·3·18541 + 1
47701	667817	667817 = 2·7·47701 + 3
11131	667861	667861 = 2·2·3·5·11131 + 1
166987	667949	667949 = 2·2·166987 + 1
66809	668093	668093 = 2·5·66809 + 3
41809	668947	668947 = 2·2·2·2·41809 + 3
19687	669359	669359 = 2·17·19687 + 1
27893	669433	669433 = 2·2·2·3·27893 + 1
33493	669863	669863 = 2·2·5·33493 + 3
15227	669989	669989 = 2·2·11·15227 + 1
83777	670217	670217 = 2·2·2·83777 + 1
11971	670379	670379 = 2·2·2·7·11971 + 3
67049	670493	670493 = 2·5·67049 + 3
83813	670507	670507 = 2·2·2·83813 + 3
167729	670919	670919 = 2·2·167729 + 3
167759	671039	671039 = 2·2·167759 + 3
33563	671261	671261 = 2·2·5·33563 + 1
42013	672209	672209 = 2·2·2·2·42013 + 1
22409	672271	672271 = 2·3·5·22409 + 1
67247	672473	672473 = 2·5·67247 + 3
67339	673391	673391 = 2·5·67339 + 1
48109	673529	673529 = 2·7·48109 + 3
112261	673567	673567 = 2·3·112261 + 1
84247	673979	673979 = 2·2·2·84247 + 3
24071	673991	673991 = 2·2·7·24071 + 3
67511	675113	675113 = 2·5·67511 + 3
33767	675341	675341 = 2·2·5·33767 + 1
42209	675347	675347 = 2·2·2·2·42209 + 3
112601	675607	675607 = 2·3·112601 + 1
169009	676037	676037 = 2·2·169009 + 1
37571	676279	676279 = 2·3·3·37571 + 1
84551	676409	676409 = 2·2·2·84551 + 1
56383	676597	676597 = 2·2·3·56383 + 1
67723	677231	677231 = 2·5·67723 + 1
13033	677717	677717 = 2·2·13·13033 + 1
33889	677783	677783 = 2·2·5·33889 + 3
67853	678533	678533 = 2·5·67853 + 3
169661	678647	678647 = 2·2·169661 + 3
28277	678649	678649 = 2·2·2·3·28277 + 1
30853	678767	678767 = 2·11·30853 + 1
56569	678829	678829 = 2·2·3·56569 + 1
84857	678859	678859 = 2·2·2·84857 + 3
56611	679333	679333 = 2·2·3·56611 + 1
28309	679417	679417 = 2·2·2·3·28309 + 1
42487	679793	679793 = 2·2·2·2·42487 + 1
17891	679859	679859 = 2·19·17891 + 1
7393	680159	680159 = 2·2·23·7393 + 3
85037	680299	680299 = 2·2·2·85037 + 3
10973	680327	680327 = 2·31·10973 + 1
20011	680377	680377 = 2·17·20011 + 3
11731	680399	680399 = 2·29·11731 + 1
170141	680567	680567 = 2·2·170141 + 3
34031	680623	680623 = 2·2·5·34031 + 3
26183	680759	680759 = 2·13·26183 + 1
68087	680873	680873 = 2·5·68087 + 3
16223	681367	681367 = 2·3·7·16223 + 1
170389	681557	681557 = 2·2·170389 + 1
170509	682037	682037 = 2·2·170509 + 1
21317	682147	682147 = 2·2·2·2·2·21317 + 3
170609	682439	682439 = 2·2·170609 + 3
13127	682607	682607 = 2·2·13·13127 + 3
170669	682679	682679 = 2·2·170669 + 3
37967	683407	683407 = 2·3·3·37967 + 1
68351	683513	683513 = 2·5·68351 + 3
85487	683899	683899 = 2·2·2·85487 + 3
19001	684037	684037 = 2·2·3·3·19001 + 1
171029	684119	684119 = 2·2·171029 + 3
19013	684469	684469 = 2·2·3·3·19013 + 1
85571	684569	684569 = 2·2·2·85571 + 1
171299	685199	685199 = 2·2·171299 + 3
171329	685319	685319 = 2·2·171329 + 3
26371	685649	685649 = 2·13·26371 + 3
57139	685669	685669 = 2·2·3·57139 + 1
85717	685739	685739 = 2·2·2·85717 + 3
24499	685973	685973 = 2·2·7·24499 + 1
57179	686149	686149 = 2·2·3·57179 + 1
68633	686333	686333 = 2·5·68633 + 3
49031	686437	686437 = 2·7·49031 + 3
49037	686519	686519 = 2·7·49037 + 1
171697	686789	686789 = 2·2·171697 + 1
42937	686993	686993 = 2·2·2·2·42937 + 1
22901	687031	687031 = 2·3·5·22901 + 1
28643	687433	687433 = 2·2·2·3·28643 + 1
114593	687559	687559 = 2·3·114593 + 1
49139	687949	687949 = 2·7·49139 + 3
22937	688111	688111 = 2·3·5·22937 + 1
19121	688357	688357 = 2·2·3·3·19121 + 1
57373	688477	688477 = 2·2·3·57373 + 1
68863	688631	688631 = 2·5·68863 + 1
28697	688729	688729 = 2·2·2·3·28697 + 1
34439	688783	688783 = 2·2·5·34439 + 3
49211	688957	688957 = 2·7·49211 + 3
86171	689369	689369 = 2·2·2·86171 + 1
172399	689597	689597 = 2·2·172399 + 1
69029	690293	690293 = 2·5·69029 + 3
23029	690871	690871 = 2·3·5·23029 + 1
172759	691037	691037 = 2·2·172759 + 1
69119	691193	691193 = 2·5·69119 + 3
172969	691877	691877 = 2·2·172969 + 1
69193	691931	691931 = 2·5·69193 + 1
69197	691973	691973 = 2·5·69197 + 3
172999	691997	691997 = 2·2·172999 + 1
49429	692009	692009 = 2·7·49429 + 3
28837	692089	692089 = 2·2·2·3·28837 + 1
57689	692269	692269 = 2·2·3·57689 + 1
34631	692621	692621 = 2·2·5·34631 + 1
38501	693019	693019 = 2·3·3·38501 + 1
28879	693097	693097 = 2·2·2·3·28879 + 1
57781	693373	693373 = 2·2·3·57781 + 1
49531	693437	693437 = 2·7·49531 + 3
49549	693689	693689 = 2·7·49549 + 3
43391	694259	694259 = 2·2·2·2·43391 + 3
12401	694457	694457 = 2·2·2·7·12401 + 1
31583	694829	694829 = 2·11·31583 + 3
115901	695407	695407 = 2·3·115901 + 1
24847	695719	695719 = 2·2·7·24847 + 3
38671	696079	696079 = 2·3·3·38671 + 1
87013	696107	696107 = 2·2·2·87013 + 3
23209	696271	696271 = 2·3·5·23209 + 1
116113	696679	696679 = 2·3·116113 + 1
21773	696737	696737 = 2·2·2·2·2·21773 + 1
174221	696887	696887 = 2·2·174221 + 3
174281	697127	697127 = 2·2·174281 + 3
12451	697259	697259 = 2·2·2·7·12451 + 3
174469	697877	697877 = 2·2·174469 + 1
19391	698077	698077 = 2·2·3·3·19391 + 1
21821	698273	698273 = 2·2·2·2·2·21821 + 1
116381	698287	698287 = 2·3·116381 + 1
43651	698417	698417 = 2·2·2·2·43651 + 1
69847	698471	698471 = 2·5·69847 + 1
87317	698539	698539 = 2·2·2·87317 + 3
15877	698591	698591 = 2·2·11·15877 + 3
58231	698773	698773 = 2·2·3·58231 + 1
15889	699119	699119 = 2·2·11·15889 + 3
38851	699319	699319 = 2·3·3·38851 + 1
174859	699437	699437 = 2·2·174859 + 1
17491	699641	699641 = 2·2·2·5·17491 + 1
12503	700171	700171 = 2·2·2·7·12503 + 3
175069	700277	700277 = 2·2·175069 + 1
175079	700319	700319 = 2·2·175079 + 3
20599	700367	700367 = 2·17·20599 + 1
58369	700429	700429 = 2·2·3·58369 + 1
43781	700499	700499 = 2·2·2·2·43781 + 3
50051	700717	700717 = 2·7·50051 + 3
87613	700907	700907 = 2·2·2·87613 + 3
175229	700919	700919 = 2·2·175229 + 3
175349	701399	701399 = 2·2·175349 + 3
58451	701413	701413 = 2·2·3·58451 + 1
87701	701609	701609 = 2·2·2·87701 + 1
35081	701621	701621 = 2·2·5·35081 + 1
35089	701783	701783 = 2·2·5·35089 + 3
70201	702011	702011 = 2·5·70201 + 1
175519	702077	702077 = 2·2·175519 + 1
87767	702139	702139 = 2·2·2·87767 + 3
58543	702517	702517 = 2·2·3·58543 + 1
58549	702589	702589 = 2·2·3·58549 + 1
87853	702827	702827 = 2·2·2·87853 + 3
70289	702893	702893 = 2·5·70289 + 3
175781	703127	703127 = 2·2·175781 + 3
32003	704069	704069 = 2·11·32003 + 3
176021	704087	704087 = 2·2·176021 + 3
25147	704117	704117 = 2·2·7·25147 + 1
50311	704357	704357 = 2·7·50311 + 3
44041	704657	704657 = 2·2·2·2·44041 + 1
176201	704807	704807 = 2·2·176201 + 3
44053	704849	704849 = 2·2·2·2·44053 + 1
15329	705137	705137 = 2·23·15329 + 3
176317	705269	705269 = 2·2·176317 + 1
35291	705821	705821 = 2·2·5·35291 + 1
88237	705899	705899 = 2·2·2·88237 + 3
117673	706039	706039 = 2·3·117673 + 1
117701	706207	706207 = 2·3·117701 + 1
25247	706919	706919 = 2·2·7·25247 + 3
176779	707117	707117 = 2·2·176779 + 1
35363	707261	707261 = 2·2·5·35363 + 1
23581	707431	707431 = 2·3·5·23581 + 1
19661	707797	707797 = 2·2·3·3·19661 + 1
16087	707831	707831 = 2·2·11·16087 + 3
70793	707933	707933 = 2·5·70793 + 3
177011	708047	708047 = 2·2·177011 + 3
44281	708497	708497 = 2·2·2·2·44281 + 1
32213	708689	708689 = 2·11·32213 + 3
177239	708959	708959 = 2·2·177239 + 3
50651	709117	709117 = 2·7·50651 + 3
70921	709211	709211 = 2·5·70921 + 1
118213	709279	709279 = 2·3·118213 + 1
88667	709337	709337 = 2·2·2·88667 + 1
118253	709519	709519 = 2·3·118253 + 1
59141	709693	709693 = 2·2·3·59141 + 1
88721	709769	709769 = 2·2·2·88721 + 1
35491	709823	709823 = 2·2·5·35491 + 3
59159	709909	709909 = 2·2·3·59159 + 1
16903	709927	709927 = 2·3·7·16903 + 1
35533	710663	710663 = 2·2·5·35533 + 3
59243	710917	710917 = 2·2·3·59243 + 1
118493	710959	710959 = 2·3·118493 + 1
50821	711497	711497 = 2·7·50821 + 3
88937	711499	711499 = 2·2·2·88937 + 3
13687	711727	711727 = 2·2·13·13687 + 3
29663	711913	711913 = 2·2·2·3·29663 + 1
11483	711947	711947 = 2·31·11483 + 1
59341	712093	712093 = 2·2·3·59341 + 1
178039	712157	712157 = 2·2·178039 + 1
71233	712331	712331 = 2·5·71233 + 1
71257	712571	712571 = 2·5·71257 + 1
22283	713059	713059 = 2·2·2·2·2·22283 + 3
178289	713159	713159 = 2·2·178289 + 3
23773	713191	713191 = 2·3·5·23773 + 1
32423	713309	713309 = 2·11·32423 + 3
50957	713399	713399 = 2·7·50957 + 1
118901	713407	713407 = 2·3·118901 + 1
44617	713873	713873 = 2·2·2·2·44617 + 1
178489	713957	713957 = 2·2·178489 + 1
35747	714943	714943 = 2·2·5·35747 + 3
71503	715031	715031 = 2·5·71503 + 1
178807	715229	715229 = 2·2·178807 + 1
32537	715817	715817 = 2·11·32537 + 3
35803	716063	716063 = 2·2·5·35803 + 3
32563	716389	716389 = 2·11·32563 + 3
179111	716447	716447 = 2·2·179111 + 3
179287	717149	717149 = 2·2·179287 + 1
17929	717161	717161 = 2·2·2·5·17929 + 1
23909	717271	717271 = 2·3·5·23909 + 1
39857	717427	717427 = 2·3·3·39857 + 1
89681	717449	717449 = 2·2·2·89681 + 1
179429	717719	717719 = 2·2·179429 + 3
119653	717919	717919 = 2·3·119653 + 1
179497	717989	717989 = 2·2·179497 + 1
25643	718007	718007 = 2·2·7·25643 + 3
35923	718463	718463 = 2·2·5·35923 + 3
71849	718493	718493 = 2·5·71849 + 3
17971	718841	718841 = 2·2·2·5·17971 + 1
71887	718871	718871 = 2·5·71887 + 1
89897	719177	719177 = 2·2·2·89897 + 1
71933	719333	719333 = 2·5·71933 + 3
59951	719413	719413 = 2·2·3·59951 + 1
10903	719599	719599 = 2·3·11·10903 + 1
19993	719749	719749 = 2·2·3·3·19993 + 1
119993	719959	719959 = 2·3·119993 + 1
24007	720211	720211 = 2·3·5·24007 + 1
72031	720311	720311 = 2·5·72031 + 1
60083	720997	720997 = 2·2·3·60083 + 1
120193	721159	721159 = 2·3·120193 + 1
36061	721223	721223 = 2·2·5·36061 + 3
32783	721229	721229 = 2·11·32783 + 3
90163	721307	721307 = 2·2·2·90163 + 3
90187	721499	721499 = 2·2·2·90187 + 3
27751	721529	721529 = 2·13·27751 + 3
36083	721663	721663 = 2·2·5·36083 + 3
90217	721739	721739 = 2·2·2·90217 + 3
18049	721961	721961 = 2·2·2·5·18049 + 1
90247	721979	721979 = 2·2·2·90247 + 3
9029	722321	722321 = 2·2·2·2·5·9029 + 1
30113	722713	722713 = 2·2·2·3·30113 + 1
32869	723119	723119 = 2·11·32869 + 1
24113	723391	723391 = 2·3·5·24113 + 1
180959	723839	723839 = 2·2·180959 + 3
181001	724007	724007 = 2·2·181001 + 3
90523	724187	724187 = 2·2·2·90523 + 3
45263	724211	724211 = 2·2·2·2·45263 + 3
40237	724267	724267 = 2·3·3·40237 + 1
25867	724277	724277 = 2·2·7·25867 + 1
6469	724531	724531 = 2·2·2·2·7·6469 + 3
36229	724583	724583 = 2·2·5·36229 + 3
30197	724729	724729 = 2·2·2·3·30197 + 1
90617	724939	724939 = 2·2·2·90617 + 3
6841	725149	725149 = 2·53·6841 + 3
60443	725317	725317 = 2·2·3·60443 + 1
18133	725321	725321 = 2·2·2·5·18133 + 1
181361	725447	725447 = 2·2·181361 + 3
51827	725579	725579 = 2·7·51827 + 1
21341	725597	725597 = 2·17·21341 + 3
36293	725863	725863 = 2·2·5·36293 + 3
121001	726007	726007 = 2·3·121001 + 1
15131	726289	726289 = 2·2·2·2·3·15131 + 1
72643	726431	726431 = 2·5·72643 + 1
27941	726469	726469 = 2·13·27941 + 3
45413	726611	726611 = 2·2·2·2·45413 + 3
25951	726629	726629 = 2·2·7·25951 + 1
27953	726779	726779 = 2·13·27953 + 1
36353	727061	727061 = 2·2·5·36353 + 1
181789	727157	727157 = 2·2·181789 + 1
51949	727289	727289 = 2·7·51949 + 3
30307	727369	727369 = 2·2·2·3·30307 + 1
14549	727451	727451 = 2·5·5·14549 + 1
45523	728369	728369 = 2·2·2·2·45523 + 1
121421	728527	728527 = 2·3·121421 + 1
182209	728837	728837 = 2·2·182209 + 1
22777	728867	728867 = 2·2·2·2·2·22777 + 3
12149	728941	728941 = 2·2·3·5·12149 + 1
36457	729143	729143 = 2·2·5·36457 + 3
40531	729559	729559 = 2·3·3·40531 + 1
33203	730469	730469 = 2·11·33203 + 3
21487	730559	730559 = 2·17·21487 + 1
60889	730669	730669 = 2·2·3·60889 + 1
36541	730823	730823 = 2·2·5·36541 + 3
45691	731057	731057 = 2·2·2·2·45691 + 1
182779	731117	731117 = 2·2·182779 + 1
30469	731257	731257 = 2·2·2·3·30469 + 1
40627	731287	731287 = 2·3·3·40627 + 1
182899	731597	731597 = 2·2·182899 + 1
36587	731741	731741 = 2·2·5·36587 + 1
45763	732209	732209 = 2·2·2·2·45763 + 1
30509	732217	732217 = 2·2·2·3·30509 + 1
61031	732373	732373 = 2·2·3·61031 + 1
18313	732521	732521 = 2·2·2·5·18313 + 1
91577	732617	732617 = 2·2·2·91577 + 1
16657	732911	732911 = 2·2·11·16657 + 3
45823	733169	733169 = 2·2·2·2·45823 + 1
61099	733189	733189 = 2·2·3·61099 + 1
30553	733273	733273 = 2·2·2·3·30553 + 1
91673	733387	733387 = 2·2·2·91673 + 3
73351	733511	733511 = 2·5·73351 + 1
183461	733847	733847 = 2·2·183461 + 3
183487	733949	733949 = 2·2·183487 + 1
91757	734057	734057 = 2·2·2·91757 + 1
73417	734171	734171 = 2·5·73417 + 1
183637	734549	734549 = 2·2·183637 + 1
52517	735239	735239 = 2·7·52517 + 1
26263	735367	735367 = 2·2·7·26263 + 3
12263	735781	735781 = 2·2·3·5·12263 + 1
36791	735821	735821 = 2·2·5·36791 + 1
122653	735919	735919 = 2·3·122653 + 1
91997	735979	735979 = 2·2·2·91997 + 3
122693	736159	736159 = 2·3·122693 + 1
36809	736181	736181 = 2·2·5·36809 + 1
46027	736433	736433 = 2·2·2·2·46027 + 1
122741	736447	736447 = 2·3·122741 + 1
184117	736469	736469 = 2·2·184117 + 1
92111	736889	736889 = 2·2·2·92111 + 1
14747	737351	737351 = 2·5·5·14747 + 1
36871	737423	737423 = 2·2·5·36871 + 3
26347	737717	737717 = 2·2·7·26347 + 1
12721	737819	737819 = 2·29·12721 + 1
92237	737897	737897 = 2·2·2·92237 + 1
19421	737999	737999 = 2·19·19421 + 1
36913	738263	738263 = 2·2·5·36913 + 3
184627	738509	738509 = 2·2·184627 + 1
16057	738623	738623 = 2·23·16057 + 1
41047	738847	738847 = 2·3·3·41047 + 1
52817	739439	739439 = 2·7·52817 + 1
36973	739463	739463 = 2·2·5·36973 + 3
184957	739829	739829 = 2·2·184957 + 1
6379	739967	739967 = 2·2·29·6379 + 3
13709	740287	740287 = 2·3·3·3·13709 + 1
41131	740359	740359 = 2·3·3·41131 + 1
123433	740599	740599 = 2·3·123433 + 1
74071	740711	740711 = 2·5·74071 + 1
61729	740749	740749 = 2·2·3·61729 + 1
23167	741347	741347 = 2·2·2·2·2·23167 + 3
33703	741467	741467 = 2·11·33703 + 1
74159	741593	741593 = 2·5·74159 + 3
92723	741787	741787 = 2·2·2·92723 + 3
123661	741967	741967 = 2·3·123661 + 1
61843	742117	742117 = 2·2·3·61843 + 1
23197	742307	742307 = 2·2·2·2·2·23197 + 3
23203	742499	742499 = 2·2·2·2·2·23203 + 3
185651	742607	742607 = 2·2·185651 + 3
61909	742909	742909 = 2·2·3·61909 + 1
123833	742999	742999 = 2·3·123833 + 1
46439	743027	743027 = 2·2·2·2·46439 + 3
41281	743059	743059 = 2·3·3·41281 + 1
185819	743279	743279 = 2·2·185819 + 3
74357	743573	743573 = 2·5·74357 + 3
186019	744077	744077 = 2·2·186019 + 1
46507	744113	744113 = 2·2·2·2·46507 + 1
7919	744389	744389 = 2·47·7919 + 3
186149	744599	744599 = 2·2·186149 + 3
19603	744917	744917 = 2·19·19603 + 3
20693	744949	744949 = 2·2·3·3·20693 + 1
10067	744959	744959 = 2·37·10067 + 1
28661	745189	745189 = 2·13·28661 + 3
16937	745231	745231 = 2·2·11·16937 + 3
93263	746107	746107 = 2·2·2·93263 + 3
46633	746129	746129 = 2·2·2·2·46633 + 1
37309	746183	746183 = 2·2·5·37309 + 3
186649	746597	746597 = 2·2·186649 + 1
41491	746839	746839 = 2·3·3·41491 + 1
93407	747259	747259 = 2·2·2·93407 + 3
33967	747277	747277 = 2·11·33967 + 3
28751	747529	747529 = 2·13·28751 + 3
186889	747557	747557 = 2·2·186889 + 1
37397	747941	747941 = 2·2·5·37397 + 1
93497	747977	747977 = 2·2·2·93497 + 1
124673	748039	748039 = 2·3·124673 + 1
31177	748249	748249 = 2·2·2·3·31177 + 1
74827	748271	748271 = 2·5·74827 + 1
26737	748637	748637 = 2·2·7·26737 + 1
74887	748871	748871 = 2·5·74887 + 1
31219	749257	749257 = 2·2·2·3·31219 + 1
17029	749279	749279 = 2·2·11·17029 + 3
12491	749461	749461 = 2·2·3·5·12491 + 1
62473	749677	749677 = 2·2·3·62473 + 1
187477	749909	749909 = 2·2·187477 + 1
46901	750419	750419 = 2·2·2·2·46901 + 3
125113	750679	750679 = 2·3·125113 + 1
34123	750707	750707 = 2·11·34123 + 1
187687	750749	750749 = 2·2·187687 + 1
34127	750797	750797 = 2·11·34127 + 3
53629	750809	750809 = 2·7·53629 + 3
34147	751237	751237 = 2·11·34147 + 3
19777	751529	751529 = 2·19·19777 + 3
28909	751637	751637 = 2·13·28909 + 3
62639	751669	751669 = 2·2·3·62639 + 1
25057	751711	751711 = 2·3·5·25057 + 1
93983	751867	751867 = 2·2·2·93983 + 3
62683	752197	752197 = 2·2·3·62683 + 1
47017	752273	752273 = 2·2·2·2·47017 + 1
31357	752569	752569 = 2·2·2·3·31357 + 1
188197	752789	752789 = 2·2·188197 + 1
75289	752891	752891 = 2·5·75289 + 1
14479	752911	752911 = 2·2·13·14479 + 3
25121	753631	753631 = 2·3·5·25121 + 1
75377	753773	753773 = 2·5·75377 + 3
37717	754343	754343 = 2·2·5·37717 + 3
47161	754577	754577 = 2·2·2·2·47161 + 1
188677	754709	754709 = 2·2·188677 + 1
75503	755033	755033 = 2·5·75503 + 3
188827	755309	755309 = 2·2·188827 + 1
75533	755333	755333 = 2·5·75533 + 3
17989	755539	755539 = 2·3·7·17989 + 1
37783	755663	755663 = 2·2·5·37783 + 3
189041	756167	756167 = 2·2·189041 + 3
126041	756247	756247 = 2·3·126041 + 1
47293	756689	756689 = 2·2·2·2·47293 + 1
63059	756709	756709 = 2·2·3·63059 + 1
23669	757409	757409 = 2·2·2·2·2·23669 + 1
47363	757811	757811 = 2·2·2·2·47363 + 3
42101	757819	757819 = 2·3·3·42101 + 1
16477	757943	757943 = 2·23·16477 + 1
18959	758363	758363 = 2·2·2·5·18959 + 3
189671	758687	758687 = 2·2·189671 + 3
126461	758767	758767 = 2·3·126461 + 1
14593	758837	758837 = 2·2·13·14593 + 1
27103	758887	758887 = 2·2·7·27103 + 3
189757	759029	759029 = 2·2·189757 + 1
10847	759293	759293 = 2·5·7·10847 + 3
27127	759557	759557 = 2·2·7·27127 + 1
21101	759637	759637 = 2·2·3·3·21101 + 1
189929	759719	759719 = 2·2·189929 + 3
63313	759757	759757 = 2·2·3·63313 + 1
75991	759911	759911 = 2·5·75991 + 1
189989	759959	759959 = 2·2·189989 + 3
63331	759973	759973 = 2·2·3·63331 + 1
63353	760237	760237 = 2·2·3·63353 + 1
12671	760261	760261 = 2·2·3·5·12671 + 1
54331	760637	760637 = 2·7·54331 + 3
47563	761009	761009 = 2·2·2·2·47563 + 1
22391	761297	761297 = 2·17·22391 + 3
95177	761417	761417 = 2·2·2·95177 + 1
190357	761429	761429 = 2·2·190357 + 1
47591	761459	761459 = 2·2·2·2·47591 + 3
76147	761471	761471 = 2·5·76147 + 1
95273	762187	762187 = 2·2·2·95273 + 3
76249	762491	762491 = 2·5·76249 + 1
42391	763039	763039 = 2·3·3·42391 + 1
95383	763067	763067 = 2·2·2·95383 + 3
190837	763349	763349 = 2·2·190837 + 1
17351	763447	763447 = 2·2·11·17351 + 3
54539	763549	763549 = 2·7·54539 + 3
38183	763663	763663 = 2·2·5·38183 + 3
27283	763927	763927 = 2·2·7·27283 + 3
95507	764059	764059 = 2·2·2·95507 + 3
23879	764131	764131 = 2·2·2·2·2·23879 + 3
38219	764381	764381 = 2·2·5·38219 + 1
29423	764999	764999 = 2·13·29423 + 1
20143	765437	765437 = 2·19·20143 + 3
38273	765461	765461 = 2·2·5·38273 + 1
191441	765767	765767 = 2·2·191441 + 3
12763	765781	765781 = 2·2·3·5·12763 + 1
47881	766097	766097 = 2·2·2·2·47881 + 1
76631	766313	766313 = 2·5·76631 + 3
127733	766399	766399 = 2·3·127733 + 1
76651	766511	766511 = 2·5·76651 + 1
15971	766609	766609 = 2·2·2·2·3·15971 + 1
127781	766687	766687 = 2·3·127781 + 1
191899	767597	767597 = 2·2·191899 + 1
76781	767813	767813 = 2·5·76781 + 3
76819	768191	768191 = 2·5·76819 + 1
96043	768347	768347 = 2·2·2·96043 + 3
48023	768371	768371 = 2·2·2·2·48023 + 3
192097	768389	768389 = 2·2·192097 + 1
192191	768767	768767 = 2·2·192191 + 3
38447	768941	768941 = 2·2·5·38447 + 1
128173	769039	769039 = 2·3·128173 + 1
19249	769963	769963 = 2·2·2·5·19249 + 3
25673	770191	770191 = 2·3·5·25673 + 1
192611	770447	770447 = 2·2·192611 + 3
96323	770587	770587 = 2·2·2·96323 + 3
29641	770669	770669 = 2·13·29641 + 3
192697	770789	770789 = 2·2·192697 + 1
27529	770813	770813 = 2·2·7·27529 + 1
17519	770837	770837 = 2·2·11·17519 + 1
48179	770867	770867 = 2·2·2·2·48179 + 3
25703	771091	771091 = 2·3·5·25703 + 1
38557	771143	771143 = 2·2·5·38557 + 3
192971	771887	771887 = 2·2·192971 + 3
64333	771997	771997 = 2·2·3·64333 + 1
35099	772181	772181 = 2·11·35099 + 3
64373	772477	772477 = 2·2·3·64373 + 1
38651	773023	773023 = 2·2·5·38651 + 3
48337	773393	773393 = 2·2·2·2·48337 + 1
77369	773693	773693 = 2·5·77369 + 3
64499	773989	773989 = 2·2·3·64499 + 1
38707	774143	774143 = 2·2·5·38707 + 3
38711	774223	774223 = 2·2·5·38711 + 3
96797	774377	774377 = 2·2·2·96797 + 1
38729	774583	774583 = 2·2·5·38729 + 3
193751	775007	775007 = 2·2·193751 + 3
193789	775157	775157 = 2·2·193789 + 1
32303	775273	775273 = 2·2·2·3·32303 + 1
193841	775367	775367 = 2·2·193841 + 3
32309	775417	775417 = 2·2·2·3·32309 + 1
55411	775757	775757 = 2·7·55411 + 3
38791	775823	775823 = 2·2·5·38791 + 3
48539	776627	776627 = 2·2·2·2·48539 + 3
77681	776813	776813 = 2·5·77681 + 3
19423	776921	776921 = 2·2·2·5·19423 + 1
48571	777137	777137 = 2·2·2·2·48571 + 1
22859	777209	777209 = 2·17·22859 + 3
12539	777419	777419 = 2·31·12539 + 1
38903	778061	778061 = 2·2·5·38903 + 1
55579	778109	778109 = 2·7·55579 + 3
64853	778237	778237 = 2·2·3·64853 + 1
194609	778439	778439 = 2·2·194609 + 3
48661	778579	778579 = 2·2·2·2·48661 + 3
38953	779063	779063 = 2·2·5·38953 + 3
194767	779069	779069 = 2·2·194767 + 1
19477	779081	779081 = 2·2·2·5·19477 + 1
43291	779239	779239 = 2·3·3·43291 + 1
48731	779699	779699 = 2·2·2·2·48731 + 3
77999	779993	779993 = 2·5·77999 + 3
78017	780173	780173 = 2·5·78017 + 3
78121	781211	781211 = 2·5·78121 + 1
78163	781631	781631 = 2·5·78163 + 1
195479	781919	781919 = 2·2·195479 + 3
15641	782053	782053 = 2·5·5·15641 + 3
48883	782129	782129 = 2·2·2·2·48883 + 1
65179	782149	782149 = 2·2·3·65179 + 1
27947	782519	782519 = 2·2·7·27947 + 3
97847	782777	782777 = 2·2·2·97847 + 1
35603	783269	783269 = 2·11·35603 + 3
97973	783787	783787 = 2·2·2·97973 + 3
49019	784307	784307 = 2·2·2·2·49019 + 3
39227	784541	784541 = 2·2·5·39227 + 1
196181	784727	784727 = 2·2·196181 + 3
65413	784957	784957 = 2·2·3·65413 + 1
196429	785717	785717 = 2·2·196429 + 1
130973	785839	785839 = 2·3·130973 + 1
39293	785861	785861 = 2·2·5·39293 + 1
196541	786167	786167 = 2·2·196541 + 3
196549	786197	786197 = 2·2·196549 + 1
26209	786271	786271 = 2·3·5·26209 + 1
65579	786949	786949 = 2·2·3·65579 + 1
196739	786959	786959 = 2·2·196739 + 3
196769	787079	787079 = 2·2·196769 + 3
49199	787187	787187 = 2·2·2·2·49199 + 3
21871	787357	787357 = 2·2·3·3·21871 + 1
78797	787973	787973 = 2·5·78797 + 3
78809	788093	788093 = 2·5·78809 + 3
197077	788309	788309 = 2·2·197077 + 1
56311	788357	788357 = 2·7·56311 + 3
18773	788467	788467 = 2·3·7·18773 + 1
39443	788863	788863 = 2·2·5·39443 + 3
78893	788933	788933 = 2·5·78893 + 3
98627	789017	789017 = 2·2·2·98627 + 1
56359	789029	789029 = 2·7·56359 + 3
131561	789367	789367 = 2·3·131561 + 1
197569	790277	790277 = 2·2·197569 + 1
98807	790459	790459 = 2·2·2·98807 + 3
19763	790523	790523 = 2·2·2·5·19763 + 3
49409	790547	790547 = 2·2·2·2·49409 + 3
197647	790589	790589 = 2·2·197647 + 1
197651	790607	790607 = 2·2·197651 + 3
17189	790697	790697 = 2·23·17189 + 3
56479	790709	790709 = 2·7·56479 + 3
9199	791117	791117 = 2·43·9199 + 3
32969	791257	791257 = 2·2·2·3·32969 + 1
49459	791347	791347 = 2·2·2·2·49459 + 3
35983	791627	791627 = 2·11·35983 + 1
65983	791797	791797 = 2·2·3·65983 + 1
35993	791849	791849 = 2·11·35993 + 3
79229	792293	792293 = 2·5·79229 + 3
49537	792593	792593 = 2·2·2·2·49537 + 1
66089	793069	793069 = 2·2·3·66089 + 1
132233	793399	793399 = 2·3·132233 + 1
24809	793889	793889 = 2·2·2·2·2·24809 + 1
79393	793931	793931 = 2·5·79393 + 1
198491	793967	793967 = 2·2·198491 + 3
66173	794077	794077 = 2·2·3·66173 + 1
66179	794149	794149 = 2·2·3·66179 + 1
30559	794537	794537 = 2·13·30559 + 3
33107	794569	794569 = 2·2·2·3·33107 + 1
44171	795079	795079 = 2·3·3·44171 + 1
22093	795349	795349 = 2·2·3·3·22093 + 1
99431	795449	795449 = 2·2·2·99431 + 1
44221	795979	795979 = 2·3·3·44221 + 1
24877	796067	796067 = 2·2·2·2·2·24877 + 3
15923	796151	796151 = 2·5·5·15923 + 1
79657	796571	796571 = 2·5·79657 + 1
33199	796777	796777 = 2·2·2·3·33199 + 1
199211	796847	796847 = 2·2·199211 + 3
28477	797359	797359 = 2·2·7·28477 + 3
66449	797389	797389 = 2·2·3·66449 + 1
199489	797957	797957 = 2·2·199489 + 1
99761	798089	798089 = 2·2·2·99761 + 1
66533	798397	798397 = 2·2·3·66533 + 1
19961	798443	798443 = 2·2·2·5·19961 + 3
36313	798887	798887 = 2·11·36313 + 1
28571	799991	799991 = 2·2·7·28571 + 3
16007	800351	800351 = 2·5·5·16007 + 1
25013	800417	800417 = 2·2·2·2·2·25013 + 1
66713	800557	800557 = 2·2·3·66713 + 1
80071	800711	800711 = 2·5·80071 + 1
9533	800773	800773 = 2·2·3·7·9533 + 1
40039	800783	800783 = 2·2·5·40039 + 3
200351	801407	801407 = 2·2·200351 + 3
28627	801557	801557 = 2·2·7·28627 + 1
100213	801707	801707 = 2·2·2·100213 + 3
20047	801883	801883 = 2·2·2·5·20047 + 3
80233	802331	802331 = 2·5·80233 + 1
25073	802339	802339 = 2·2·2·2·2·25073 + 3
40123	802463	802463 = 2·2·5·40123 + 3
25087	802787	802787 = 2·2·2·2·2·25087 + 3
133853	803119	803119 = 2·3·133853 + 1
200797	803189	803189 = 2·2·200797 + 1
57389	803447	803447 = 2·7·57389 + 1
50261	804179	804179 = 2·2·2·2·50261 + 3
40253	805061	805061 = 2·2·5·40253 + 1
57557	805799	805799 = 2·7·57557 + 1
80599	805991	805991 = 2·5·80599 + 1
50383	806129	806129 = 2·2·2·2·50383 + 1
67189	806269	806269 = 2·2·3·67189 + 1
50411	806579	806579 = 2·2·2·2·50411 + 3
25219	807011	807011 = 2·2·2·2·2·25219 + 3
201769	807077	807077 = 2·2·201769 + 1
33629	807097	807097 = 2·2·2·3·33629 + 1
15527	807407	807407 = 2·2·13·15527 + 3
134593	807559	807559 = 2·3·134593 + 1
14423	807689	807689 = 2·2·2·7·14423 + 1
9859	808439	808439 = 2·41·9859 + 1
57751	808517	808517 = 2·7·57751 + 3
28901	809231	809231 = 2·2·7·28901 + 3
134873	809239	809239 = 2·3·134873 + 1
20231	809243	809243 = 2·2·2·5·20231 + 3
20233	809323	809323 = 2·2·2·5·20233 + 3
134921	809527	809527 = 2·3·134921 + 1
31159	810137	810137 = 2·13·31159 + 3
57899	810587	810587 = 2·7·57899 + 1
101363	810907	810907 = 2·2·2·101363 + 3
67579	810949	810949 = 2·2·3·67579 + 1
40559	811183	811183 = 2·2·5·40559 + 3
202799	811199	811199 = 2·2·202799 + 3
202999	811997	811997 = 2·2·202999 + 1
27067	812011	812011 = 2·3·5·27067 + 1
40609	812183	812183 = 2·2·5·40609 + 3
101531	812249	812249 = 2·2·2·101531 + 1
101573	812587	812587 = 2·2·2·101573 + 3
50789	812627	812627 = 2·2·2·2·50789 + 3
101627	813017	813017 = 2·2·2·101627 + 1
21397	813089	813089 = 2·19·21397 + 3
67763	813157	813157 = 2·2·3·67763 + 1
203317	813269	813269 = 2·2·203317 + 1
50839	813427	813427 = 2·2·2·2·50839 + 3
203419	813677	813677 = 2·2·203419 + 1
15649	813749	813749 = 2·2·13·15649 + 1
29063	813767	813767 = 2·2·7·29063 + 3
25439	814049	814049 = 2·2·2·2·2·25439 + 1
58169	814367	814367 = 2·7·58169 + 1
203617	814469	814469 = 2·2·203617 + 1
81463	814631	814631 = 2·5·81463 + 1
135841	815047	815047 = 2·3·135841 + 1
203789	815159	815159 = 2·2·203789 + 3
67931	815173	815173 = 2·2·3·67931 + 1
67943	815317	815317 = 2·2·3·67943 + 1
67961	815533	815533 = 2·2·3·67961 + 1
29131	815669	815669 = 2·2·7·29131 + 1
203921	815687	815687 = 2·2·203921 + 3
101987	815897	815897 = 2·2·2·101987 + 1
81619	816191	816191 = 2·5·81619 + 1
45361	816499	816499 = 2·3·3·45361 + 1
102107	816857	816857 = 2·2·2·102107 + 1
40847	816941	816941 = 2·2·5·40847 + 1
29179	817013	817013 = 2·2·7·29179 + 1
204319	817277	817277 = 2·2·204319 + 1
204329	817319	817319 = 2·2·204329 + 3
68113	817357	817357 = 2·2·3·68113 + 1
102191	817529	817529 = 2·2·2·102191 + 1
58411	817757	817757 = 2·7·58411 + 3
8521	818017	818017 = 2·2·2·2·2·3·8521 + 1
81839	818393	818393 = 2·5·81839 + 3
31481	818509	818509 = 2·13·31481 + 3
31489	818717	818717 = 2·13·31489 + 3
204749	818999	818999 = 2·2·204749 + 3
22751	819037	819037 = 2·2·3·3·22751 + 1
18617	819149	819149 = 2·2·11·18617 + 1
21557	819167	819167 = 2·19·21557 + 1
68281	819373	819373 = 2·2·3·68281 + 1
81943	819431	819431 = 2·5·81943 + 1
14633	819449	819449 = 2·2·2·7·14633 + 1
10247	819761	819761 = 2·2·2·2·5·10247 + 1
102497	819977	819977 = 2·2·2·102497 + 1
82013	820133	820133 = 2·5·82013 + 3
102523	820187	820187 = 2·2·2·102523 + 3
31547	820223	820223 = 2·13·31547 + 1
41017	820343	820343 = 2·2·5·41017 + 3
102551	820409	820409 = 2·2·2·102551 + 1
68399	820789	820789 = 2·2·3·68399 + 1
8209	820901	820901 = 2·2·5·5·8209 + 1
29363	822167	822167 = 2·2·7·29363 + 3
12097	822599	822599 = 2·2·17·12097 + 3
51413	822611	822611 = 2·2·2·2·51413 + 3
29383	822727	822727 = 2·2·7·29383 + 3
34283	822793	822793 = 2·2·2·3·34283 + 1
34297	823129	823129 = 2·2·2·3·34297 + 1
25733	823457	823457 = 2·2·2·2·2·25733 + 1
206009	824039	824039 = 2·2·206009 + 3
51511	824179	824179 = 2·2·2·2·51511 + 3
37463	824189	824189 = 2·11·37463 + 3
15859	824669	824669 = 2·2·13·15859 + 1
58907	824699	824699 = 2·7·58907 + 1
82493	824933	824933 = 2·5·82493 + 3
206369	825479	825479 = 2·2·206369 + 3
51593	825491	825491 = 2·2·2·2·51593 + 3
29483	825527	825527 = 2·2·7·29483 + 3
103217	825739	825739 = 2·2·2·103217 + 3
58997	825959	825959 = 2·7·58997 + 1
14243	826097	826097 = 2·29·14243 + 3
51637	826193	826193 = 2·2·2·2·51637 + 1
37573	826607	826607 = 2·11·37573 + 1
41333	826663	826663 = 2·2·5·41333 + 3
21767	827147	827147 = 2·19·21767 + 1
82723	827231	827231 = 2·5·82723 + 1
103421	827369	827369 = 2·2·2·103421 + 1
82759	827591	827591 = 2·5·82759 + 1
41387	827741	827741 = 2·2·5·41387 + 1
207139	828557	828557 = 2·2·207139 + 1
37663	828587	828587 = 2·11·37663 + 1
207199	828797	828797 = 2·2·207199 + 1
46091	829639	829639 = 2·3·3·46091 + 1
69149	829789	829789 = 2·2·3·69149 + 1
69151	829813	829813 = 2·2·3·69151 + 1
27673	830191	830191 = 2·3·5·27673 + 1
103867	830939	830939 = 2·2·2·103867 + 3
41549	830981	830981 = 2·2·5·41549 + 1
69259	831109	831109 = 2·2·3·69259 + 1
207821	831287	831287 = 2·2·207821 + 3
41579	831583	831583 = 2·2·5·41579 + 3
208121	832487	832487 = 2·2·208121 + 3
59471	832597	832597 = 2·7·59471 + 3
69403	832837	832837 = 2·2·3·69403 + 1
37861	832943	832943 = 2·11·37861 + 1
138841	833047	833047 = 2·3·138841 + 1
104147	833179	833179 = 2·2·2·104147 + 3
52081	833299	833299 = 2·2·2·2·52081 + 3
69491	833893	833893 = 2·2·3·69491 + 1
14891	833897	833897 = 2·2·2·7·14891 + 1
83431	834311	834311 = 2·5·83431 + 1
208739	834959	834959 = 2·2·208739 + 3
59651	835117	835117 = 2·7·59651 + 3
17401	835249	835249 = 2·2·2·2·3·17401 + 1
83597	835973	835973 = 2·5·83597 + 3
209039	836159	836159 = 2·2·209039 + 3
104527	836219	836219 = 2·2·2·104527 + 3
104593	836747	836747 = 2·2·2·104593 + 3
38039	836861	836861 = 2·11·38039 + 3
59791	837077	837077 = 2·7·59791 + 3
29917	837677	837677 = 2·2·7·29917 + 1
104717	837737	837737 = 2·2·2·104717 + 1
52361	837779	837779 = 2·2·2·2·52361 + 3
41903	838063	838063 = 2·2·5·41903 + 3
22073	838777	838777 = 2·19·22073 + 3
139801	838807	838807 = 2·3·139801 + 1
209801	839207	839207 = 2·2·209801 + 3
139981	839887	839887 = 2·3·139981 + 1
38177	839897	839897 = 2·11·38177 + 3
27997	839911	839911 = 2·3·5·27997 + 1
210037	840149	840149 = 2·2·210037 + 1
105037	840299	840299 = 2·2·2·105037 + 3
46691	840439	840439 = 2·3·3·46691 + 1
210191	840767	840767 = 2·2·210191 + 3
210209	840839	840839 = 2·2·210209 + 3
105107	840859	840859 = 2·2·2·105107 + 3
20023	840967	840967 = 2·3·7·20023 + 1
105143	841147	841147 = 2·2·2·105143 + 3
70099	841189	841189 = 2·2·3·70099 + 1
60091	841277	841277 = 2·7·60091 + 3
84191	841913	841913 = 2·5·84191 + 3
140321	841927	841927 = 2·3·140321 + 1
84211	842111	842111 = 2·5·84211 + 1
140401	842407	842407 = 2·3·140401 + 1
105367	842939	842939 = 2·2·2·105367 + 3
105373	842987	842987 = 2·2·2·105373 + 3
60259	843629	843629 = 2·7·60259 + 3
17581	843889	843889 = 2·2·2·2·3·17581 + 1
105517	844139	844139 = 2·2·2·105517 + 3
211039	844157	844157 = 2·2·211039 + 1
211049	844199	844199 = 2·2·211049 + 3
211177	844709	844709 = 2·2·211177 + 1
26399	844769	844769 = 2·2·2·2·2·26399 + 1
20123	845167	845167 = 2·3·7·20123 + 1
84533	845333	845333 = 2·5·84533 + 3
42293	845863	845863 = 2·2·5·42293 + 3
38449	845879	845879 = 2·11·38449 + 1
42299	845981	845981 = 2·2·5·42299 + 1
105767	846137	846137 = 2·2·2·105767 + 1
30223	846247	846247 = 2·2·7·30223 + 3
14107	846421	846421 = 2·2·3·5·14107 + 1
32561	846589	846589 = 2·13·32561 + 3
211661	846647	846647 = 2·2·211661 + 3
84719	847193	847193 = 2·5·84719 + 3
52981	847697	847697 = 2·2·2·2·52981 + 1
141353	848119	848119 = 2·3·141353 + 1
53017	848273	848273 = 2·2·2·2·53017 + 1
212099	848399	848399 = 2·2·212099 + 3
20201	848443	848443 = 2·3·7·20201 + 1
47147	848647	848647 = 2·3·3·47147 + 1
28289	848671	848671 = 2·3·5·28289 + 1
30323	849047	849047 = 2·2·7·30323 + 3
24977	849221	849221 = 2·17·24977 + 3
42473	849461	849461 = 2·2·5·42473 + 1
70841	850093	850093 = 2·2·3·70841 + 1
42509	850181	850181 = 2·2·5·42509 + 1
212561	850247	850247 = 2·2·212561 + 3
53149	850387	850387 = 2·2·2·2·53149 + 3
18493	850679	850679 = 2·23·18493 + 1
17027	851351	851351 = 2·5·5·17027 + 1
85147	851471	851471 = 2·5·85147 + 1
212909	851639	851639 = 2·2·212909 + 3
10139	851677	851677 = 2·2·3·7·10139 + 1
30427	851957	851957 = 2·2·7·30427 + 1
85201	852011	852011 = 2·5·85201 + 1
142061	852367	852367 = 2·3·142061 + 1
32801	852829	852829 = 2·13·32801 + 3
22447	852989	852989 = 2·19·22447 + 3
35543	853033	853033 = 2·2·2·3·35543 + 1
142193	853159	853159 = 2·3·142193 + 1
18553	853439	853439 = 2·23·18553 + 1
106693	853547	853547 = 2·2·2·106693 + 3
71153	853837	853837 = 2·2·3·71153 + 1
53381	854099	854099 = 2·2·2·2·53381 + 3
213539	854159	854159 = 2·2·213539 + 3
53401	854419	854419 = 2·2·2·2·53401 + 3
142433	854599	854599 = 2·3·142433 + 1
53441	855059	855059 = 2·2·2·2·53441 + 3
85531	855311	855311 = 2·5·85531 + 1
28513	855391	855391 = 2·3·5·28513 + 1
142601	855607	855607 = 2·3·142601 + 1
213929	855719	855719 = 2·2·213929 + 3
107021	856169	856169 = 2·2·2·107021 + 1
214069	856277	856277 = 2·2·214069 + 1
38923	856309	856309 = 2·11·38923 + 3
47581	856459	856459 = 2·3·3·47581 + 1
20399	856759	856759 = 2·3·7·20399 + 1
214237	856949	856949 = 2·2·214237 + 1
107171	857369	857369 = 2·2·2·107171 + 1
30631	857669	857669 = 2·2·7·30631 + 1
71479	857749	857749 = 2·2·3·71479 + 1
30637	857839	857839 = 2·2·7·30637 + 3
214541	858167	858167 = 2·2·214541 + 3
214559	858239	858239 = 2·2·214559 + 3
28621	858631	858631 = 2·3·5·28621 + 1
39047	859037	859037 = 2·11·39047 + 3
53693	859091	859091 = 2·2·2·2·53693 + 3
143261	859567	859567 = 2·3·143261 + 1
30707	859799	859799 = 2·2·7·30707 + 3
15937	860599	860599 = 2·3·3·3·15937 + 1
215197	860789	860789 = 2·2·215197 + 1
21529	861163	861163 = 2·2·2·5·21529 + 3
53831	861299	861299 = 2·2·2·2·53831 + 3
143573	861439	861439 = 2·3·143573 + 1
143593	861559	861559 = 2·3·143593 + 1
215399	861599	861599 = 2·2·215399 + 3
30773	861647	861647 = 2·2·7·30773 + 3
33151	861929	861929 = 2·13·33151 + 3
107747	861977	861977 = 2·2·2·107747 + 1
86201	862013	862013 = 2·5·86201 + 3
43103	862061	862061 = 2·2·5·43103 + 1
53881	862097	862097 = 2·2·2·2·53881 + 1
22691	862259	862259 = 2·19·22691 + 1
26947	862307	862307 = 2·2·2·2·2·26947 + 3
20533	862387	862387 = 2·3·7·20533 + 1
22697	862487	862487 = 2·19·22697 + 1
71881	862573	862573 = 2·2·3·71881 + 1
215681	862727	862727 = 2·2·215681 + 3
107873	862987	862987 = 2·2·2·107873 + 3
107951	863609	863609 = 2·2·2·107951 + 1
86371	863711	863711 = 2·5·86371 + 1
43189	863783	863783 = 2·2·5·43189 + 3
108013	864107	864107 = 2·2·2·108013 + 3
108037	864299	864299 = 2·2·2·108037 + 3
28817	864511	864511 = 2·3·5·28817 + 1
86453	864533	864533 = 2·5·86453 + 3
54091	865457	865457 = 2·2·2·2·54091 + 1
108233	865867	865867 = 2·2·2·108233 + 3
11393	865871	865871 = 2·2·19·11393 + 3
24061	866197	866197 = 2·2·3·3·24061 + 1
61879	866309	866309 = 2·7·61879 + 3
54151	866417	866417 = 2·2·2·2·54151 + 1
216679	866717	866717 = 2·2·216679 + 1
14947	866927	866927 = 2·29·14947 + 1
14449	866941	866941 = 2·2·3·5·14449 + 1
217057	868229	868229 = 2·2·217057 + 1
217121	868487	868487 = 2·2·217121 + 3
36187	868489	868489 = 2·2·2·3·36187 + 1
54293	868691	868691 = 2·2·2·2·54293 + 3
108587	868697	868697 = 2·2·2·108587 + 1
62057	868799	868799 = 2·7·62057 + 1
217219	868877	868877 = 2·2·217219 + 1
43451	869021	869021 = 2·2·5·43451 + 1
19759	869399	869399 = 2·2·11·19759 + 3
24151	869437	869437 = 2·2·3·3·24151 + 1
108707	869657	869657 = 2·2·2·108707 + 1
217429	869717	869717 = 2·2·217429 + 1
108727	869819	869819 = 2·2·2·108727 + 3
54409	870547	870547 = 2·2·2·2·54409 + 3
48397	871147	871147 = 2·3·3·48397 + 1
43573	871463	871463 = 2·2·5·43573 + 3
72649	871789	871789 = 2·2·3·72649 + 1
43591	871823	871823 = 2·2·5·43591 + 3
62299	872189	872189 = 2·7·62299 + 3
218137	872549	872549 = 2·2·218137 + 1
48481	872659	872659 = 2·3·3·48481 + 1
218171	872687	872687 = 2·2·218171 + 3
48497	872947	872947 = 2·3·3·48497 + 1
54601	873617	873617 = 2·2·2·2·54601 + 1
21841	873641	873641 = 2·2·2·5·21841 + 1
145681	874087	874087 = 2·3·145681 + 1
39733	874127	874127 = 2·11·39733 + 1
17483	874151	874151 = 2·5·5·17483 + 1
62459	874427	874427 = 2·7·62459 + 1
16823	874799	874799 = 2·2·13·16823 + 3
72901	874813	874813 = 2·2·3·72901 + 1
31247	874919	874919 = 2·2·7·31247 + 3
72949	875389	875389 = 2·2·3·72949 + 1
72959	875509	875509 = 2·2·3·72959 + 1
31271	875591	875591 = 2·2·7·31271 + 3
23053	876017	876017 = 2·19·23053 + 3
62581	876137	876137 = 2·7·62581 + 3
219071	876287	876287 = 2·2·219071 + 3
29243	877291	877291 = 2·3·5·29243 + 1
43867	877343	877343 = 2·2·5·43867 + 3
54851	877619	877619 = 2·2·2·2·54851 + 3
14627	877621	877621 = 2·2·3·5·14627 + 1
43889	877783	877783 = 2·2·5·43889 + 3
54869	877907	877907 = 2·2·2·2·54869 + 3
25841	878597	878597 = 2·17·25841 + 3
43943	878863	878863 = 2·2·5·43943 + 3
87887	878873	878873 = 2·5·87887 + 3
18311	878929	878929 = 2·2·2·2·3·18311 + 1
109873	878987	878987 = 2·2·2·109873 + 3
43951	879023	879023 = 2·2·5·43951 + 3
109903	879227	879227 = 2·2·2·109903 + 3
73309	879709	879709 = 2·2·3·73309 + 1
219959	879839	879839 = 2·2·219959 + 3
62851	879917	879917 = 2·7·62851 + 3
43997	879941	879941 = 2·2·5·43997 + 1
110051	880409	880409 = 2·2·2·110051 + 1
44027	880541	880541 = 2·2·5·44027 + 1
110083	880667	880667 = 2·2·2·110083 + 3
31477	881357	881357 = 2·2·7·31477 + 1
73453	881437	881437 = 2·2·3·73453 + 1
73459	881509	881509 = 2·2·3·73459 + 1
110237	881899	881899 = 2·2·2·110237 + 3
40093	882047	882047 = 2·11·40093 + 1
110273	882187	882187 = 2·2·2·110273 + 3
220589	882359	882359 = 2·2·220589 + 3
44123	882461	882461 = 2·2·5·44123 + 1
15761	882617	882617 = 2·2·2·7·15761 + 1
220807	883229	883229 = 2·2·220807 + 1
55213	883409	883409 = 2·2·2·2·55213 + 1
44189	883781	883781 = 2·2·5·44189 + 1
31567	883877	883877 = 2·2·7·31567 + 1
63149	884087	884087 = 2·7·63149 + 1
11633	884111	884111 = 2·2·19·11633 + 3
22109	884363	884363 = 2·2·2·5·22109 + 3
88469	884693	884693 = 2·5·88469 + 3
63199	884789	884789 = 2·7·63199 + 3
49157	884827	884827 = 2·3·3·49157 + 1
22129	885161	885161 = 2·2·2·5·22129 + 1
26041	885397	885397 = 2·17·26041 + 3
55339	885427	885427 = 2·2·2·2·55339 + 3
221489	885959	885959 = 2·2·221489 + 3
63299	886189	886189 = 2·7·63299 + 3
19267	886283	886283 = 2·23·19267 + 1
27697	886307	886307 = 2·2·2·2·2·27697 + 3
27701	886433	886433 = 2·2·2·2·2·27701 + 1
17053	886759	886759 = 2·2·13·17053 + 3
29573	887191	887191 = 2·3·5·29573 + 1
88843	888431	888431 = 2·5·88843 + 1
63499	888989	888989 = 2·7·63499 + 3
222311	889247	889247 = 2·2·222311 + 3
10111	889769	889769 = 2·2·2·11·10111 + 1
55619	889907	889907 = 2·2·2·2·55619 + 3
55621	889937	889937 = 2·2·2·2·55621 + 1
21193	890107	890107 = 2·3·7·21193 + 1
40487	890717	890717 = 2·11·40487 + 3
37117	890809	890809 = 2·2·2·3·37117 + 1
21211	890863	890863 = 2·3·7·21211 + 1
222731	890927	890927 = 2·2·222731 + 3
63691	891677	891677 = 2·7·63691 + 3
222941	891767	891767 = 2·2·222941 + 3
63709	891929	891929 = 2·7·63709 + 3
14869	892141	892141 = 2·2·3·5·14869 + 1
111533	892267	892267 = 2·2·2·111533 + 3
49597	892747	892747 = 2·3·3·49597 + 1
37199	892777	892777 = 2·2·2·3·37199 + 1
26261	892877	892877 = 2·17·26261 + 3
74411	892933	892933 = 2·2·3·74411 + 1
44687	893743	893743 = 2·2·5·44687 + 3
55871	893939	893939 = 2·2·2·2·55871 + 3
74509	894109	894109 = 2·2·3·74509 + 1
111767	894137	894137 = 2·2·2·111767 + 1
24841	894277	894277 = 2·2·3·3·24841 + 1
111833	894667	894667 = 2·2·2·111833 + 3
26317	894779	894779 = 2·17·26317 + 1
149173	895039	895039 = 2·3·149173 + 1
13163	895087	895087 = 2·2·17·13163 + 3
23561	895319	895319 = 2·19·23561 + 1
74611	895333	895333 = 2·2·3·74611 + 1
13567	895423	895423 = 2·3·11·13567 + 1
89561	895613	895613 = 2·5·89561 + 3
89567	895673	895673 = 2·5·89567 + 3
223939	895757	895757 = 2·2·223939 + 1
111973	895787	895787 = 2·2·2·111973 + 3
149341	896047	896047 = 2·3·149341 + 1
89611	896111	896111 = 2·5·89611 + 1
49787	896167	896167 = 2·3·3·49787 + 1
29873	896191	896191 = 2·3·5·29873 + 1
224317	897269	897269 = 2·2·224317 + 1
112163	897307	897307 = 2·2·2·112163 + 3
89759	897593	897593 = 2·5·89759 + 3
112213	897707	897707 = 2·2·2·112213 + 3
56123	897971	897971 = 2·2·2·2·56123 + 3
40823	898109	898109 = 2·11·40823 + 3
149713	898279	898279 = 2·3·149713 + 1
56167	898673	898673 = 2·2·2·2·56167 + 1
22469	898763	898763 = 2·2·2·5·22469 + 3
49937	898867	898867 = 2·3·3·49937 + 1
11831	899159	899159 = 2·2·19·11831 + 3
28109	899491	899491 = 2·2·2·2·2·28109 + 3
149953	899719	899719 = 2·3·149953 + 1
32143	900007	900007 = 2·2·7·32143 + 3
45007	900143	900143 = 2·2·5·45007 + 3
75013	900157	900157 = 2·2·3·75013 + 1
37507	900169	900169 = 2·2·2·3·37507 + 1
112573	900587	900587 = 2·2·2·112573 + 3
90067	900671	900671 = 2·5·90067 + 1
17327	901007	901007 = 2·2·13·17327 + 3
37549	901177	901177 = 2·2·2·3·37549 + 1
22541	901643	901643 = 2·2·2·5·22541 + 3
90197	901973	901973 = 2·5·90197 + 3
225499	901997	901997 = 2·2·225499 + 1
75169	902029	902029 = 2·2·3·75169 + 1
112787	902299	902299 = 2·2·2·112787 + 3
75223	902677	902677 = 2·2·3·75223 + 1
225671	902687	902687 = 2·2·225671 + 3
225839	903359	903359 = 2·2·225839 + 3
56473	903569	903569 = 2·2·2·2·56473 + 1
225919	903677	903677 = 2·2·225919 + 1
50221	903979	903979 = 2·3·3·50221 + 1
56501	904019	904019 = 2·2·2·2·56501 + 3
20549	904157	904157 = 2·2·11·20549 + 1
11027	904217	904217 = 2·41·11027 + 3
45233	904661	904661 = 2·2·5·45233 + 1
75391	904693	904693 = 2·2·3·75391 + 1
90473	904733	904733 = 2·5·90473 + 3
41143	905147	905147 = 2·11·41143 + 1
90529	905291	905291 = 2·5·90529 + 1
64667	905339	905339 = 2·7·64667 + 1
18119	905951	905951 = 2·5·5·18119 + 1
45317	906343	906343 = 2·2·5·45317 + 3
226799	907199	907199 = 2·2·226799 + 3
151213	907279	907279 = 2·3·151213 + 1
226991	907967	907967 = 2·2·226991 + 3
64871	908197	908197 = 2·7·64871 + 3
90821	908213	908213 = 2·5·90821 + 3
15137	908221	908221 = 2·2·3·5·15137 + 1
17467	908287	908287 = 2·2·13·17467 + 3
113567	908539	908539 = 2·2·2·113567 + 3
227189	908759	908759 = 2·2·227189 + 3
90907	909071	909071 = 2·5·90907 + 1
37897	909529	909529 = 2·2·2·3·37897 + 1
227399	909599	909599 = 2·2·227399 + 3
113723	909787	909787 = 2·2·2·113723 + 3
56873	909971	909971 = 2·2·2·2·56873 + 3
32507	910199	910199 = 2·2·7·32507 + 3
113777	910219	910219 = 2·2·2·113777 + 3
45553	911063	911063 = 2·2·5·45553 + 3
227789	911159	911159 = 2·2·227789 + 3
113903	911227	911227 = 2·2·2·113903 + 3
22783	911321	911321 = 2·2·2·5·22783 + 1
113957	911657	911657 = 2·2·2·113957 + 1
41443	911749	911749 = 2·11·41443 + 3
227989	911957	911957 = 2·2·227989 + 1
28499	911969	911969 = 2·2·2·2·2·28499 + 1
76039	912469	912469 = 2·2·3·76039 + 1
41479	912539	912539 = 2·11·41479 + 1
152093	912559	912559 = 2·3·152093 + 1
50707	912727	912727 = 2·3·3·50707 + 1
76081	912973	912973 = 2·2·3·76081 + 1
228311	913247	913247 = 2·2·228311 + 3
20759	913397	913397 = 2·2·11·20759 + 1
24043	913637	913637 = 2·19·24043 + 3
65267	913739	913739 = 2·7·65267 + 1
228559	914237	914237 = 2·2·228559 + 1
65309	914327	914327 = 2·7·65309 + 1
18287	914351	914351 = 2·5·5·18287 + 1
91459	914591	914591 = 2·5·91459 + 1
22871	914843	914843 = 2·2·2·5·22871 + 3
152501	915007	915007 = 2·3·152501 + 1
114377	915017	915017 = 2·2·2·114377 + 1
45757	915143	915143 = 2·2·5·45757 + 3
65371	915197	915197 = 2·7·65371 + 3
152533	915199	915199 = 2·3·152533 + 1
228869	915479	915479 = 2·2·228869 + 3
9161	916103	916103 = 2·2·5·5·9161 + 3
229027	916109	916109 = 2·2·229027 + 1
13093	916511	916511 = 2·5·7·13093 + 1
15277	916621	916621 = 2·2·3·5·15277 + 1
152833	916999	916999 = 2·3·152833 + 1
18341	917053	917053 = 2·5·5·18341 + 3
229459	917837	917837 = 2·2·229459 + 1
35311	918089	918089 = 2·13·35311 + 3
57383	918131	918131 = 2·2·2·2·57383 + 3
76561	918733	918733 = 2·2·3·76561 + 1
229739	918959	918959 = 2·2·229739 + 3
45953	919063	919063 = 2·2·5·45953 + 3
76679	920149	920149 = 2·2·3·76679 + 1
230239	920957	920957 = 2·2·230239 + 1
92297	922973	922973 = 2·5·92297 + 3
38459	923017	923017 = 2·2·2·3·38459 + 1
153841	923047	923047 = 2·3·153841 + 1
230827	923309	923309 = 2·2·230827 + 1
92333	923333	923333 = 2·5·92333 + 3
65957	923399	923399 = 2·7·65957 + 1
153953	923719	923719 = 2·3·153953 + 1
46199	923983	923983 = 2·2·5·46199 + 3
231131	924527	924527 = 2·2·231131 + 3
57791	924659	924659 = 2·2·2·2·57791 + 3
24337	924809	924809 = 2·19·24337 + 3
154181	925087	925087 = 2·3·154181 + 1
115637	925097	925097 = 2·2·2·115637 + 1
77093	925117	925117 = 2·2·3·77093 + 1
115663	925307	925307 = 2·2·2·115663 + 3
231367	925469	925469 = 2·2·231367 + 1
24371	926099	926099 = 2·19·24371 + 1
154373	926239	926239 = 2·3·154373 + 1
23173	926921	926921 = 2·2·2·5·23173 + 1
77269	927229	927229 = 2·2·3·77269 + 1
231821	927287	927287 = 2·2·231821 + 3
154573	927439	927439 = 2·3·154573 + 1
92779	927791	927791 = 2·5·92779 + 1
66347	928859	928859 = 2·7·66347 + 1
66359	929029	929029 = 2·7·66359 + 3
29033	929057	929057 = 2·2·2·2·2·29033 + 1
22133	929587	929587 = 2·3·7·22133 + 1
116201	929609	929609 = 2·2·2·116201 + 1
232409	929639	929639 = 2·2·232409 + 3
51647	929647	929647 = 2·3·3·51647 + 1
232567	930269	930269 = 2·2·232567 + 1
116411	931289	931289 = 2·2·2·116411 + 1
58207	931313	931313 = 2·2·2·2·58207 + 1
116423	931387	931387 = 2·2·2·116423 + 3
232871	931487	931487 = 2·2·232871 + 3
66541	931577	931577 = 2·7·66541 + 3
93169	931691	931691 = 2·5·93169 + 1
23311	932441	932441 = 2·2·2·5·23311 + 1
233141	932567	932567 = 2·2·233141 + 3
93329	933293	933293 = 2·5·93329 + 3
116687	933497	933497 = 2·2·2·116687 + 1
23339	933563	933563 = 2·2·2·5·23339 + 3
116747	933979	933979 = 2·2·2·116747 + 3
38917	934009	934009 = 2·2·2·3·38917 + 1
35933	934259	934259 = 2·13·35933 + 1
93479	934793	934793 = 2·5·93479 + 3
35969	935197	935197 = 2·13·35969 + 3
21269	935839	935839 = 2·2·11·21269 + 3
234029	936119	936119 = 2·2·234029 + 3
16141	936179	936179 = 2·29·16141 + 1
52027	936487	936487 = 2·3·3·52027 + 1
234139	936557	936557 = 2·2·234139 + 1
234161	936647	936647 = 2·2·234161 + 3
78059	936709	936709 = 2·2·3·78059 + 1
66919	936869	936869 = 2·7·66919 + 3
39043	937033	937033 = 2·2·2·3·39043 + 1
29287	937187	937187 = 2·2·2·2·2·29287 + 3
117167	937337	937337 = 2·2·2·117167 + 1
58693	939089	939089 = 2·2·2·2·58693 + 1
67079	939109	939109 = 2·7·67079 + 3
234791	939167	939167 = 2·2·234791 + 3
58711	939377	939377 = 2·2·2·2·58711 + 1
93979	939791	939791 = 2·5·93979 + 1
234959	939839	939839 = 2·2·234959 + 3
156641	939847	939847 = 2·3·156641 + 1
33577	940157	940157 = 2·2·7·33577 + 1
23509	940361	940361 = 2·2·2·5·23509 + 1
156733	940399	940399 = 2·3·156733 + 1
4799	940607	940607 = 2·2·7·7·4799 + 3
15173	940727	940727 = 2·31·15173 + 1
33601	940829	940829 = 2·2·7·33601 + 1
94109	941093	941093 = 2·5·94109 + 3
235289	941159	941159 = 2·2·235289 + 3
23539	941561	941561 = 2·2·2·5·23539 + 1
39239	941737	941737 = 2·2·2·3·39239 + 1
157013	942079	942079 = 2·3·157013 + 1
157061	942367	942367 = 2·3·157061 + 1
21419	942437	942437 = 2·2·11·21419 + 1
23563	942521	942521 = 2·2·2·5·23563 + 1
58943	943091	943091 = 2·2·2·2·58943 + 3
58963	943409	943409 = 2·2·2·2·58963 + 1
67391	943477	943477 = 2·7·67391 + 3
117937	943499	943499 = 2·2·2·117937 + 3
94351	943511	943511 = 2·5·94351 + 1
13877	943637	943637 = 2·2·17·13877 + 1
117977	943819	943819 = 2·2·2·117977 + 3
31469	944071	944071 = 2·3·5·31469 + 1
59011	944179	944179 = 2·2·2·2·59011 + 3
36319	944297	944297 = 2·13·36319 + 3
42923	944309	944309 = 2·11·42923 + 3
59029	944467	944467 = 2·2·2·2·59029 + 3
18899	944953	944953 = 2·5·5·18899 + 3
94529	945293	945293 = 2·5·94529 + 3
31511	945331	945331 = 2·3·5·31511 + 1
20551	945349	945349 = 2·23·20551 + 3
13907	945677	945677 = 2·2·17·13907 + 1
39409	945817	945817 = 2·2·2·3·39409 + 1
94603	946031	946031 = 2·5·94603 + 1
67577	946079	946079 = 2·7·67577 + 1
21503	946133	946133 = 2·2·11·21503 + 1
19717	946417	946417 = 2·2·2·2·3·19717 + 1
94651	946511	946511 = 2·5·94651 + 1
67619	946669	946669 = 2·7·67619 + 3
59183	946931	946931 = 2·2·2·2·59183 + 3
118373	946987	946987 = 2·2·2·118373 + 3
236749	946997	946997 = 2·2·236749 + 1
118463	947707	947707 = 2·2·2·118463 + 3
36451	947729	947729 = 2·13·36451 + 3
67709	947927	947927 = 2·7·67709 + 1
237071	948287	948287 = 2·2·237071 + 3
67751	948517	948517 = 2·7·67751 + 3
118673	949387	949387 = 2·2·2·118673 + 3
39563	949513	949513 = 2·2·2·3·39563 + 1
237379	949517	949517 = 2·2·237379 + 1
67829	949607	949607 = 2·7·67829 + 1
17597	950239	950239 = 2·3·3·3·17597 + 1
13577	950393	950393 = 2·5·7·13577 + 3
43201	950423	950423 = 2·11·43201 + 1
95093	950933	950933 = 2·5·95093 + 3
79273	951277	951277 = 2·2·3·79273 + 1
25037	951407	951407 = 2·19·25037 + 1
237911	951647	951647 = 2·2·237911 + 3
95189	951893	951893 = 2·5·95189 + 3
95191	951911	951911 = 2·5·95191 + 1
79333	951997	951997 = 2·2·3·79333 + 1
52901	952219	952219 = 2·3·3·52901 + 1
95231	952313	952313 = 2·5·95231 + 3
238109	952439	952439 = 2·2·238109 + 3
68059	952829	952829 = 2·7·68059 + 3
39703	952873	952873 = 2·2·2·3·39703 + 1
36653	952979	952979 = 2·13·36653 + 1
18329	953111	953111 = 2·2·13·18329 + 3
95327	953273	953273 = 2·5·95327 + 3
59581	953297	953297 = 2·2·2·2·59581 + 1
23833	953321	953321 = 2·2·2·5·23833 + 1
119267	954139	954139 = 2·2·2·119267 + 3
47713	954263	954263 = 2·2·5·47713 + 3
238759	955037	955037 = 2·2·238759 + 1
59707	955313	955313 = 2·2·2·2·59707 + 1
47777	955541	955541 = 2·2·5·47777 + 1
34129	955613	955613 = 2·2·7·34129 + 1
21737	956429	956429 = 2·2·11·21737 + 1
19139	956951	956951 = 2·5·5·19139 + 1
79823	957877	957877 = 2·2·3·79823 + 1
43543	957949	957949 = 2·11·43543 + 3
159673	958039	958039 = 2·3·159673 + 1
53231	958159	958159 = 2·3·3·53231 + 1
59887	958193	958193 = 2·2·2·2·59887 + 1
23971	958843	958843 = 2·2·2·5·23971 + 3
47969	959383	959383 = 2·2·5·47969 + 3
119953	959627	959627 = 2·2·2·119953 + 3
10667	960031	960031 = 2·3·3·5·10667 + 1
68581	960137	960137 = 2·7·68581 + 3
96017	960173	960173 = 2·5·96017 + 3
160033	960199	960199 = 2·3·160033 + 1
40009	960217	960217 = 2·2·2·3·40009 + 1
48017	960341	960341 = 2·2·5·48017 + 1
30013	960419	960419 = 2·2·2·2·2·30013 + 3
60037	960593	960593 = 2·2·2·2·60037 + 1
53411	961399	961399 = 2·3·3·53411 + 1
28279	961487	961487 = 2·17·28279 + 1
60101	961619	961619 = 2·2·2·2·60101 + 3
68699	961789	961789 = 2·7·68699 + 3
120283	962267	962267 = 2·2·2·120283 + 3
48131	962623	962623 = 2·2·5·48131 + 3
80239	962869	962869 = 2·2·3·80239 + 1
32099	962971	962971 = 2·3·5·32099 + 1
48157	963143	963143 = 2·2·5·48157 + 3
80279	963349	963349 = 2·2·3·80279 + 1
241049	964199	964199 = 2·2·241049 + 3
60271	964339	964339 = 2·2·2·2·60271 + 3
120563	964507	964507 = 2·2·2·120563 + 3
120587	964697	964697 = 2·2·2·120587 + 1
241207	964829	964829 = 2·2·241207 + 1
21929	964879	964879 = 2·2·11·21929 + 3
160841	965047	965047 = 2·3·160841 + 1
34471	965189	965189 = 2·2·7·34471 + 1
80473	965677	965677 = 2·2·3·80473 + 1
80491	965893	965893 = 2·2·3·80491 + 1
48299	965983	965983 = 2·2·5·48299 + 3
18587	966527	966527 = 2·2·13·18587 + 3
53717	966907	966907 = 2·3·3·53717 + 1
40289	966937	966937 = 2·2·2·3·40289 + 1
96697	966971	966971 = 2·5·96697 + 1
21977	966991	966991 = 2·2·11·21977 + 3
37201	967229	967229 = 2·13·37201 + 3
120907	967259	967259 = 2·2·2·120907 + 3
96739	967391	967391 = 2·5·96739 + 1
96749	967493	967493 = 2·5·96749 + 3
48383	967663	967663 = 2·2·5·48383 + 3
120977	967819	967819 = 2·2·2·120977 + 3
242059	968237	968237 = 2·2·242059 + 1
48413	968263	968263 = 2·2·5·48413 + 3
242129	968519	968519 = 2·2·242129 + 3
22013	968573	968573 = 2·2·11·22013 + 1
96911	969113	969113 = 2·5·96911 + 3
121157	969259	969259 = 2·2·2·121157 + 3
48473	969461	969461 = 2·2·5·48473 + 1
69257	969599	969599 = 2·7·69257 + 1
15643	969869	969869 = 2·31·15643 + 3
48563	971263	971263 = 2·2·5·48563 + 3
97151	971513	971513 = 2·5·97151 + 3
97169	971693	971693 = 2·5·97169 + 3
121487	971899	971899 = 2·2·2·121487 + 3
243011	972047	972047 = 2·2·243011 + 3
243101	972407	972407 = 2·2·243101 + 3
24317	972683	972683 = 2·2·2·5·24317 + 3
30403	972899	972899 = 2·2·2·2·2·30403 + 3
40543	973033	973033 = 2·2·2·3·40543 + 1
121661	973289	973289 = 2·2·2·121661 + 1
97369	973691	973691 = 2·5·97369 + 1
81163	973957	973957 = 2·2·3·81163 + 1
17393	974009	974009 = 2·2·2·7·17393 + 1
243539	974159	974159 = 2·2·243539 + 3
97459	974591	974591 = 2·5·97459 + 1
60919	974707	974707 = 2·2·2·2·60919 + 3
16253	975181	975181 = 2·2·3·5·16253 + 1
48767	975343	975343 = 2·2·5·48767 + 3
60961	975379	975379 = 2·2·2·2·60961 + 3
48779	975581	975581 = 2·2·5·48779 + 1
121967	975739	975739 = 2·2·2·121967 + 3
30497	975907	975907 = 2·2·2·2·2·30497 + 3
97609	976091	976091 = 2·5·97609 + 1
81343	976117	976117 = 2·2·3·81343 + 1
81359	976309	976309 = 2·2·3·81359 + 1
244159	976637	976637 = 2·2·244159 + 1
244177	976709	976709 = 2·2·244177 + 1
244199	976799	976799 = 2·2·244199 + 3
61051	976817	976817 = 2·2·2·2·61051 + 1
69779	976909	976909 = 2·7·69779 + 3
27143	977149	977149 = 2·2·3·3·27143 + 1
54287	977167	977167 = 2·3·3·54287 + 1
81439	977269	977269 = 2·2·3·81439 + 1
162901	977407	977407 = 2·3·162901 + 1
69829	977609	977609 = 2·7·69829 + 3
244567	978269	978269 = 2·2·244567 + 1
244589	978359	978359 = 2·2·244589 + 3
97841	978413	978413 = 2·5·97841 + 3
244619	978479	978479 = 2·2·244619 + 3
122321	978569	978569 = 2·2·2·122321 + 1
122363	978907	978907 = 2·2·2·122363 + 3
69931	979037	979037 = 2·7·69931 + 3
245029	980117	980117 = 2·2·245029 + 1
61261	980179	980179 = 2·2·2·2·61261 + 3
163433	980599	980599 = 2·3·163433 + 1
245269	981077	981077 = 2·2·245269 + 1
28859	981209	981209 = 2·17·28859 + 3
245321	981287	981287 = 2·2·245321 + 3
70139	981947	981947 = 2·7·70139 + 1
49103	982063	982063 = 2·2·5·49103 + 3
98213	982133	982133 = 2·5·98213 + 3
49109	982183	982183 = 2·2·5·49109 + 3
49117	982343	982343 = 2·2·5·49117 + 3
245639	982559	982559 = 2·2·245639 + 3
163781	982687	982687 = 2·3·163781 + 1
37799	982777	982777 = 2·13·37799 + 3
70199	982789	982789 = 2·7·70199 + 3
245711	982847	982847 = 2·2·245711 + 3
245741	982967	982967 = 2·2·245741 + 3
32771	983131	983131 = 2·3·5·32771 + 1
81931	983173	983173 = 2·2·3·81931 + 1
30727	983267	983267 = 2·2·2·2·2·30727 + 3
32779	983371	983371 = 2·3·5·32779 + 1
163901	983407	983407 = 2·3·163901 + 1
12941	983519	983519 = 2·2·19·12941 + 3
245899	983597	983597 = 2·2·245899 + 1
98377	983771	983771 = 2·5·98377 + 1
82003	984037	984037 = 2·2·3·82003 + 1
123007	984059	984059 = 2·2·2·123007 + 3
61519	984307	984307 = 2·2·2·2·61519 + 3
17579	984427	984427 = 2·2·2·7·17579 + 3
24623	984923	984923 = 2·2·2·5·24623 + 3
44773	985007	985007 = 2·11·44773 + 1
23459	985279	985279 = 2·3·7·23459 + 1
61583	985331	985331 = 2·2·2·2·61583 + 3
164233	985399	985399 = 2·3·164233 + 1
123191	985529	985529 = 2·2·2·123191 + 1
98561	985613	985613 = 2·5·98561 + 3
164341	986047	986047 = 2·3·164341 + 1
49307	986143	986143 = 2·2·5·49307 + 3
35221	986189	986189 = 2·2·7·35221 + 1
70459	986429	986429 = 2·7·70459 + 3
246731	986927	986927 = 2·2·246731 + 3
164513	987079	987079 = 2·3·164513 + 1
123527	988217	988217 = 2·2·2·123527 + 1
41179	988297	988297 = 2·2·2·3·41179 + 1
30893	988577	988577 = 2·2·2·2·2·30893 + 1
26017	988649	988649 = 2·19·26017 + 3
44939	988661	988661 = 2·11·44939 + 3
98873	988733	988733 = 2·5·98873 + 3
247369	989477	989477 = 2·2·247369 + 1
27487	989533	989533 = 2·2·3·3·27487 + 1
247421	989687	989687 = 2·2·247421 + 3
12377	990163	990163 = 2·2·2·2·5·12377 + 3
247729	990917	990917 = 2·2·247729 + 1
247781	991127	991127 = 2·2·247781 + 3
49559	991181	991181 = 2·2·5·49559 + 1
82619	991429	991429 = 2·2·3·82619 + 1
99149	991493	991493 = 2·5·99149 + 3
35419	991733	991733 = 2·2·7·35419 + 1
123983	991867	991867 = 2·2·2·123983 + 3
99223	992231	992231 = 2·5·99223 + 1
70879	992309	992309 = 2·7·70879 + 3
31019	992609	992609 = 2·2·2·2·2·31019 + 1
165533	993199	993199 = 2·3·165533 + 1
49667	993341	993341 = 2·2·5·49667 + 1
248351	993407	993407 = 2·2·248351 + 3
124183	993467	993467 = 2·2·2·124183 + 3
21599	993557	993557 = 2·23·21599 + 3
55217	993907	993907 = 2·3·3·55217 + 1
165673	994039	994039 = 2·3·165673 + 1
21613	994199	994199 = 2·23·21613 + 1
99439	994391	994391 = 2·5·99439 + 1
248639	994559	994559 = 2·2·248639 + 3
82903	994837	994837 = 2·2·3·82903 + 1
35531	994871	994871 = 2·2·7·35531 + 3
248737	994949	994949 = 2·2·248737 + 1
248779	995117	995117 = 2·2·248779 + 1
248887	995549	995549 = 2·2·248887 + 1
49783	995663	995663 = 2·2·5·49783 + 3
248981	995927	995927 = 2·2·248981 + 3
83009	996109	996109 = 2·2·3·83009 + 1
124541	996329	996329 = 2·2·2·124541 + 1
99643	996431	996431 = 2·5·99643 + 1
71237	997319	997319 = 2·7·71237 + 1
26251	997541	997541 = 2·19·26251 + 3
45343	997547	997547 = 2·11·45343 + 1
23753	997627	997627 = 2·3·7·23753 + 1
249517	998069	998069 = 2·2·249517 + 1
38393	998219	998219 = 2·13·38393 + 1
62401	998419	998419 = 2·2·2·2·62401 + 3
27743	998749	998749 = 2·2·3·3·27743 + 1
99881	998813	998813 = 2·5·99881 + 3
49943	998861	998861 = 2·2·5·49943 + 1
41627	999049	999049 = 2·2·2·3·41627 + 1
249859	999437	999437 = 2·2·249859 + 1
41647	999529	999529 = 2·2·2·3·41647 + 1
24989	999563	999563 = 2·2·2·5·24989 + 3
99961	999611	999611 = 2·5·99961 + 1
249989	999959	999959 = 2·2·249989 + 3
